,0,1,2,3,4,5,6,7,8,9,10,11,12,13,14,15,16,17,18,19,20,21,22,23,24,25,26,27,28,29,30,31,32,33,34,35,36,37,38,39,40,41,42,43,44,45,46,47,48,49,50,51,52,53,54,55,56,57,58,59,60,61,62,63,64,65,66,67,68,69,70,71,72,73,74,75,76,77,78,79,80,81,82,83,84,85,86,87,88,89,90,91,92,93,94,95,96,97,98,99,100,101,102,103,104,105,106,107,108,109,110,111,112,113,114,115,116,117,118,119,120,121,122,123,124,125,126,127,128,129,130,131,132,133,134,135,136,137,138,139,140,141,142,143,144,145,146,147,148,149,150,151,152,153,154,155,156,157,158,159,160,161,162,163,164,165,166,167,168,169,170,171,172,173,174,175,176,177,178,179,180,181,182,183,184,185,186,187,188,189,190,191,192,193,194,195,196,197,198,199,200,201,202,203,204,205,206,207,208,209,210,211,212,213,214,215,216,217,218,219,220,221,222,223,224,225,226,227,228,229,230,231,232,233,234,235,236,237,238,239,240,241,242,243,244,245,246,247,248,249,250,251,252,253,254,255,256,257,258,259,260,261,262,263,264,265,266,267,268,269,270,271,272,273,274,275,276,277,278,279,280,281,282,283,284,285,286,287,288,289,290,291,292,293,294,295,296,297,298,299,300,301,302,303,304,305,306,307,308,309,310,311
0,344357,177130,370299,66278,492941,371276,511886,160168,285305,370506,380137,140006,120473,383957,304663,364635,405876,355353,269026,256129,121851,26206,136902,291277,257944,226163,66683,248170,260997,219181,441326,22553,467807,361913,519754,479595,512247,275785,423340,399771,5361,290418,443348,219135,439360,457803,93349,478215,4712,172197,464435,284753,285573,365352,68978,5991,223455,13042,287852,130975,473587,191119,372556,131737,362532,401280,286354,448707,232403,194270,356755,135729,517235,244005,482723,484723,385033,34647,275923,478907,445232,401038,121662,85460,120723,453673,381539,122038,414044,414258,41681,473993,492319,305011,473550,22509,483391,229534,517489,247234,472980,376023,520985,348364,219874,374664,516101,132845,401130,92505,157075,371645,332,206423,242161,130561,214137,414861,428108,115943,29219,218793,333946,378543,239055,96668,358323,4270,422303,471464,335085,229424,482140,108718,67167,257792,136430,144551,121363,251821,464513,435249,447442,351559,214715,402308,88443,378369,461714,334615,233102,55167,403538,272226,421065,268192,418388,466957,105839,8533,177861,443121,218737,362739,110640,415739,364076,482255,305422,159026,228390,261532,478255,516458,239650,159802,267912,170071,493457,35310,86606,157618,136688,447690,417226,206273,242595,162069,33832,325277,153832,99429,517556,138217,107558,223139,435162,401726,352634,373147,473498,454993,371664,354267,447572,42350,148812,335042,57736,333742,300121,437241,493079,505508,483445,56961,468562,101217,407617,40286,493199,203882,390585,196919,300458,236996,468417,89280,219228,392797,374761,371003,256332,289374,248799,177599,443246,421562,225306,443041,275695,195045,305214,478673,20387,451536,511005,74846,430019,86456,86761,349695,360127,247143,294967,24460,335353,435306,390913,6450,420900,131463,502458,151031,434553,528,462703,85635,290368,146625,187475,265622,465155,40728,217952,361491,207042,244189,344260,172628,137141,322450,518272,123838,83339,362879,67168,348376,388848,424246,20945,194928,111410,111737,503231,64823,511794,297862,508534,65228,252420,188304,216163,74663,195183,406173,213208,258173,333948,490362,88269,481130
1,22961,371276,66278,370299,304663,177130,285305,370506,512247,112448,110640,124246,473550,160168,5991,374664,511886,355353,364635,325277,121662,111500,383957,376023,405876,121363,380137,140006,115481,4712,66683,248170,473587,372422,219181,269026,275785,34647,482140,15079,122038,471464,186334,285794,439360,516458,519754,371989,361913,464435,373644,284753,290418,375022,528,365352,22509,418388,136902,457803,265032,443348,203882,117660,136430,285573,22553,475952,448707,54948,239055,223455,50987,511794,260997,43569,135729,218793,106164,193950,272226,191119,401038,120723,493963,25339,445232,222661,358323,512003,439543,414044,492319,52303,130561,289374,96668,234709,89636,160888,214137,453673,454714,225306,172280,219135,520985,136468,399771,473465,138796,187475,328720,402308,367816,375998,4270,332,355148,287852,120473,92505,493457,32053,86606,428108,370750,438942,493079,333946,131737,251067,88269,425896,492941,41681,136377,107682,421221,451394,88443,219874,108718,286354,356755,273376,362532,477643,177578,203770,42350,251821,482752,236996,491871,196919,407118,407412,300458,397070,232403,325995,271666,142601,360822,66958,68117,245007,206273,428460,302357,406173,261532,478255,228390,224176,238093,35310,334615,185178,233102,425945,296302,203708,352634,233447,286458,57736,274875,493199,218737,335353,511122,473275,454993,86456,424246,56961,378543,401726,93349,371664,257011,136609,430019,457832,131604,305113,204000,135783,256870,437241,415739,71772,406416,187592,131099,101217,476130,452411,38053,248799,67167,410322,389160,95876,31833,265029,399628,221362,392797,256129,127288,132286,9146,373715,219228,184773,157075,390913,194270,275339,405244,195045,11545,521256,300121,20387,296375,77282,376454,504134,366370,85460,310711,23552,188777,325432,519824,77976,310723,216407,291277,435306,369501,348376,447572,514176,195663,420900,462703,290368,11561,421065,144551,242595,256006,172197,492505,270462,225044,344260,265622,474337,325338,360127,516101,284807,137141,162006,87394,67168,279632,307892,370451,421562,270048,208773,427701,327525,303661,111737,482255,271082,454958,74846,443246,383079,177861,515427,447442,111014
2,162549,370299,371276,464435,364635,160168,66278,511886,356755,383957,370506,123930,269026,110640,304663,264374,285305,355353,380137,374664,5991,325277,75354,376023,4712,22553,473587,251067,244005,157075,66683,248170,305680,512247,492319,15079,219181,360127,252716,186334,122038,275785,405876,86761,121662,290368,226476,482140,177130,115943,361913,371989,284753,172197,473550,290418,22509,136902,285573,149958,305011,435306,54948,127288,300121,136430,511794,443348,56501,492941,291277,484723,135729,218793,335353,379356,362532,471464,64261,445232,106164,333742,287852,380410,191119,401038,517489,358323,85460,439360,477889,478907,239055,53171,414044,448707,332,453673,135783,138796,203805,421221,225306,284616,289374,219135,86606,520985,136468,399771,4270,225044,34647,512003,214137,220429,414258,279350,355272,120473,8192,435249,32053,457832,493457,375998,33126,392797,428108,351559,493079,466957,48065,130561,378543,425896,264976,454714,482723,238879,474322,108718,188798,286354,77282,121363,517556,251821,373147,273763,236686,478215,203708,358495,256567,445438,310711,131737,219874,481834,221362,443121,400771,425945,218737,390585,399628,362028,469587,447442,242161,232254,56961,460986,350632,296302,136688,354267,93349,381277,328720,346506,454993,287322,54282,302357,515488,138217,401726,366370,514989,284807,360902,131099,305422,230007,447572,428460,268192,407118,234997,118822,475800,493963,447683,187592,232403,467807,407617,214644,203882,493199,89092,261532,256129,188777,95876,256798,190061,516458,272226,144551,299433,287157,219228,186060,473732,58020,390913,405244,458372,420900,413947,481545,112166,160888,421562,67167,371381,245007,260681,178461,430019,478255,162006,260997,482752,160554,504134,72497,236996,24460,407412,122167,362489,363525,296375,52303,418388,151031,321206,511122,421065,187317,177861,17656,220247,421600,187475,349985,40728,367816,462703,344260,216163,399552,402987,265029,332647,325338,374761,434509,67168,87394,111014,35310,406329,465155,362517,478557,517481,482255,280302,517019,74846,147592,482742,206397,443246,194928,402031,365352,235564,402217,1651,195183,495376,528,515427,319565,258578,141404
3,267045,370299,177130,66278,370506,371276,356755,285305,383957,304663,115481,471464,160168,172197,124246,127288,511886,380137,5991,110640,405876,325277,355353,4712,477889,473587,376023,273059,374664,66683,467807,112448,512247,494585,248170,219181,31321,122038,275785,122273,305422,360127,260997,443348,373644,5361,371381,269026,511122,299418,364635,464435,361913,365352,284753,285573,254679,22509,136902,130975,203882,291277,111500,482140,395303,4270,516458,54948,448707,326010,239055,511794,111600,221549,492941,135729,287852,47698,110581,285794,401038,358323,218793,428647,445232,279426,294967,131737,360902,414044,160888,478796,332,415139,473550,330813,492319,355148,96668,375998,370750,219135,14773,107682,517489,236782,520985,493079,399771,453673,328720,58020,438942,256798,139042,7382,49351,120473,138796,493199,214137,130561,478907,418388,238879,32053,286354,92505,279350,437087,106164,207042,86606,493457,484723,425896,378543,517481,362255,213208,515005,478215,121363,189493,136430,296375,213081,6876,251821,389160,462703,435162,245007,447175,407118,513816,66958,362532,271666,289618,393780,443121,218737,20945,302357,68117,353195,465155,206273,323007,331099,460986,406173,478255,256129,267912,56961,224176,52303,478148,57736,268192,203708,93349,286458,322450,471565,196919,523104,454993,445438,275923,428108,89280,232403,146766,214715,48065,468145,373147,449277,394684,131604,415739,437241,430019,279632,383651,187592,34647,286590,461714,491871,38711,275695,89636,188777,31833,442476,203805,191291,225306,11545,272226,242595,273763,362028,220475,157075,435995,361921,35310,194270,135783,405244,420900,42350,402002,300121,477643,443246,335353,87394,195045,159144,421562,229534,94233,182366,85460,373158,160554,144211,325432,406329,380777,514989,287322,191086,218682,355272,362739,447572,151031,434553,202427,256332,492505,256006,144551,171383,144976,177861,214552,275339,101215,361491,233102,414861,270462,344260,111014,369383,236996,244005,321206,162006,67168,168664,95876,336544,92355,476933,299433,123838,468417,111737,482255,86682,500722,310711,74846,519824,515427,250963,106050,518222,399628,447442,258578,462958,349996
4,215977,371276,66278,370299,399771,464435,160168,511886,364635,512247,380137,314607,31321,304663,120473,265032,140006,124246,376023,285305,355353,275785,269026,225044,443041,383957,4712,111696,244005,121363,478907,66683,325277,297862,248170,370506,310723,219181,471464,186334,122038,473587,405876,435306,422303,370750,294967,58020,52303,317306,361913,177130,248249,443348,284753,135729,130975,518103,291277,457832,131737,284616,457803,191119,219135,492688,10297,4270,218793,479387,127288,239055,260997,511794,445232,117660,516950,139042,375998,236782,86606,448707,53171,380410,428647,111299,358323,136902,517489,362532,111500,414044,519754,492319,42350,453673,146212,172197,328129,219874,247234,22509,232403,225306,38053,520985,159026,493079,374664,320766,110640,333742,214137,482140,473550,435249,261532,264942,328222,470323,32053,329416,478255,448829,130561,189158,385033,401038,392797,333946,493457,478673,484723,146625,195045,93349,219376,378543,268192,425896,476556,259093,187286,296375,305011,236686,136430,356755,314011,378100,32581,447442,332,515005,323944,364076,407412,136688,40272,271666,154596,264976,275695,399628,116689,415739,302435,302357,204000,247749,289374,220429,206519,32722,421221,482255,48065,296302,245007,275923,218737,335353,144551,421065,487987,86456,462703,493199,25339,428108,96668,506559,402031,170071,69530,245976,300121,32998,447572,285573,459113,430019,45255,340696,107682,328747,407617,357328,435162,213688,289985,491871,31833,468417,516458,346506,272226,475041,9146,206273,219228,221362,35310,56961,194270,118822,421316,390913,305422,123838,492505,413947,191086,421562,353195,296657,461714,325809,1567,229534,136609,74846,417226,85460,160554,456633,504134,186585,443121,242595,360127,290368,112746,486727,6450,406416,418388,434553,404077,115943,528,24460,157075,402308,131099,477643,131675,187475,465155,226476,188777,236996,241567,344260,474337,96134,265029,111014,420900,87394,300458,241454,67168,454993,350632,498980,415250,454958,502802,424246,111737,268158,93482,213661,224176,365352,75308,206397,201166,437241,495376,258173,131604,203882,45225,248799,217666,92914,104800,77184,516101,84140
5,470478,371276,370299,66278,464435,399771,160168,512247,302622,380137,66683,31321,5991,495376,110640,445232,294967,443041,127288,376023,265032,335353,383957,121662,401038,473587,325277,285305,517019,4712,115481,356755,492319,269026,515336,370506,293418,248170,219181,482140,244005,519754,360127,405876,122038,275785,285794,305011,299418,364635,177130,361913,328129,172197,284753,443348,191119,10297,22509,290368,135729,111600,227733,256058,471464,4270,484723,239055,57736,492688,325582,492941,291277,203882,86761,511794,304663,244332,333742,236782,268192,317342,380410,286354,477889,430019,136902,503330,448707,439360,10153,358323,511886,453673,364076,135783,157075,219135,330813,392797,332,352523,37835,328720,421221,520985,374664,493079,67190,136468,279350,473550,203805,218793,32053,214137,120473,8192,96668,435249,212942,138796,375998,478255,428108,9146,493199,101217,92505,111500,106164,493457,136430,157099,378543,315608,425896,146212,346506,159026,185049,515005,373147,121363,314011,362532,296375,235564,238879,421890,34647,428268,23795,95876,435162,522446,131737,136688,345367,218737,512003,225044,302435,124246,85670,414044,406173,305422,67167,204000,203708,369925,256129,120130,228390,224176,48065,443121,445438,111737,462703,93349,322793,417499,471565,300121,302357,86456,138217,106050,261532,480625,232403,517489,474531,371664,285573,230889,194270,35310,326010,263207,131604,232254,437241,230856,471542,249642,477643,407617,482723,390585,196919,473275,188777,31833,468417,272226,454714,242595,451659,362028,219228,144551,149434,516730,98557,390913,329416,420900,117660,114661,267912,371717,110581,77282,229967,381505,260997,478557,158710,377388,516458,504134,214644,328639,486613,179524,245007,492618,235429,501569,482752,256006,287322,514989,457803,137455,447572,390809,418388,173644,402002,333948,187475,188711,40728,236996,361491,233102,270462,300458,344260,275695,159144,399628,465155,348086,355353,371381,212156,201166,301177,87394,143715,454993,476933,33126,73300,89280,187317,303661,482255,86682,364122,136609,472980,24460,74846,67168,287157,421562,251556,43569,515427,447442,106708,258173,406609,455050,219376,220247
6,316055,370299,66278,177130,120473,248170,285305,492941,511886,95876,160168,291277,52303,269026,257944,405876,211824,121851,361913,304663,428108,371989,26206,115943,364635,519754,121662,520985,260997,66683,294967,371276,140006,31321,122038,421890,314607,220285,219181,517019,479595,512247,34647,157075,62552,370506,360127,376023,399771,464435,244005,321152,172197,86606,412976,365352,15079,135729,473587,191119,478907,443348,439360,218793,518103,58020,511946,130975,356755,434509,344260,4270,219135,517456,511794,203882,471464,445232,74160,287852,272226,10153,484723,492319,453673,185491,177921,343122,381539,160554,136902,516101,461714,332,286354,22509,415250,4712,222661,493079,374664,421221,37835,110640,305011,242674,335353,236996,414044,333742,355148,482140,473550,131737,488772,414861,130561,380137,239055,401038,24734,479387,112464,448707,333946,236782,48065,93349,378543,154596,229424,45225,328129,261532,441326,482752,136688,473732,136430,121363,314011,287322,135506,478255,362532,447442,483477,55167,92505,302357,276905,320508,515005,138796,271666,464513,275695,218737,362028,188777,96668,82061,162520,142240,364076,514499,206273,469587,275785,256567,299336,196919,107682,443121,392797,224176,40272,8533,493457,35310,56961,482255,284753,233447,417226,444463,286458,300121,417499,86456,449294,25339,401726,131604,447572,337939,85571,415739,41681,430019,285573,406416,511122,223670,246548,475800,415139,467807,517235,458372,214137,203770,491871,232403,454714,31833,468417,328747,83339,457953,241454,274875,77282,466,219228,389160,144551,136609,399216,292713,213208,256332,194270,213688,162006,390913,405244,289374,160888,258173,187592,217952,32998,225306,443041,135783,229967,493498,353607,74846,236686,85460,424246,72497,516458,86761,271082,399628,435306,190253,420900,107699,418388,353195,428647,191086,271317,415005,226476,195663,182366,528,151031,337222,195045,153316,517481,474337,92355,245976,412961,477643,187475,265622,465155,361491,148474,358323,111831,203805,117660,322450,335042,94874,123838,295653,262088,87394,454993,67168,57736,427701,111737,87792,220429,24460,7163,514176,40728,250963,406184,515427
7,91511,371276,66278,370299,160168,464435,370506,285305,512247,511886,112448,264374,304663,380137,110640,374664,211824,364635,113191,269026,32053,376023,121851,473275,111500,383957,405876,121363,4712,66683,360127,248170,482140,492319,15079,372422,293121,219181,121662,34647,479595,467807,122038,287852,443348,305680,86761,519754,275785,177130,371989,318987,361913,462958,491652,314011,238093,110581,135729,401038,117660,219135,223139,292374,401280,136430,285573,22553,373715,157075,95876,317342,218793,248605,493199,136688,142601,191119,85670,286354,478907,236782,370451,160554,516458,511794,302093,52303,236459,203708,493457,55167,453673,425896,517481,177921,106164,256129,520985,222661,399771,187475,214137,414044,445232,355148,120473,358323,136902,54282,291277,414861,375998,471464,239055,448707,87082,493079,75200,333946,177861,428108,332,378543,67167,184773,258858,242161,375788,418388,468015,229424,88443,512003,219874,267912,112464,251821,356755,244005,273059,58020,305011,216407,195045,8192,492941,227695,294100,131737,410322,272226,233102,491871,193929,138796,32998,232403,85460,300121,218737,457832,443121,293202,387425,302357,275695,411729,22509,170071,364076,457953,406173,478255,435162,362532,479283,188777,210887,447690,261532,284753,287718,473550,286458,24734,511122,245976,365352,248799,93349,196919,225605,494108,437241,92505,41681,473732,400711,38711,332440,25339,328088,402308,146625,482752,280461,203882,521256,407118,31833,406416,454714,236996,392797,481915,144551,57736,465041,219228,346506,196239,521,135783,256332,329416,276905,420900,162006,405244,217952,475800,225306,160888,353195,271666,77282,32741,353607,55757,422303,501569,6450,504134,236686,424246,260997,268192,213618,325432,447683,494479,305422,77976,435306,24460,137141,335353,204000,473465,457803,447572,451394,412961,116454,107682,421065,68117,245007,14773,483209,247180,361491,344260,146828,12861,123838,369423,131463,365919,477643,87394,92206,454993,159187,279632,421221,67168,507294,323007,482255,74846,72497,466957,145664,71772,335042,515427,362028,289374,447442,296375,528,260229,111831,399552,125465,181488,258173,186334,414258,421352
8,325870,371276,355353,370299,445232,177130,75354,4712,361491,512247,515005,160168,254224,124246,226163,66278,5361,376023,314607,370506,275785,383957,66683,383338,153832,462958,473550,285305,219181,364635,269026,287852,248170,356755,480423,122038,294967,358323,42350,304663,521357,157075,86682,405876,428108,511122,361913,464435,89636,482140,284753,97791,127288,478148,16460,22509,135729,329078,130975,435306,285573,443348,501042,492319,493457,239055,241552,492941,601,517481,244005,106164,511886,146625,414258,218793,115943,195313,223139,177223,86761,425896,136902,162378,414044,448707,362532,380410,453673,398459,210666,107682,366184,144551,219135,120723,193929,520985,86606,372422,65182,473587,136377,291277,120473,98557,110640,286354,371664,214137,471464,380137,157099,156179,437087,493079,333946,131737,399771,88443,219376,300121,187286,440621,237496,245007,511794,305680,317342,515784,375788,332,488772,421065,378543,172197,333742,374664,296657,465155,121363,251821,375152,136430,177578,399628,514989,32053,420900,232403,302357,225044,196919,67167,407118,481130,390585,477643,85460,23942,271666,244829,66958,218737,96668,406173,479400,460986,82012,259093,228390,478255,277559,491871,343560,224176,35310,279426,32581,478907,517489,320572,511174,467807,233102,238093,328720,203708,95876,473275,517556,401038,135783,428647,129937,468417,261532,93349,516458,466957,101523,469587,360902,454993,37118,483965,519824,229424,223455,353195,130561,286590,101217,260229,276533,203882,435162,218682,31833,256129,328088,272226,219874,219228,5779,456633,57736,443246,194270,409200,275339,335353,283255,421562,371717,206397,137141,77282,375998,229967,7709,92206,474465,523104,407617,162006,260997,195045,188777,73293,487987,236996,213081,428271,504134,461714,196239,59183,121630,406335,447572,18700,405244,346506,132036,151031,378369,25339,290368,360127,171383,516101,111737,92505,270462,300458,344260,275695,492505,265622,216150,131099,402031,322450,111014,325229,67168,270048,34647,212156,493963,290418,302622,31321,482255,20945,250963,74846,371381,295862,38778,191086,483209,91505,40728,487833,495376,447442,457515,449277,519754,260518
9,216439,371276,66278,370299,160168,464435,370506,66683,512247,112448,304663,473550,380137,110640,314607,511886,355353,124246,32053,376023,218737,374664,290418,364635,269026,4712,405876,299418,219874,482140,383957,360127,492319,356755,473587,248170,297862,305680,371664,287852,219181,467807,471464,122038,15079,172197,66958,86761,226476,400252,89636,127288,177130,285305,464108,314011,443348,117660,251067,412976,135729,285573,363652,371989,219135,516458,54948,95876,239055,484723,492941,511794,291277,50198,136902,157075,186270,10153,38711,142601,236459,177223,104861,361913,85670,439360,93815,414044,22553,328728,111696,203882,112464,242674,425896,517489,453673,106164,256129,520985,399771,482752,275785,286354,225044,358323,4270,306224,445232,120473,435249,131737,239320,42350,375998,411729,238879,448707,390585,402308,493079,333946,328720,493457,428108,284753,378543,327186,451394,418388,8192,279426,108718,366894,251821,362739,136688,465155,121363,517556,58020,45225,362532,273763,290046,399628,422858,289374,410322,244005,227695,220429,473732,219376,512003,417499,373147,265622,4101,232403,289618,332663,415739,106178,263639,362028,22509,457832,228390,447442,478255,302357,56961,224176,284807,479400,123838,511122,478907,273376,93349,395303,473275,300121,118822,335353,487987,434553,493199,445438,401038,169944,410583,447683,401726,268192,430019,357740,447572,225306,203182,210666,437241,27066,354267,493963,187592,293202,136377,101217,407617,214137,491871,188777,353195,454714,236996,514989,138796,35310,272226,125701,461124,219228,135783,390913,428460,162006,275695,421562,468417,271666,420900,77184,144551,71772,478673,217952,85460,74846,130501,359492,131099,188951,195045,187286,131463,21628,405244,92355,250963,421600,465041,206273,57736,88443,52303,457803,490292,110581,9146,459113,332,421065,151031,249796,361491,245976,482719,344260,516101,137141,299433,110869,442476,295653,223670,249436,270035,87394,67168,18470,305491,87323,454993,267912,406329,111014,392797,347228,32561,321206,111737,482255,217666,493774,24460,295526,365352,462266,325432,14910,267066,188304,495376,319565,296375,34647,258173,258578,516787,334981
10,366821,371276,370299,66278,464435,160168,512247,112448,376023,304663,511886,364635,380137,285305,211824,110640,124246,314607,24460,473550,383957,111500,405876,399771,121363,443348,4712,66683,206273,473587,219181,482140,372422,457803,285794,122038,467807,140006,492319,287852,471464,362532,494585,275785,269026,344260,297862,314011,361913,177130,462958,401280,294967,326010,15079,135729,130975,439360,478907,219135,117660,47698,371989,353899,261532,239055,519754,54948,291277,418388,511174,121662,157075,333742,191119,401038,260997,421890,218793,22553,236782,160554,136902,517456,448707,160888,332,250274,516458,247180,146625,477889,22509,96668,93349,328747,135783,322450,144551,483477,86606,374664,402308,65236,187475,214137,414044,445232,382517,466957,273059,131737,305011,435249,414861,177778,366894,248170,518101,214715,428108,286354,115943,130561,333946,493457,420900,370750,367350,493079,378543,492941,43663,187399,375788,108718,256129,441326,136430,356755,203882,273376,478255,6876,381539,447442,268192,353195,250963,120473,272226,274875,407118,213081,232403,244829,275695,42350,218737,399628,271666,460986,8192,71772,245007,457832,92505,56961,328254,280321,148474,328720,57736,224176,284807,511122,123838,52303,35310,370451,284753,203708,417226,415739,188777,493199,300121,233102,121630,118822,435162,335353,302357,185178,479400,177223,390913,304648,176430,401726,428647,328129,491871,437241,354267,447572,129163,196239,468145,223455,244318,451394,41681,89636,493718,285573,430019,505508,520985,390585,187592,236996,130645,225306,468417,361946,9146,136688,219228,456633,457953,242595,194270,210666,213208,375998,217575,258173,46357,453673,279632,374761,371664,131099,366370,87394,296375,458372,415250,229534,12861,353607,236686,213618,305422,360127,77976,138796,370506,32581,191086,459113,434553,151031,45073,107682,195045,462703,91103,121285,443121,378369,355148,256332,172197,453235,465155,226476,361491,132036,358323,492505,464091,355272,213661,516101,137141,86456,244005,476556,95876,410322,454993,307892,67167,336544,67168,406329,122167,392797,144976,177921,372556,92355,111737,33738,482255,74846,365352,260681,402987,208773
11,336021,371276,370299,353607,464435,66683,269026,160168,370506,512247,5991,112448,511886,124246,304663,360127,264374,218737,32053,376023,110640,383957,364635,374664,4712,244005,380137,252716,471464,66278,356755,473587,405876,294967,94233,372422,122038,305680,219181,11545,15079,248170,473550,226476,482140,86761,443348,400252,177130,285305,222928,361913,379356,131737,117660,56501,135729,284616,285573,291277,219135,286354,4270,127288,54948,371989,448707,239055,511794,492941,111600,483477,287852,517019,363652,445232,203882,333742,236782,136688,517489,438942,177223,257748,86682,136902,466,414044,177217,439360,48065,492319,421890,135783,247234,22509,434553,453673,214137,425896,130561,190974,136430,493079,399771,275785,421221,417226,225044,89636,264976,120473,493199,427191,446709,328720,212942,138796,373644,86606,40272,428108,92505,466957,378543,219376,186124,65236,173644,273376,493457,418388,238879,42350,35444,415250,375998,390585,121363,93349,296375,290046,399628,447442,38711,95876,8192,392797,484484,426446,290368,48269,228390,481834,130975,358323,144551,443121,256332,478251,362028,402031,284807,349257,220429,71772,482255,67167,261532,478255,251821,299336,267912,224176,245007,483445,478907,111737,514989,445438,196919,237655,473275,300121,335353,302357,520985,248799,138217,401038,512345,401726,232403,395303,360902,177921,447572,88443,225306,354267,35310,402987,34647,232254,465155,437241,406416,467807,407617,85460,330477,482723,289374,475800,260681,190061,346506,212446,96668,454714,272226,242595,443246,94541,362532,218975,214715,136468,157075,361921,459170,390913,458372,405244,273763,420900,371717,58020,402308,178461,423340,229967,74846,260997,402002,268192,516458,179524,250963,72497,112746,406609,479581,454993,343122,305422,52303,371664,435249,110581,9146,459113,515005,332,151031,107682,68117,50148,342701,111500,17656,40728,447839,185558,361491,275408,300458,344260,371381,516101,67168,87394,372556,111014,131099,323007,271082,476933,45255,122167,335042,208773,479400,31321,493774,130645,518204,191119,93482,1260,516730,453235,365352,131604,515427,195045,517481,528,211515,332440,187475,82027
12,303061,371276,370299,66278,464435,473587,160168,66683,512247,380137,112448,445232,407118,5991,110640,355353,376023,225044,140006,383957,247143,364635,275785,335353,374664,157485,32053,405876,285305,4712,248170,473550,332,490292,356755,383338,219181,244005,131737,260997,471464,122038,528,370506,294967,285794,115481,361913,177130,284753,519754,86606,443348,477889,365352,115943,188777,325582,223350,135729,130975,218793,329078,457832,223455,328129,111500,492941,223139,136468,219135,447430,511794,244829,4270,454020,455959,121696,287852,120473,293447,191119,401038,326010,236782,286354,88269,439360,414044,269026,239055,511886,362532,31321,127288,492319,478255,414258,448707,42350,187399,517489,22509,453673,425896,421221,221549,520985,493079,399771,383651,214715,236996,358323,232403,482140,372804,327186,138796,423340,157075,300121,428108,9146,304663,229424,333946,378543,203805,89636,270048,93349,120130,493457,457803,433306,371645,52303,172197,236686,191291,218468,355148,136430,203708,121363,203770,373147,323944,136377,421065,142601,381539,447442,370750,136688,486613,214137,513816,284807,289618,257792,475952,96668,23040,218737,481130,328254,516458,136902,67167,206273,208356,294100,242161,56961,57542,237655,57736,332440,402308,287718,106164,286458,473275,471565,242595,131099,162378,130561,299433,177599,375998,352634,399628,371664,195045,447572,285573,257011,203882,178025,437241,415739,352426,430019,53171,372422,406335,515005,230856,121630,52482,467807,171281,95876,263207,20387,461714,31833,272226,144551,361491,355338,219228,443246,256332,390913,244189,405244,454993,117660,466593,1567,376164,364076,421562,418388,229967,186060,483477,468562,59183,162006,247180,191920,428460,160554,406416,110581,302357,213081,77976,487987,68978,250963,256006,271666,420900,421352,410322,225306,204000,191086,185437,6450,256129,459113,434553,504134,118822,462703,290368,360127,187475,111600,300458,491871,344260,322450,357884,93388,67168,370451,291277,93482,111737,336544,153316,401953,74846,86682,63676,39075,43569,287157,468417,177861,482255,296657,201166,282097,131604,453235,107682,456633,223448,477116,495376,211515,85460,248799
13,47039,370299,177130,66278,364635,407118,371276,110640,178962,4712,380137,512247,111696,374664,160168,511946,370506,355353,269026,360902,335353,405876,376023,5991,285305,383957,32053,492319,473550,275785,393456,66683,248170,517481,482140,392797,219181,372422,353899,122038,473587,157075,363652,356755,445232,256798,493774,127288,478907,361913,464435,412976,371381,284753,218793,136902,270497,130975,143715,219135,443348,375152,180911,22553,4270,85460,42350,330813,254224,239055,492941,291277,441725,135729,511794,68978,418388,511886,285794,453673,121696,478255,360127,48065,260997,107682,294967,457832,414044,236459,448707,365352,332,142601,414258,101903,328129,287852,138796,425896,520985,362028,493079,399771,446709,187475,434397,358323,40272,389160,177223,120473,9146,52303,383651,131737,478251,43663,343711,296302,304663,333946,378543,236782,428108,317342,93349,214715,362255,337222,38053,465155,136430,18584,121363,417226,486613,58020,241567,447442,125674,233102,295862,245007,263639,144551,67167,284807,214137,232403,289618,227695,287322,218737,399628,302357,435249,188777,350632,518101,8533,375998,22509,275695,32998,305011,11545,242161,131099,176430,236996,371645,493457,55757,111737,517489,482255,454714,33623,451394,477116,435162,454993,242595,16227,401038,275923,25339,370750,491871,395303,443121,447572,186334,88443,285573,484484,348854,300121,493199,487987,437241,256332,338329,515005,390585,139159,53083,187592,407617,203882,111014,514989,203770,31833,353195,328088,516458,272226,437087,468145,362532,117660,461124,332440,361921,483445,262088,483477,390913,151169,405244,413947,328747,507294,371717,286354,467101,147592,421562,136688,420900,195045,229967,87394,225306,386866,196919,74846,110712,287593,305422,160554,273763,261532,247143,24460,472520,57736,296375,490292,195040,250963,434553,317306,378538,465041,528,151031,244005,245976,443041,172197,282820,34647,344260,447683,310711,241968,275339,265029,321206,123838,267912,272215,296657,265032,47677,369383,67168,95876,346506,35310,218682,77184,376164,268192,406329,477643,77441,136609,225605,447864,271666,191119,53171,406560,188304,210601,349996,415739,203708
14,155140,370299,371276,66278,511886,177130,219181,364635,120473,512247,370506,112448,365352,211824,285305,304663,5991,376023,457803,121851,251067,95876,4712,293418,467807,473550,121363,511122,254224,248170,160168,473587,305680,399771,66683,428108,443348,405876,260997,122038,121662,474322,144551,471464,275785,371381,269026,383957,226476,21628,314011,127288,361913,464435,86682,285573,117660,290418,136902,219135,412786,493199,477889,136430,262088,425896,131737,239055,420900,135729,291277,248605,425945,233102,362532,93349,54948,446709,457832,218793,401038,287852,465155,286354,193950,104861,328088,370451,160554,435162,305011,492319,110640,242674,112464,22509,453673,86606,517481,438942,330813,120723,418388,191119,374664,322450,463678,225044,34647,332,515819,414044,445232,135783,482140,358323,270136,252420,439023,392797,268192,380137,238879,448707,300121,333946,378543,493457,136468,493079,378714,172197,276533,511794,364076,67167,110581,224176,435249,517556,486613,417226,236996,373147,273763,447442,375788,335085,32053,23795,92505,38711,115943,6450,399628,206216,371664,219874,454596,372422,232403,370750,421065,203770,492941,218737,271666,406335,482255,390585,362028,40272,275339,261532,478255,478907,245007,356755,35310,300958,284807,284753,203882,267912,333742,111250,402308,250963,328720,57736,305422,380879,104800,118822,214137,107682,335353,512003,325277,248799,76238,164874,491871,424246,474531,214715,447572,328129,444135,275923,295526,437241,260681,402031,213688,325432,330477,473732,493963,25339,520985,85460,302357,317342,410322,516458,272226,428647,415739,196239,457953,219228,518101,310723,157075,194270,405244,190253,407617,375998,289374,77184,136688,271082,47656,116454,85571,353607,74846,504134,217952,317306,144211,239944,360127,454958,290368,138796,453235,435306,528,421600,433365,85635,152879,137141,177223,52303,406416,9146,459113,434553,462703,521945,465041,177861,206273,187475,188711,519754,492505,143019,361491,275695,344260,68117,468145,86456,263207,173644,295653,31833,58020,236686,87394,357328,195663,454993,185275,413947,67168,415250,477643,72497,7068,111737,31321,33738,517019,363652,93482,454430
15,111104,371276,370299,464435,66278,160168,512247,364635,380137,304663,75354,374664,264374,314607,124246,370506,355353,285305,511886,325277,110640,383957,515336,4712,172197,473587,157075,121363,376023,244005,294967,66683,248170,31321,492319,89636,219181,519754,360127,122038,494585,405876,362532,269026,94683,511122,361834,297862,487987,177130,115943,361913,285573,401038,439360,16460,401280,135729,433365,219135,107682,443348,435306,136430,484723,493457,248249,239055,291277,482140,275785,445232,218793,477889,511794,15079,418388,236782,43569,246542,358323,260997,517456,381539,414258,333742,430019,136902,136468,448707,152930,453673,473550,415139,366370,93349,45225,203708,206216,22509,206423,182015,287852,37835,328720,191119,212942,86606,520985,399771,20945,136377,32053,58020,484388,120473,245976,471464,421221,488772,428108,286354,516101,111500,131737,440621,57736,493079,425896,492941,421065,34647,454714,336544,88269,320572,332,515005,378543,356755,251821,333946,296375,517019,447442,63977,392797,273059,272226,250963,14773,84140,162789,271666,232403,66885,375998,40272,256567,264976,512003,182366,452411,327186,275339,71772,136688,67167,353195,302357,56961,478255,476556,499812,224176,123838,188777,96668,375788,300121,66958,473275,134025,92505,522422,467022,519209,138217,25339,196919,373147,305113,295526,371664,454993,447572,360902,421562,482255,35310,265635,514989,417226,519824,406335,230856,146625,92355,177599,131099,10295,428460,214137,5779,95876,225306,144551,362028,457953,422303,346506,65236,473732,443246,12861,409200,135783,450791,390913,405244,483477,420900,388519,375152,191291,371381,507767,77282,229534,110581,468787,162006,407617,86761,85460,516458,406792,218737,241454,443011,399628,144267,290368,265032,236996,191086,390585,471565,407118,313014,195663,329416,177861,504134,380777,256332,477643,280302,267912,212156,378369,85635,187475,151031,465155,361491,274875,344260,275695,392717,52875,31833,54948,18700,76813,325229,87394,370451,528,364122,434509,265622,415043,223448,184267,130645,457832,74846,365352,287322,295862,271082,40728,106708,495376,68281,206397,517481,213618,462958,185178,276628
16,470478,371276,370299,66278,464435,399771,160168,512247,302622,380137,66683,31321,5991,495376,110640,445232,294967,443041,127288,376023,265032,335353,383957,121662,401038,473587,325277,285305,517019,4712,115481,356755,492319,269026,515336,370506,293418,248170,219181,482140,244005,519754,360127,405876,122038,275785,285794,305011,299418,364635,177130,361913,328129,172197,284753,443348,191119,10297,22509,290368,135729,111600,227733,256058,471464,4270,484723,239055,57736,492688,325582,492941,291277,203882,86761,511794,304663,244332,333742,236782,268192,317342,380410,286354,477889,430019,136902,503330,448707,439360,10153,358323,511886,453673,364076,135783,157075,219135,330813,392797,332,352523,37835,328720,421221,520985,374664,493079,67190,136468,279350,473550,203805,218793,32053,214137,120473,8192,96668,435249,212942,138796,375998,478255,428108,9146,493199,101217,92505,111500,106164,493457,136430,157099,378543,315608,425896,146212,346506,159026,185049,515005,373147,121363,314011,362532,296375,235564,238879,421890,34647,428268,23795,95876,435162,522446,131737,136688,345367,218737,512003,225044,302435,124246,85670,414044,406173,305422,67167,204000,203708,369925,256129,120130,228390,224176,48065,443121,445438,111737,462703,93349,322793,417499,471565,300121,302357,86456,138217,106050,261532,480625,232403,517489,474531,371664,285573,230889,194270,35310,326010,263207,131604,232254,437241,230856,471542,249642,477643,407617,482723,390585,196919,473275,188777,31833,468417,272226,454714,242595,451659,362028,219228,144551,149434,516730,98557,390913,329416,420900,117660,114661,267912,371717,110581,77282,229967,381505,260997,478557,158710,377388,516458,504134,214644,328639,486613,179524,245007,492618,235429,501569,482752,256006,287322,514989,457803,137455,447572,390809,418388,173644,402002,333948,187475,188711,40728,236996,361491,233102,270462,300458,344260,275695,159144,399628,465155,348086,355353,371381,212156,201166,301177,87394,143715,454993,476933,33126,73300,89280,187317,303661,482255,86682,364122,136609,472980,24460,74846,67168,287157,421562,251556,43569,515427,447442,106708,258173,406609,455050,219376,220247
17,451160,370299,177130,66278,371276,473587,110640,511886,380137,512247,401038,112448,364635,219135,374664,304663,160168,415739,269026,492319,361913,123930,66683,211824,383957,478268,24460,31321,67167,443510,285305,520985,356755,121662,15079,94683,457803,5991,219181,21340,471464,287852,405876,86456,494585,261532,376023,464435,172197,314011,294967,203805,32561,135729,133521,284616,32053,86761,478907,122038,449277,42350,52303,130975,95876,445438,46042,291277,100670,127288,157075,361921,85460,511174,121285,115943,110581,393456,239055,257944,136902,196239,446709,223139,492941,120473,478255,464513,213554,332,473550,93349,355148,364076,22509,325277,517481,428647,256129,86606,305011,483477,4712,371664,399771,218793,453673,248170,214137,220429,358323,445232,244729,423563,328129,94427,131737,511794,328222,475952,383651,392797,223455,448707,381539,333946,300121,493079,425896,493457,378543,443348,130561,437087,203708,299433,402308,34647,262848,239320,136430,121363,234709,270462,365352,447442,289374,268192,478251,375788,378714,92505,38711,242595,325065,290418,130501,341091,218737,276604,125701,518101,457832,196919,399628,477889,6876,242161,473498,435162,482255,286678,35310,194270,421221,372422,284753,206273,287718,418388,279426,232403,275785,482140,493963,459170,307892,428108,491871,245976,465041,478453,447572,514989,285573,305422,333742,13042,206216,407118,437241,410322,406416,505508,515005,348800,187592,190061,87082,467807,260229,364395,245007,494479,89636,143019,285794,237496,31833,328088,203882,516458,225306,272226,468417,891,361946,214715,465155,136468,12861,414044,56961,427435,267912,275695,160888,405244,494108,523104,41206,229534,154596,225044,72497,442476,435306,308086,353195,132034,370506,420900,439111,226476,362532,114958,357328,459113,151031,434553,256332,451394,135783,213208,516101,349695,212156,361491,202342,435249,265622,188777,344260,281111,123838,454993,370451,67168,289985,335042,20945,273376,136688,191086,477643,111737,106164,522797,14910,74846,228390,43569,177861,159144,453235,101217,484484,386866,71772,404648,247398,478148,211515,40728,279632,321206,178128,92206,360127,77184,478167,414258
18,312462,371276,370299,66278,464435,376023,160168,512247,380137,75354,473587,383079,374664,355353,110640,265032,294967,511886,66683,401038,370506,314607,383957,364635,269026,157485,22553,519754,285305,206273,121363,219181,457803,304663,482140,520985,492319,52303,305680,275785,405876,471464,443348,219874,325277,89636,203882,317306,172197,297862,414258,177130,284753,421600,466229,122038,476386,22509,285573,135729,284616,86761,244005,54948,106164,107682,511794,286354,484723,291277,130975,335353,218793,445232,477889,127288,1260,372556,146625,517456,473550,191119,487987,464513,388814,52482,361913,358323,136902,421221,414044,448707,41681,239055,501569,15079,453673,131737,347228,328720,219135,4712,438942,399771,516458,332,279350,58020,32053,214137,120473,287852,136377,401726,191291,478796,248170,375022,42350,112464,493079,229424,366894,378543,493457,88269,428647,96668,425896,34647,92355,37546,375788,435249,418388,111014,421065,515005,302357,136430,356755,136468,275612,251821,8533,412890,399628,256129,485421,414788,242595,350632,461877,232403,362532,104565,83339,518161,275695,66958,218737,407118,194270,481130,151169,457832,330477,111250,325616,67167,268192,447442,261532,478255,203708,371381,322793,228390,224176,123930,273763,6450,123838,425945,141404,206519,493199,442476,473275,300121,461714,245007,373147,147592,25339,492941,428108,454993,257011,332928,447572,406335,462703,118822,131675,430019,325432,213688,415739,371989,136609,383651,483445,101217,407617,131099,102709,491871,31833,196239,236996,364076,392797,272226,219228,468145,157075,256332,481344,405244,477643,110581,400711,443246,371664,249436,421562,87394,136688,229534,265029,12861,482742,47656,434509,260997,517481,144976,485270,421890,290368,353195,115943,312800,77976,420900,144551,352403,380777,410322,225306,267912,286590,406416,160888,434553,329232,402308,438196,280302,151031,187317,290418,187475,329416,465155,406441,40728,344260,461299,360127,202342,365764,67168,511122,188304,35310,370451,271082,33738,111737,482255,462788,226476,517019,74846,365352,363652,310711,413947,248799,85460,201844,56961,68281,380879,389160,207135,333742,92914,260454,177217
19,260327,370299,66278,177130,285305,371276,370506,110640,512247,304663,511886,112448,473550,380137,111500,160168,124246,211824,361913,269026,364635,399771,415739,383957,24157,405876,140006,121662,4712,66683,305680,473587,482140,256129,219181,5991,372422,260997,358323,186334,471464,275785,219135,443348,423340,144551,314011,464435,477889,465155,401280,365352,294967,467807,135729,291277,285573,375998,223455,35310,117660,262088,136430,439360,4301,54948,157099,511794,238775,203882,418388,201166,305011,287852,111299,191119,508255,55167,218793,360127,401038,522446,425896,392797,120723,160554,430019,136902,42350,131737,95876,31321,360902,22509,236782,190974,453673,242674,471122,446709,106164,376023,520985,464108,374664,256798,249642,248170,415250,414044,445232,120473,293447,373147,405554,270136,428108,383651,157075,67720,448707,493079,299433,57542,333946,378543,390632,370750,493457,257944,375788,214715,96668,8533,257792,86606,251821,137455,218468,23795,447839,473732,287322,115943,478251,328720,32053,332,220429,92505,15079,272226,421890,196919,414861,232403,233102,289618,218737,512003,485721,364076,328639,462061,353195,107682,447442,478255,245007,483445,516730,267912,6450,135783,188777,443121,373158,284753,206273,349409,224176,305422,473275,300121,57736,214137,335353,138217,356755,177223,435162,15613,131604,447572,493774,146766,397070,483477,437241,289374,256332,212942,46496,515005,322793,335085,295526,34647,214552,41681,410322,322450,203770,435249,300458,187592,492319,454714,236996,516458,219376,362532,362028,456633,219228,53083,405383,12861,438942,310723,239055,421221,212156,405244,482719,307877,407617,93349,420900,196239,138796,242813,220475,122038,275339,110581,229967,503128,136609,374761,477643,47656,353607,74846,20280,478557,430126,56961,275923,271666,296375,406416,346506,93482,307892,132036,9146,459113,434553,325432,290368,185491,401726,434397,273763,275695,492505,361491,344260,68117,206731,121630,516101,244005,295653,31833,258966,87394,454993,289985,67168,92355,168664,14910,399628,348376,225605,228390,271082,482255,476933,462703,250963,12841,85460,252716,170025,258173,479400,60669,507294,229424
20,415946,370299,177130,66278,248170,66683,370506,269026,512247,160168,112448,95876,473550,121851,511886,110640,211824,5991,21340,361913,32053,304663,428108,364635,292374,293121,457803,121363,121662,285305,371276,294967,15079,4712,122038,405876,305680,219181,479595,260997,467807,131737,471464,275785,464108,482140,383957,287852,225044,376023,464435,86682,274875,191119,443348,412890,135729,285573,516458,493199,314011,130975,117660,511794,57736,248605,221549,111500,253621,291277,54948,219135,135506,127288,22271,176414,362532,374664,477889,390632,484723,232403,160554,136902,50148,52303,190974,218793,401038,393456,390585,146625,242674,492319,112464,453673,425896,438942,417226,239320,483477,305011,520985,493079,471122,482752,399771,332,414044,445232,22509,120473,501361,234709,478907,358323,517481,484504,380137,421890,206273,239055,448707,300121,176430,333946,378543,493457,370750,45225,236782,375998,302093,236996,375788,346506,435249,86606,238879,229424,224176,517489,251821,399552,115943,67167,136430,422858,414861,273763,447442,111014,316951,273376,206216,85460,8192,518101,40272,492941,218737,139159,457832,395303,371664,37118,305686,186124,491012,261532,478255,370451,514989,41766,482255,56961,356755,194270,35310,237655,411729,443121,275923,14121,284753,415739,328720,261229,417499,96668,380879,118822,335353,365352,43663,125674,478796,366894,177223,330586,307892,447572,295526,451394,437241,433306,515427,96134,203882,328747,337222,289618,428460,214137,491871,188777,83339,196239,392797,195045,272226,362028,361491,17782,325432,220475,219228,157075,242595,263639,262088,271666,256332,190253,407617,420900,162006,187592,267912,468417,225306,249436,131099,465155,144551,229967,136609,353607,74846,290368,104800,305422,359492,514176,21628,275695,137141,191086,406416,120723,9146,459113,428647,283191,434553,329416,107682,25339,424246,421065,183,515819,160888,226476,34647,403548,151031,317306,300458,435306,344260,18584,325870,468145,295653,31833,496883,236686,87394,454993,33126,421221,67168,288991,353195,477643,482719,31321,268192,93482,360127,177921,188304,406184,413947,71772,528,258173,258578,187475,82027,519754
21,380302,177130,66278,370299,336544,371276,285305,110640,492941,380137,135729,473550,383957,495376,111500,519754,493457,361913,364635,511886,244005,370506,520985,121662,265032,285794,374664,66683,248170,269026,325277,482140,256129,439360,86761,219181,479595,5991,372422,447442,512247,117660,371989,421890,443041,291277,397419,15079,464435,218737,318987,360127,412976,477889,373644,285573,160168,478907,203882,443348,254224,401280,136430,106648,22509,473587,511794,356755,493079,132696,110619,355148,511174,362739,370451,476556,191119,401038,380410,358323,305011,290046,445232,448707,236782,96668,430019,308497,268192,22553,286354,129163,257944,214137,405876,376023,332,86606,122038,4712,282097,399771,470653,52303,275785,453673,58020,328720,92505,187475,515819,287852,120473,279350,136902,138796,366370,375998,471464,32053,130561,428108,101217,239055,131737,493199,284753,93349,378543,425896,514989,291554,124246,67167,451394,295653,333742,229424,219874,232403,517518,299433,246542,515005,365352,273059,213081,121363,37835,267912,270136,296375,219135,375788,189493,272226,233102,196919,271666,421065,443121,239930,275695,515488,85670,302357,68117,414044,305422,284807,157075,353899,245007,228390,107682,478255,224176,435162,511122,35310,292700,188777,432547,482255,126757,417226,287718,56961,462703,473275,335353,262088,392797,154596,177223,25339,401726,468417,491871,454993,447572,459113,269705,437241,475800,130975,328129,32741,227855,48402,146625,410322,389160,357328,390585,31833,236996,516458,53171,328747,362028,352657,220475,219228,242595,194270,135783,388508,273651,9146,300121,443246,208773,452411,371664,225306,195045,427435,371717,87394,420900,77282,353195,74846,477643,85460,260997,178461,478557,112746,261532,504134,453235,256006,57736,492319,457803,466275,407118,110581,418388,158710,151031,8192,399628,90257,402308,435249,218975,172197,40728,226476,361491,344260,399552,380279,279779,304663,380338,371381,355353,136609,405244,321206,516101,86456,137141,123838,468145,218682,313014,95876,346506,375126,279632,476933,406416,33126,111014,469587,362532,517481,225216,139071,67168,287157,421562,297862,13259,23114,528,385067
22,7018,371276,370299,66278,464435,304663,370506,66683,512247,160168,401038,112448,374664,124246,110640,473587,355353,314607,380137,335353,376023,364635,383957,251067,121662,4712,325277,22553,285305,206273,519754,356755,219181,405876,492319,262088,52303,482140,122038,157075,275785,269026,445232,494585,285794,15079,361913,177130,297862,328129,457803,107682,284753,172197,457832,236782,401280,22509,476386,135729,35444,203882,223139,221549,284616,443348,130975,86761,95876,239055,430126,492941,291277,484723,511794,106164,136902,449277,471464,467807,478255,146625,218793,473550,244005,515880,158710,358323,414044,41681,393456,511886,130561,364076,54233,56961,287852,453673,328720,256129,219135,520985,279350,223455,399771,478449,32053,120473,111500,355148,483672,486613,421890,261532,131737,375998,248170,86606,428108,136468,286354,383651,448707,135783,220429,115943,55167,493079,381539,437087,193929,219376,425896,493457,369383,378543,375788,418388,499812,136688,516101,423563,276628,371645,273059,136430,121363,314011,517489,23795,92505,242595,272226,106178,332,344111,214715,242674,110581,481834,96668,218737,516458,68117,483445,402308,185389,66958,478907,447442,275695,228390,224176,289618,35310,123838,188777,401088,93349,4166,196919,279426,493199,232403,214137,85109,346506,34647,142601,373147,471565,478796,210666,285573,400711,321206,305422,225605,196239,287718,459170,447572,484484,48065,430019,399628,406416,415739,505508,515005,187592,17656,101217,3210,491871,478148,477643,31833,353195,392797,225306,483477,219228,218682,402031,276533,390913,12861,420900,300121,279632,407412,421562,267912,213208,233102,137141,349991,56608,287157,85460,74846,260997,213618,428460,494479,435306,92355,370451,280302,77976,479581,45073,265622,204000,296375,348376,6450,131675,405244,459113,434553,237496,245007,144551,275923,390585,77184,259855,435249,465155,40728,404077,270462,371381,344260,111014,263207,295653,360127,379678,67168,454993,67167,117660,99121,473275,467022,361491,452073,136609,362532,111737,482255,249642,177223,365352,206397,194928,14910,469587,157618,92914,362028,170025,243351,528,258173,88443,184267,414258,131204
23,268390,371276,370299,464435,66278,356755,160168,511886,364635,380137,370506,304663,383957,110640,124246,285305,225044,405876,355353,269026,374664,360902,264374,376023,5991,115093,4712,473587,22553,462958,66683,248170,219181,512247,494585,435306,122038,131737,37546,260997,275785,362532,15079,294967,471464,365352,371989,112464,32053,361913,177130,284753,143715,473550,107682,443348,13826,130975,135729,291277,491652,516458,219135,481906,42350,172197,373715,4270,127288,115481,239055,308086,111500,492941,1260,314011,478255,218793,478907,308508,418388,136688,191119,401038,519754,121662,448707,53171,428647,439360,453673,236782,136902,511794,414044,52303,203708,279350,492319,464513,328129,417226,434553,278943,440672,214137,65182,184773,425896,477889,22509,268192,438942,370451,520985,219874,399771,517489,58020,237496,358323,445232,486613,212942,286354,335353,110581,378543,426022,219376,493079,492688,34647,138796,447690,236686,45255,108718,136468,261532,302357,136430,373147,93349,372422,378100,447442,57542,493457,177578,341091,289374,300121,232403,333742,85460,312922,421890,275695,218737,399628,457832,435249,415250,67167,482255,238216,120473,514989,206273,66958,121363,11545,361491,56961,370750,478215,267912,224176,479283,144551,511122,522446,479400,96668,271666,349257,364076,445438,245007,322450,95876,407412,235564,446316,248799,401726,428108,491871,503330,462703,447572,285573,354267,57736,35310,352634,305422,406335,415739,422303,437241,444463,17656,407617,203882,99429,236271,196919,407118,89636,256129,410322,225306,272226,457953,186585,219228,185558,421316,157075,473732,135783,249436,131099,371664,10153,421562,239944,518693,195045,501569,229534,477643,55757,430019,321888,461714,160554,249796,236996,191086,420900,195663,407364,370337,332,64036,288991,402308,369423,68117,475800,75308,390585,422858,412961,187475,465155,226476,344260,137141,492050,244005,413947,300458,265032,67168,195040,159187,216163,502802,465041,72497,392797,343122,111737,118660,371381,87792,295526,213661,24460,74846,517019,295862,241567,251556,495376,211515,378414,268158,258173,185178,131604,284102,125674,76813,177217,360127,12861,414258
24,432643,177130,66278,370299,285305,110640,371276,115093,383957,511886,361913,269026,294967,473550,160168,364635,370506,355353,428108,519754,518277,4712,399771,275785,297862,121851,121662,113191,304663,403854,66683,405876,482140,448707,473587,423340,140006,219181,25339,286590,285794,214552,86761,441326,301896,443348,512247,86682,371381,464435,284753,244005,135783,477889,22509,115943,335353,285573,479400,131737,286354,361491,136430,425945,135729,373715,122038,471464,106164,372556,511794,218793,153054,445232,42350,214137,191119,333742,287852,236782,376023,88269,319337,401038,174165,239055,453673,439360,430019,517489,414044,53171,414258,284616,299433,272226,130561,421221,516101,248170,219135,520985,203882,136468,374664,136902,492319,364076,329078,256129,227855,66958,276905,120473,9146,381539,273059,157075,373147,206423,86606,380137,95876,493079,333946,247234,493457,263310,358323,375998,296375,418388,172197,230007,515005,203770,305422,251821,457832,55167,177578,362532,236686,107682,289374,435249,22555,372422,146828,242595,325277,219874,38053,290368,155860,294100,481834,422255,462703,233102,302435,275695,218737,512003,406173,460986,376850,232254,491871,250963,71772,478255,355338,256332,443121,399628,123838,232403,401726,65228,284807,56961,357328,454993,346506,302357,203805,378543,85635,93349,478673,270048,21628,245322,196239,517556,242161,208773,96668,257011,187592,328720,305713,291277,407617,89636,267912,467807,249436,492941,196919,180455,213208,131099,260681,31833,428460,454714,236996,50832,273763,457803,219228,390913,111737,97618,461714,420900,523104,258173,421562,58020,229967,428647,274875,443011,85460,162006,437241,260997,328639,160554,144976,188777,477643,72497,24460,177861,435306,33116,154596,74846,6450,405244,447572,151031,478557,478215,136688,360127,402308,75308,514176,179613,187475,92505,245007,465155,40728,121285,244729,344260,261532,265622,117660,335042,111014,296657,67168,87394,18470,375788,370451,92355,322450,371717,321888,492283,111410,257792,406329,31321,482255,362517,12861,365352,334981,282097,177921,469587,195663,38778,517481,495376,277559,447442,247749,177217,443246,478907,468145,417226
25,128401,371276,66278,370299,464435,120473,370506,511886,160168,512247,285305,95876,257944,443041,304663,5991,473550,211824,269026,371989,364635,378543,121851,361913,260997,32053,251067,121662,11545,140006,66683,248170,428108,121363,519754,473587,220285,219181,405876,479595,471464,16227,443348,4712,5361,226476,360127,511519,376023,177130,482255,314011,8541,172197,478907,477889,287852,290418,136902,285573,482723,72806,43569,218793,68978,130975,127288,57736,56501,135729,248605,15079,35310,362532,285794,191119,418388,399771,484723,401038,492319,4270,286354,222661,493079,160554,22509,369383,54948,290368,481504,453673,135783,327186,364076,136688,291277,22553,425896,520985,247234,282097,225044,256129,333742,305011,421221,516101,214715,358323,414044,445232,372556,482140,375998,37835,374664,138796,157075,332,214137,414861,493457,275785,518101,380137,239055,447442,448707,333946,242161,493390,110640,238879,517456,229424,233102,287322,515005,251821,136430,356755,517556,239320,206216,346506,20387,273763,219135,189493,511794,492941,392797,92505,219874,417226,268192,232403,501361,110581,131737,275695,325277,83339,218737,276905,93349,106708,305422,362028,67167,299336,447690,478255,56961,238093,443121,122038,301470,432547,517481,284753,233447,267912,242595,444463,271666,289374,118822,54282,381539,302357,131099,185178,138217,177223,25339,353195,483445,245976,447572,410322,212942,459113,46357,203882,300121,260681,437241,511122,283255,493963,96668,305471,467807,493199,55757,390585,203770,187592,370750,454714,236996,511174,516458,323007,272226,406329,188777,457953,92355,219228,343725,136609,262088,206218,256332,390913,405244,193076,420900,1567,335353,31833,329416,112166,174165,225306,58020,3210,325065,497350,144551,349991,353607,74846,390809,424246,478557,362739,507767,428460,123838,457803,421065,77976,247143,461714,137141,435306,52303,434553,528,24460,342605,399628,151031,179613,421600,187475,465155,332647,344260,474337,462703,371664,299433,251556,236686,87394,454993,279632,307892,365764,415250,67168,33126,130561,72497,223448,440138,147592,516730,107682,194928,236271,296375,235853,469587,244005,190815,246542
26,260327,370299,66278,177130,285305,371276,370506,110640,512247,304663,511886,112448,473550,380137,111500,160168,124246,211824,361913,269026,364635,399771,415739,383957,24157,405876,140006,121662,4712,66683,305680,473587,482140,256129,219181,5991,372422,260997,358323,186334,471464,275785,219135,443348,423340,144551,314011,464435,477889,465155,401280,365352,294967,467807,135729,291277,285573,375998,223455,35310,117660,262088,136430,439360,4301,54948,157099,511794,238775,203882,418388,201166,305011,287852,111299,191119,508255,55167,218793,360127,401038,522446,425896,392797,120723,160554,430019,136902,42350,131737,95876,31321,360902,22509,236782,190974,453673,242674,471122,446709,106164,376023,520985,464108,374664,256798,249642,248170,415250,414044,445232,120473,293447,373147,405554,270136,428108,383651,157075,67720,448707,493079,299433,57542,333946,378543,390632,370750,493457,257944,375788,214715,96668,8533,257792,86606,251821,137455,218468,23795,447839,473732,287322,115943,478251,328720,32053,332,220429,92505,15079,272226,421890,196919,414861,232403,233102,289618,218737,512003,485721,364076,328639,462061,353195,107682,447442,478255,245007,483445,516730,267912,6450,135783,188777,443121,373158,284753,206273,349409,224176,305422,473275,300121,57736,214137,335353,138217,356755,177223,435162,15613,131604,447572,493774,146766,397070,483477,437241,289374,256332,212942,46496,515005,322793,335085,295526,34647,214552,41681,410322,322450,203770,435249,300458,187592,492319,454714,236996,516458,219376,362532,362028,456633,219228,53083,405383,12861,438942,310723,239055,421221,212156,405244,482719,307877,407617,93349,420900,196239,138796,242813,220475,122038,275339,110581,229967,503128,136609,374761,477643,47656,353607,74846,20280,478557,430126,56961,275923,271666,296375,406416,346506,93482,307892,132036,9146,459113,434553,325432,290368,185491,401726,434397,273763,275695,492505,361491,344260,68117,206731,121630,516101,244005,295653,31833,258966,87394,454993,289985,67168,92355,168664,14910,399628,348376,225605,228390,271082,482255,476933,462703,250963,12841,85460,252716,170025,258173,479400,60669,507294,229424
27,470478,371276,370299,66278,464435,399771,160168,512247,302622,380137,66683,31321,5991,495376,110640,445232,294967,443041,127288,376023,265032,335353,383957,121662,401038,473587,325277,285305,517019,4712,115481,356755,492319,269026,515336,370506,293418,248170,219181,482140,244005,519754,360127,405876,122038,275785,285794,305011,299418,364635,177130,361913,328129,172197,284753,443348,191119,10297,22509,290368,135729,111600,227733,256058,471464,4270,484723,239055,57736,492688,325582,492941,291277,203882,86761,511794,304663,244332,333742,236782,268192,317342,380410,286354,477889,430019,136902,503330,448707,439360,10153,358323,511886,453673,364076,135783,157075,219135,330813,392797,332,352523,37835,328720,421221,520985,374664,493079,67190,136468,279350,473550,203805,218793,32053,214137,120473,8192,96668,435249,212942,138796,375998,478255,428108,9146,493199,101217,92505,111500,106164,493457,136430,157099,378543,315608,425896,146212,346506,159026,185049,515005,373147,121363,314011,362532,296375,235564,238879,421890,34647,428268,23795,95876,435162,522446,131737,136688,345367,218737,512003,225044,302435,124246,85670,414044,406173,305422,67167,204000,203708,369925,256129,120130,228390,224176,48065,443121,445438,111737,462703,93349,322793,417499,471565,300121,302357,86456,138217,106050,261532,480625,232403,517489,474531,371664,285573,230889,194270,35310,326010,263207,131604,232254,437241,230856,471542,249642,477643,407617,482723,390585,196919,473275,188777,31833,468417,272226,454714,242595,451659,362028,219228,144551,149434,516730,98557,390913,329416,420900,117660,114661,267912,371717,110581,77282,229967,381505,260997,478557,158710,377388,516458,504134,214644,328639,486613,179524,245007,492618,235429,501569,482752,256006,287322,514989,457803,137455,447572,390809,418388,173644,402002,333948,187475,188711,40728,236996,361491,233102,270462,300458,344260,275695,159144,399628,465155,348086,355353,371381,212156,201166,301177,87394,143715,454993,476933,33126,73300,89280,187317,303661,482255,86682,364122,136609,472980,24460,74846,67168,287157,421562,251556,43569,515427,447442,106708,258173,406609,455050,219376,220247
28,432643,177130,66278,370299,285305,110640,371276,115093,383957,511886,361913,269026,294967,473550,160168,364635,370506,355353,428108,519754,518277,4712,399771,275785,297862,121851,121662,113191,304663,403854,66683,405876,482140,448707,473587,423340,140006,219181,25339,286590,285794,214552,86761,441326,301896,443348,512247,86682,371381,464435,284753,244005,135783,477889,22509,115943,335353,285573,479400,131737,286354,361491,136430,425945,135729,373715,122038,471464,106164,372556,511794,218793,153054,445232,42350,214137,191119,333742,287852,236782,376023,88269,319337,401038,174165,239055,453673,439360,430019,517489,414044,53171,414258,284616,299433,272226,130561,421221,516101,248170,219135,520985,203882,136468,374664,136902,492319,364076,329078,256129,227855,66958,276905,120473,9146,381539,273059,157075,373147,206423,86606,380137,95876,493079,333946,247234,493457,263310,358323,375998,296375,418388,172197,230007,515005,203770,305422,251821,457832,55167,177578,362532,236686,107682,289374,435249,22555,372422,146828,242595,325277,219874,38053,290368,155860,294100,481834,422255,462703,233102,302435,275695,218737,512003,406173,460986,376850,232254,491871,250963,71772,478255,355338,256332,443121,399628,123838,232403,401726,65228,284807,56961,357328,454993,346506,302357,203805,378543,85635,93349,478673,270048,21628,245322,196239,517556,242161,208773,96668,257011,187592,328720,305713,291277,407617,89636,267912,467807,249436,492941,196919,180455,213208,131099,260681,31833,428460,454714,236996,50832,273763,457803,219228,390913,111737,97618,461714,420900,523104,258173,421562,58020,229967,428647,274875,443011,85460,162006,437241,260997,328639,160554,144976,188777,477643,72497,24460,177861,435306,33116,154596,74846,6450,405244,447572,151031,478557,478215,136688,360127,402308,75308,514176,179613,187475,92505,245007,465155,40728,121285,244729,344260,261532,265622,117660,335042,111014,296657,67168,87394,18470,375788,370451,92355,322450,371717,321888,492283,111410,257792,406329,31321,482255,362517,12861,365352,334981,282097,177921,469587,195663,38778,517481,495376,277559,447442,247749,177217,443246,478907,468145,417226
29,391452,370299,269026,177130,66278,371276,511886,120473,112448,285305,512247,473550,5991,95876,374664,257944,160168,371664,211824,380879,364635,4712,428108,370506,361913,405876,522445,23885,260997,140006,32053,111500,66683,248170,473587,356755,494585,131737,15079,471464,375022,378543,383957,268192,94683,40272,462958,371989,464435,376023,478907,219181,290418,443348,261532,365352,136902,291277,130975,326010,172197,380777,58020,362532,239055,465155,492941,135729,517481,235564,362879,445232,418388,107682,361921,249642,272226,244005,493963,136688,20280,22553,401038,4270,493079,22509,194270,370451,52303,214137,478255,35310,213554,289618,492319,467807,288534,218793,287852,360127,471122,453673,332,136377,124246,520985,399771,435162,138796,267912,517489,501042,358323,516101,447442,434509,328129,414258,390585,414861,157075,130561,372422,380137,493199,286354,461714,448707,437087,333946,23552,251067,425896,355148,476556,493457,67167,93349,329416,242161,482140,518103,515005,473378,136430,121363,417226,236996,304663,420900,219135,237732,279426,56961,378369,92505,302357,300121,110581,196919,232403,85460,511794,323007,383679,218737,66958,110640,130857,188777,79594,399628,284807,154596,389323,206273,187399,219874,129163,83339,406329,479283,511122,122038,57736,516458,284753,10153,462703,96668,512345,151169,214715,454993,275785,203708,370750,428647,491871,106178,447572,285573,437958,131604,346506,206216,414788,505508,117198,177861,415739,287322,64806,473732,492050,315321,445438,246542,203882,355338,187592,89636,31833,328088,454714,392797,225306,244318,127288,468417,191291,244189,414044,137141,130645,405244,407412,422255,443246,305713,275408,523104,117706,440672,427435,178461,255525,275695,325432,517019,457803,435306,296375,232254,33738,483391,459113,434553,343405,151031,212156,213618,18700,153316,236271,111014,328747,361491,226476,344260,283255,348086,482742,136609,358495,375998,123838,446709,54948,159144,220247,87394,195663,279632,67168,92355,300458,435249,486727,481130,303661,111737,482752,476104,24460,297862,482255,74846,14910,519754,228390,383079,280302,515427,101217,413947,71772,319565,528,451659,202342,325277
30,281986,370299,177130,66278,285305,370506,371276,445232,304663,383957,110640,112448,428108,473550,160168,364635,121363,32053,355353,467807,121662,517481,275785,376023,121851,374664,4712,512247,448707,332,66683,32998,405876,473587,482140,285794,131737,219181,244005,330365,260997,471464,16227,248170,89636,493774,219135,86682,308086,464435,15079,5991,284753,294967,517489,16460,443348,225044,127288,135729,285573,291277,93349,223139,107682,218793,136430,68978,361041,257944,465155,239055,511794,361913,111500,248605,335353,333742,214137,362532,511886,417499,111600,122038,511122,484723,401038,308497,328088,136902,52303,414044,41681,190974,269026,501569,284616,474343,203708,123838,492319,515819,22509,390585,212942,453673,374955,184773,86606,191119,136468,399771,418388,405554,471122,473465,136377,358323,516101,58020,203805,457803,120473,9146,402906,380137,296302,92505,381539,333946,378543,493457,493079,435249,375998,65278,287852,157075,143019,290418,193950,251821,285802,242161,356755,425896,364076,390541,34647,447442,375788,275695,492941,88443,451394,514499,95876,218468,219874,314011,85460,40272,67720,144551,66958,218737,13262,67167,478215,267912,136688,203182,353195,478255,56961,370750,228390,371989,512345,34761,341091,11545,217105,512003,55757,290368,445438,138217,435162,307705,204000,465041,447572,186334,125674,196239,35310,403104,300121,206218,437241,213688,256332,505508,493963,286590,520985,101217,407617,497350,131099,256798,232403,451659,203882,482255,214715,196919,346506,407118,270462,515005,31833,410322,399628,454714,244318,256567,242595,415739,187592,219228,160888,303661,135783,405244,390913,168067,420900,272226,162006,421562,328747,402308,286354,185178,371381,315608,229534,225306,276905,296375,136609,4772,459170,349991,421600,74663,247143,478907,112464,459113,434553,477643,106648,392797,153316,399552,32722,344260,212156,117660,322450,365352,245540,184267,87394,67168,195663,230889,110581,454993,332312,226476,361491,388848,218682,274875,332905,111737,106164,31321,305113,74846,371717,93482,462703,23885,145664,71772,457515,211515,258173,187475,392198,152666,507294,482719,515427,158064,360127,479400
31,238687,370299,371276,364635,66278,177130,511886,112448,380137,512247,160168,520985,314607,57736,355353,292374,140006,479387,360902,383957,269026,304663,275785,188711,111500,121363,405876,473550,121851,219181,297862,376023,248170,423340,120473,122038,24460,353899,285305,471464,131737,5361,374125,260997,517481,344260,467807,361913,464435,284753,362532,457832,225306,443348,106164,294967,135729,372556,130975,191119,22509,58020,448707,261532,66683,248605,31133,291277,206423,54948,218793,314011,272226,285794,418388,121662,16234,360127,477889,244829,374664,401038,428647,293447,236782,464513,492688,136902,194270,466,414044,493963,263310,239055,492319,85460,247234,291153,305011,453673,96668,483477,219135,287718,403538,517489,399771,501569,172197,445232,24734,511794,245976,111014,516101,286354,242161,214137,366894,414861,157075,370750,392797,390913,493079,371645,4712,378543,493457,214715,362255,110581,328129,482140,223350,57542,34647,256129,302357,478215,136430,356755,193864,364076,333946,491871,329416,412890,478255,492941,13042,177861,370451,399628,67167,372422,371664,373147,232403,323007,56961,233102,177578,218737,294100,229424,486613,443121,110640,32053,286458,402308,478907,107682,447442,268192,38711,333762,332,273763,300458,123838,447690,300121,267912,118822,375788,99429,290368,86456,325432,265135,55757,428108,244005,251460,151169,177921,355725,230007,437241,447572,27066,125674,196239,399552,92505,402031,285573,176414,4301,328088,407617,146625,346506,203882,289618,468562,454714,187592,89636,89280,31833,111737,236996,516458,11545,144551,92355,191291,438942,210666,361921,242595,465155,515819,425896,438196,421562,325065,229534,363525,20387,87394,511005,74846,493774,410322,160554,371717,415005,443011,131675,405244,21628,420900,370506,528,214552,137141,477643,335353,42350,106708,204000,6450,459113,1567,434553,462703,168097,296657,271082,187495,187475,334615,245007,361491,225044,358323,67168,452411,95876,131099,195663,18470,454993,406416,424246,519754,263207,111410,257792,482255,136688,271666,136051,365352,464108,363652,86606,469587,390585,349991,258173,256332,82027,349980,260454,479400,179524,328639
32,4088,370299,371276,511886,353607,160168,285305,5991,177130,269026,512247,264374,304663,112448,374664,120473,325277,428108,364635,370506,383957,493774,115943,4712,405876,121363,22553,157191,121851,66683,248170,294967,66278,376023,260997,121662,219181,473587,423340,94683,360127,279632,88443,448707,131737,433433,122892,464435,361913,284753,285573,172197,473550,22509,223455,478907,135729,291277,214137,361041,300121,223139,16460,314011,27066,4270,127288,136430,473993,239055,194270,248605,122038,218793,305011,362532,244332,418388,56501,443348,287852,471464,236782,358323,120723,225044,34647,328088,136902,421295,484723,414044,492319,38711,435306,421221,438942,219135,385033,453673,247234,136468,493079,332,399771,7382,466957,511794,481504,130561,445232,138796,32053,475800,242161,380137,296302,106164,333946,177223,493457,41823,390585,425896,289374,195045,325229,14773,482140,251821,482752,210887,356755,474337,406416,238879,492941,23795,467838,29219,355148,196919,6450,375998,312025,232403,289618,256567,425945,218737,399628,110640,305422,411729,136688,428460,517481,107682,239650,447442,478255,406609,19587,159802,409200,228390,245007,35310,267912,443121,6876,111737,279426,352634,270462,93349,364076,85460,445438,230889,328720,473275,57736,92505,261532,286458,512003,275785,410322,86456,138217,401038,362028,287718,371664,447572,363652,296375,417499,15205,131604,437241,213688,325432,86606,378543,493963,89280,520985,467807,330477,256129,203882,402987,77282,317342,238093,31833,515005,5779,337222,272226,203805,92355,422303,402031,219228,168097,144551,157075,310723,289392,213208,262088,390913,405244,483477,162006,77184,459170,371717,286354,473732,229534,225306,450791,74846,402002,86761,179524,256332,447683,457803,528,493878,392797,93388,420900,106648,265622,204000,459113,146828,516101,495376,477643,220247,300458,344260,433970,212156,265029,168664,68281,283255,275339,130584,380879,447864,268158,65182,64839,138061,454993,193864,67167,370451,268192,171383,285332,394684,111410,206397,361946,222661,478251,42350,325065,482255,427701,33738,247180,376164,438196,223448,244005,71772,250963,187592,232254,271082,258173
33,281986,370299,177130,66278,285305,370506,371276,445232,304663,383957,110640,112448,428108,473550,160168,364635,121363,32053,355353,467807,121662,517481,275785,376023,121851,374664,4712,512247,448707,332,66683,32998,405876,473587,482140,285794,131737,219181,244005,330365,260997,471464,16227,248170,89636,493774,219135,86682,308086,464435,15079,5991,284753,294967,517489,16460,443348,225044,127288,135729,285573,291277,93349,223139,107682,218793,136430,68978,361041,257944,465155,239055,511794,361913,111500,248605,335353,333742,214137,362532,511886,417499,111600,122038,511122,484723,401038,308497,328088,136902,52303,414044,41681,190974,269026,501569,284616,474343,203708,123838,492319,515819,22509,390585,212942,453673,374955,184773,86606,191119,136468,399771,418388,405554,471122,473465,136377,358323,516101,58020,203805,457803,120473,9146,402906,380137,296302,92505,381539,333946,378543,493457,493079,435249,375998,65278,287852,157075,143019,290418,193950,251821,285802,242161,356755,425896,364076,390541,34647,447442,375788,275695,492941,88443,451394,514499,95876,218468,219874,314011,85460,40272,67720,144551,66958,218737,13262,67167,478215,267912,136688,203182,353195,478255,56961,370750,228390,371989,512345,34761,341091,11545,217105,512003,55757,290368,445438,138217,435162,307705,204000,465041,447572,186334,125674,196239,35310,403104,300121,206218,437241,213688,256332,505508,493963,286590,520985,101217,407617,497350,131099,256798,232403,451659,203882,482255,214715,196919,346506,407118,270462,515005,31833,410322,399628,454714,244318,256567,242595,415739,187592,219228,160888,303661,135783,405244,390913,168067,420900,272226,162006,421562,328747,402308,286354,185178,371381,315608,229534,225306,276905,296375,136609,4772,459170,349991,421600,74663,247143,478907,112464,459113,434553,477643,106648,392797,153316,399552,32722,344260,212156,117660,322450,365352,245540,184267,87394,67168,195663,230889,110581,454993,332312,226476,361491,388848,218682,274875,332905,111737,106164,31321,305113,74846,371717,93482,462703,23885,145664,71772,457515,211515,258173,187475,392198,152666,507294,482719,515427,158064,360127,479400
34,319159,371276,66278,370299,464435,370506,304663,285305,512247,112448,380137,110640,473550,378543,160168,362532,257944,15079,111500,355353,364635,113191,325277,335353,361913,140006,4712,66683,248170,519754,157485,356755,375152,383957,121851,245976,482140,399771,219181,372422,405876,471464,487987,435306,521539,238775,457803,291277,376023,177130,361834,478907,511886,260997,290418,365352,477889,285794,285573,135729,151031,473587,106164,136430,269026,517019,54948,305011,218793,127288,323007,286354,493199,443348,492941,511794,517456,85460,445232,135783,42350,22509,344971,418388,300121,191119,401038,448707,136468,439360,229534,52303,464513,438942,492319,239055,214137,415139,96668,332,244005,146625,225044,161024,48065,453673,446709,247234,373644,511122,503330,86606,520985,4270,374664,421221,501361,120473,223455,358323,31321,242161,172197,275785,512003,32053,493457,498632,493079,229424,219135,57736,484504,370750,425896,138217,435249,438971,287852,454714,373147,108718,8192,131737,35310,478215,358869,121363,187286,138796,333946,463678,94806,34647,412890,392797,251821,177578,205535,378100,136688,66885,232403,425945,275695,328254,443121,399628,10295,305422,67167,239320,514499,20387,447442,261532,478255,289618,56961,245007,194270,206519,346506,328720,471565,118822,454993,465541,289374,101523,483445,302357,481130,428108,25339,185178,137141,465041,230007,447572,104565,214715,263207,415739,311932,131099,187592,407617,92355,203882,467807,182366,111014,390585,256129,95876,31833,106708,212156,239944,435162,272226,361491,157075,374761,270188,271666,405244,483477,492505,241454,371664,50832,183,233447,144551,276436,294967,325432,380777,74846,468787,430019,517235,390809,516458,144976,218737,461124,177599,77976,353195,420900,225306,59183,191086,459113,122038,434553,290368,280302,360127,516101,517481,106648,187475,465155,513482,226476,236996,344260,369383,179757,234045,325870,123838,517715,476556,300458,295526,87394,452411,421562,434509,406416,307892,523104,371645,93482,206397,402308,311413,371717,482255,375353,456633,157600,188304,251556,406184,515427,322450,457832,426172,217105,89636,284102,361942,371989,369212,186978,217666
35,236253,371276,370299,66278,177130,112448,383957,374664,314607,473550,285305,380410,380137,370506,511886,364635,355353,269026,124246,4712,376023,487987,512247,374125,405876,160168,519754,275785,304663,66683,462958,473587,257944,356755,219181,244005,15079,248170,122038,251067,363652,5361,432594,86682,362532,373644,120473,471464,443348,52303,494585,361913,464435,478907,284753,402906,285573,371989,254224,67709,135729,402031,219135,4270,97524,239055,236782,291277,492941,517481,416848,54948,484723,272226,285794,287852,218793,232403,466555,136902,492319,130975,110640,115943,57736,1260,53171,445232,86761,136468,414044,131737,415139,362028,434553,517456,245007,305011,421221,22509,358323,453673,448707,481240,172197,520985,493079,399771,65182,417226,425896,232646,454714,479400,279426,177223,70292,482140,229220,435249,464513,32053,333946,493963,300121,428647,219376,516458,378543,346506,275339,493457,244318,212942,223350,236686,108718,92505,121363,136430,93349,511794,86606,273763,447442,57542,251821,135783,371645,353436,138796,364076,25555,358495,40272,500215,85460,399628,218737,144551,457832,271666,146625,286354,188777,305422,292187,136688,432547,157075,310711,482255,435162,56961,224176,203708,511122,300458,514989,134025,355338,37118,328720,96668,473275,284807,118822,67167,302357,214137,401038,251460,428108,371664,360902,447572,47656,481130,34647,35310,111737,195183,454993,131099,289618,390809,467807,290368,407617,203882,267912,517235,409200,390585,325065,261532,491871,95876,31833,468417,83339,244829,187286,410322,265029,444463,225306,110581,111500,263207,233102,219228,435133,33073,194270,390913,406609,405244,483477,241454,473732,335353,391076,326010,421562,371717,195663,92206,415250,272472,402987,430019,478255,260997,160554,189493,477643,353195,420900,106708,406416,483445,459113,329416,332,25339,256332,465041,516101,151031,402308,236996,268192,365764,465155,40728,225044,344260,461166,481545,86456,504134,67168,87394,518272,270035,370451,92355,77184,58020,295526,160948,371381,31321,152033,328747,198076,280302,213688,443246,20945,130645,74846,93482,415739,495376,213618,211515,89636,82027,332431,127288
36,401180,370299,371276,66278,464435,473587,445232,512247,380137,112448,364635,160168,407118,520985,355353,314607,335353,225044,265032,110640,383957,275785,66683,376023,31321,517019,401038,285305,221362,332,356755,248170,191119,172197,219181,471464,457803,52303,131737,254224,122038,370506,285573,405876,528,476246,294967,362532,285794,325277,465155,234045,127288,361913,177130,284753,252716,260997,482140,135729,399771,130975,443348,219135,223139,34647,4270,507167,218793,492941,322450,361535,300121,511886,365876,146625,516950,121696,448707,337222,255319,85460,262088,70292,53171,393456,236782,492688,485721,136902,380410,111500,414044,269026,15079,473550,286354,492319,57736,370451,22509,517489,453673,86606,20129,4712,374664,493079,991,40728,479283,428647,279350,264976,120473,264942,435249,32053,136468,304663,106164,333742,352634,357884,378543,473465,238879,9146,425896,95876,88443,108718,229424,251821,463678,136430,203708,235564,121363,491871,239055,284613,236686,135506,392797,92505,402906,137722,138796,410322,454596,194928,214137,428268,239320,302357,20945,421065,96668,218737,131099,225306,406173,372422,335042,296375,261532,478255,242161,305011,358323,373644,237496,56961,371664,237655,111737,305422,443121,473275,120723,468562,154596,48269,177223,480413,428108,160888,37118,454993,364076,93349,245007,265029,223455,263207,202427,437241,213688,195663,306721,403538,43569,92355,203882,487318,213208,57542,188777,31833,5779,407617,507767,378369,338329,272226,484665,493457,362028,86456,186768,381505,457953,219228,337939,275339,233102,483477,11545,317306,267912,369925,194270,421562,371717,375998,41766,374761,144551,229967,20280,430019,409200,343122,86761,160554,516458,206397,179524,402002,291277,262348,478907,220429,447572,236996,434553,118822,157075,195045,420900,290368,426172,232403,187475,353899,256129,226476,139159,300458,344260,265622,187495,360127,131675,275695,482324,373147,244005,221036,67168,131604,25339,268192,399628,86682,482255,92914,74846,256332,289374,287157,260681,239739,368317,365352,457832,107682,250963,495376,447442,519754,232254,258173,258578,482742,401088,64594,186334,45225,217666,197200
37,464735,370299,371276,364635,160168,464435,355353,511886,457803,512247,520985,112448,110640,407118,66278,111500,314607,269026,383957,66683,479387,140006,361913,405876,121363,487987,374664,285305,479581,158960,482140,380137,122038,248170,493774,473587,467807,131737,252716,260997,439360,344260,275785,5361,329078,219181,353899,177130,376023,284753,362532,31321,401280,55167,443348,294967,135729,289985,372556,305011,244005,219135,517019,4270,401038,261532,448707,248249,239055,291277,144551,471464,290046,385033,418388,445232,287852,121696,136430,449277,1260,428647,517456,381539,293447,430019,136902,52303,414258,414044,371381,219874,473550,492319,146625,22509,236782,42350,130561,453673,96668,187495,4712,293202,399771,493079,58020,236686,516101,414861,120473,486613,8192,245976,157075,86606,112464,296302,115943,478907,378543,264976,493457,218737,484723,370750,93349,492941,14179,476556,45225,8533,328129,390301,172197,256129,196919,392797,515005,302357,390632,465155,356755,279426,351559,333946,304663,478255,214715,289374,447442,511794,203708,268192,177921,57736,422255,258578,272226,67167,370506,373147,32581,232403,213081,179524,271666,65278,399628,512003,332,32053,375998,364076,92505,353195,242161,35310,478148,154596,300121,106164,334981,242595,233102,402031,6450,435162,162378,454993,86456,413947,219005,401726,428108,256006,275923,177861,24734,346506,38711,241632,437241,447572,186334,131604,235517,287718,185491,53171,55757,256332,45255,206273,470340,402308,407617,214137,300458,477889,491871,485270,423340,63977,187592,190061,31833,236996,256567,203805,274875,435249,32561,219228,443121,370451,521,213688,405244,390585,138796,425896,443246,421562,438196,87394,194270,42838,229534,225306,362028,290368,380777,162006,208681,85460,307892,160554,516458,136688,360127,305422,177223,335353,357328,93482,415005,459113,151031,434553,371664,213208,361491,188777,358323,478673,443011,399552,283255,35444,237417,322450,420900,54948,296657,67168,95876,181133,241454,142240,202342,406329,262088,519754,275695,72497,424246,34761,453235,285573,336544,410322,457832,74846,422303,482255,250963,365352,493061,23114,421221,495376
38,96605,370299,371276,66278,464435,364635,399771,512247,380137,511886,160168,304663,443041,124246,113191,110640,285305,355353,473550,269026,275785,287852,383957,111500,516458,376023,121363,111696,4712,66683,248170,219181,328720,492319,457803,405876,140006,186334,519754,122038,473587,471464,467807,89636,443348,482140,344260,5361,374125,361913,177130,474343,284753,426022,517481,365352,294967,22509,135729,191119,284616,106164,10297,372422,130975,95876,239055,511794,22553,291277,115481,493199,86761,218793,272226,285794,157075,34647,517456,333742,314011,329078,401038,195183,493963,248605,244829,381539,236782,135783,414044,52303,24460,289374,146625,14773,332,453673,473465,279350,291153,130561,225306,219135,991,393456,520985,435162,374664,446709,136902,203882,355148,247234,187475,445232,232254,120473,104565,405920,131737,214137,86606,213257,236996,448707,390913,96668,493079,88269,219376,219874,126757,378543,375998,67167,418388,238216,88443,138217,223350,515005,441326,224176,286354,136430,486613,244005,492618,422858,7382,478255,451394,42350,177578,484504,120814,362532,407412,232403,362739,323007,492941,457832,271666,325362,339744,220429,481333,406173,196919,356755,66958,245007,168133,35310,300458,364076,296302,93349,479400,229469,300121,214715,218737,473275,375788,242595,487987,503128,185178,302357,428108,252277,251460,328129,130501,371664,437241,111250,195663,204000,196239,223455,305422,257011,430019,157618,505508,144551,187592,101217,38053,349991,452411,328747,410322,454714,31833,399628,111737,256129,357328,11545,12861,493457,321206,349980,219228,374761,487061,228390,99429,194270,420900,275339,335353,258173,267912,406441,229534,421221,74846,493774,43663,131099,72497,371717,443121,360127,383338,255646,370506,101807,92355,442476,380338,234045,106648,447572,461714,434553,290368,454020,516101,136688,435249,172197,334615,435306,465155,214552,275923,343423,270462,225044,358323,137455,265622,421562,327186,212156,296657,492505,87394,67168,454993,279632,188304,307892,406416,361491,275695,337222,260518,187495,188950,362517,230007,111014,482255,84140,85460,263207,322450,305713,71772,179524,447442,99121,375353,284102
39,183886,371276,370299,66278,464435,383957,110640,364635,511886,443041,376023,380137,160168,285305,355353,478268,4712,370506,512247,269026,121851,304663,275785,473587,121363,66683,248170,482140,473550,219181,492319,15079,113191,435306,405876,115481,140006,372422,244005,122038,265032,23467,374664,400252,285794,371989,361913,177130,52303,443348,284753,140966,294967,383338,365352,56501,372556,285573,135729,22509,457803,471464,22553,117660,373715,54948,130975,439360,127288,239055,291277,4270,373644,286354,465155,146625,218793,121285,136688,191119,401038,268192,478907,86761,136468,445232,42350,380410,421221,414044,448707,68978,358323,362532,130561,131737,453673,96668,203708,517489,269705,214137,219135,237769,65182,190974,332,520985,189493,177861,399771,493079,136902,425896,107682,120473,287852,279350,138217,383651,375998,305422,106164,48065,32053,492941,493457,296375,237195,478215,184773,242161,454714,228535,486613,254450,371645,356755,362133,350632,203805,481333,274875,289374,251821,136430,232403,88443,516458,136540,312922,271666,218737,325277,415250,256332,480667,58020,188777,145607,479400,157075,284807,487142,66958,71772,206519,85460,447442,483445,83339,267912,511122,261532,290368,302357,89636,481130,323944,457832,406329,93349,395303,478255,471565,144551,352634,428108,462703,493963,248799,468417,493718,238093,33832,447572,206273,225306,300121,515005,230856,187592,378543,286590,131099,14910,265029,288739,203882,305491,407118,256129,405244,344954,95876,31833,328088,355272,212156,275695,272226,77282,219874,415375,160888,244189,361921,194270,390913,286964,475800,120723,195045,443246,412302,10153,67167,1567,229534,130501,473732,225044,213618,511720,38711,274529,487987,115943,236996,461714,392554,420900,86606,335353,265622,226476,287593,473465,434397,6450,256006,418388,493061,402308,151031,135783,338329,511794,13963,40728,92037,512345,344260,236782,360127,516101,101217,434509,86456,123838,92206,202342,159144,87394,193864,35310,435249,322450,427701,195506,136609,333742,482255,310711,421562,493774,24460,74846,70985,437241,230889,325362,492505,517481,232254,515427,362028,248249,231003,82027,311932,402002
40,267045,370299,177130,66278,370506,371276,356755,285305,383957,304663,115481,471464,160168,172197,124246,127288,511886,380137,5991,110640,405876,325277,355353,4712,477889,473587,376023,273059,374664,66683,467807,112448,512247,494585,248170,219181,31321,122038,275785,122273,305422,360127,260997,443348,373644,5361,371381,269026,511122,299418,364635,464435,361913,365352,284753,285573,254679,22509,136902,130975,203882,291277,111500,482140,395303,4270,516458,54948,448707,326010,239055,511794,111600,221549,492941,135729,287852,47698,110581,285794,401038,358323,218793,428647,445232,279426,294967,131737,360902,414044,160888,478796,332,415139,473550,330813,492319,355148,96668,375998,370750,219135,14773,107682,517489,236782,520985,493079,399771,453673,328720,58020,438942,256798,139042,7382,49351,120473,138796,493199,214137,130561,478907,418388,238879,32053,286354,92505,279350,437087,106164,207042,86606,493457,484723,425896,378543,517481,362255,213208,515005,478215,121363,189493,136430,296375,213081,6876,251821,389160,462703,435162,245007,447175,407118,513816,66958,362532,271666,289618,393780,443121,218737,20945,302357,68117,353195,465155,206273,323007,331099,460986,406173,478255,256129,267912,56961,224176,52303,478148,57736,268192,203708,93349,286458,322450,471565,196919,523104,454993,445438,275923,428108,89280,232403,146766,214715,48065,468145,373147,449277,394684,131604,415739,437241,430019,279632,383651,187592,34647,286590,461714,491871,38711,275695,89636,188777,31833,442476,203805,191291,225306,11545,272226,242595,273763,362028,220475,157075,435995,361921,35310,194270,135783,405244,420900,42350,402002,300121,477643,443246,335353,87394,195045,159144,421562,229534,94233,182366,85460,373158,160554,144211,325432,406329,380777,514989,287322,191086,218682,355272,362739,447572,151031,434553,202427,256332,492505,256006,144551,171383,144976,177861,214552,275339,101215,361491,233102,414861,270462,344260,111014,369383,236996,244005,321206,162006,67168,168664,95876,336544,92355,476933,299433,123838,468417,111737,482255,86682,500722,310711,74846,519824,515427,250963,106050,518222,399628,447442,258578,462958,349996
41,199577,371276,370299,66278,464435,285305,110640,219181,512247,370506,380137,511886,443041,211824,364635,121851,473550,294967,5991,269026,376023,4712,383957,252716,121662,304663,66683,121363,482140,160168,473587,372422,264374,293418,405876,457803,122038,305680,226476,15079,399771,248170,260997,275785,344260,443348,314011,361913,177130,471464,371989,482255,493199,435306,22509,462958,135729,287852,289985,465155,511174,291277,117660,261532,4270,373715,127288,305011,239055,262088,248605,191119,244551,362532,157075,273059,518272,176414,136430,418388,142601,136688,218793,401038,492319,115943,477889,286354,517481,160554,375998,430019,136902,448707,242674,453673,457832,96668,146625,219135,351741,236782,520985,231397,374664,493079,177861,517489,187475,22553,414044,445232,479400,120473,370451,435249,214715,414861,493457,364076,501569,289374,467807,333946,138796,428108,370750,264976,378543,454714,238879,328129,224176,441326,515005,273376,244005,203882,65182,192112,478255,511794,447442,268192,8192,484504,57736,188304,274875,223455,415250,131737,491871,371664,346506,67167,232403,219874,492941,378714,218737,512003,480413,332,362028,347623,350632,45225,443121,301236,373147,514989,206273,302357,478907,100670,56961,399628,356755,511122,362739,34647,206519,110581,284753,417226,432741,381539,305422,473275,86456,135783,177223,421065,516458,93349,474531,245976,447572,40272,354267,104800,333742,517556,459113,415739,41681,410322,285573,444463,505508,153832,407617,121630,435162,214137,196919,187592,188777,95876,271666,353195,267912,357328,272226,468417,46357,457953,85571,219228,210666,473732,390913,247143,258173,77184,189294,275695,10153,461166,195045,190253,210887,229534,477643,353607,74846,236686,424246,42350,360127,405244,407412,250963,236996,453235,283255,335353,137141,379349,52303,258966,434553,107682,290368,427435,455959,374761,86606,160888,325229,172197,188711,131463,116454,406416,317306,358323,85635,468145,265029,434509,420900,295653,519754,87394,65278,454993,35310,484484,478673,67168,307877,20945,125465,72497,503562,260229,111737,371381,112464,337222,487061,24460,363652,75308,154596,390585,365352,437241,402031,24734
42,321206,177130,370299,66278,248170,163015,112448,383957,160168,66683,374664,473550,457803,519754,495376,110640,121363,361913,370506,269026,364635,299418,121662,405876,304663,67167,512247,290418,285305,371276,32053,473587,448707,5991,15079,511886,226476,305680,428108,482140,287852,219181,479595,260997,252716,517368,86682,219135,127288,376023,464435,362879,149958,284753,136051,314011,251067,136902,462958,520985,473993,511174,232403,93349,157075,373715,291277,130975,286354,511794,57736,54948,248605,131675,333742,135729,406416,335353,471122,146625,471464,122038,478255,217575,136688,401038,478907,322450,380410,111250,328129,268192,366370,492319,203708,275785,22509,453673,425896,517489,256129,172197,136468,399771,484723,225044,332,103108,214137,358323,372804,445232,58020,120473,279426,92505,4270,131737,380137,468787,493199,239055,355148,333946,493457,493079,333948,20387,378543,269503,242161,229424,518103,37835,108718,270462,71772,257944,356755,138796,136430,4712,517556,348376,284807,218737,273763,290046,447442,72806,492941,478251,334615,375152,300121,307705,484504,423340,370451,276305,420900,407118,85460,312922,516458,443348,443121,482255,170950,483445,362489,245322,126757,239650,56961,35310,37118,267912,328720,353607,129163,290368,120723,261532,233102,118822,99429,138217,148812,370750,485270,471853,371664,447572,230007,285573,468145,353195,493963,144551,187592,217666,83339,435306,203882,328747,276905,390585,372556,422737,117660,31833,141404,154596,514989,132286,272226,362532,432547,111737,15205,457953,483477,191291,458372,473732,405244,390913,260229,375998,260681,225306,371717,131099,77282,293764,468417,177578,231003,66885,245007,447683,430019,12800,380777,360127,280302,453235,236996,24460,421600,137141,483391,52303,516730,9146,459113,34647,25339,256332,392797,130561,104800,310711,151031,68117,262088,399628,380612,380279,435249,202342,361491,344260,207042,421065,136609,518101,402987,177861,158798,244005,12901,279632,74663,251556,337222,72497,213610,362517,99121,492505,303661,106164,31321,427701,223448,474337,74846,271122,93482,246542,252420,299336,365352,415739,517481,158064,258173,482742,343725,361942
43,203409,370299,110640,371276,364635,464435,401038,492941,511886,304663,322450,314607,473587,160168,123930,374664,236782,256798,329078,52482,66683,361913,443348,132845,4712,32053,31321,285305,383957,482140,214137,285794,248170,476646,517489,515336,219181,66278,260997,512247,448707,238093,371989,269026,124336,111696,115481,462958,405876,376023,177130,491652,112896,335353,314011,127288,380137,291277,135729,110581,439360,364076,136430,218793,131737,4270,434509,372422,427191,478907,140006,122038,453673,478255,136902,516101,191119,370451,370506,22509,203708,287852,516458,239055,294967,360127,511794,477889,353607,37835,435306,356755,328129,473550,492319,443041,417226,434553,365352,430126,219135,425896,234997,520985,86606,493079,53308,399771,232403,187475,58020,471464,220429,175581,136377,445232,74160,120473,138217,261532,333742,239944,518101,40272,465155,381539,186124,111500,516950,358323,157075,130561,378543,493457,402031,57542,371645,121363,93349,296375,268192,447442,245976,379213,296657,454714,353195,38711,328254,273059,435249,219874,256567,312922,418388,271666,130975,300121,218737,66958,85460,188777,145607,219376,275695,415739,275785,362489,187286,483445,228390,362532,224176,511122,35310,249436,457832,302357,361942,32722,891,96668,328720,462703,406335,341605,487987,86456,428108,414272,471565,251460,25339,52303,337155,360902,121630,482255,447572,285573,41823,57736,6345,407118,307859,466957,437241,230856,420900,390585,380777,486727,34647,225306,203882,349991,287157,196919,507767,189493,95876,83339,392797,65278,136688,272226,144551,206273,346506,457953,244189,262088,102709,361946,194270,459113,362028,135783,482719,388814,405244,493878,415250,229534,286354,238879,174443,55757,203770,407617,321206,92355,399628,242595,236996,241552,343122,182366,461714,177223,92505,515005,332,426446,406416,462266,402308,151031,517481,454958,172197,265622,275339,467807,492505,344260,394684,86761,168664,375998,244005,117660,313014,87394,33126,421221,474337,493199,219228,123838,361491,92206,72497,40728,111737,256332,206397,130645,74846,363652,295862,9146,406184,991,31833,258173,202342,517019,458150,56961,515427,12861
44,344357,177130,370299,66278,492941,371276,511886,160168,285305,370506,380137,140006,120473,383957,304663,364635,405876,355353,269026,256129,121851,26206,136902,291277,257944,226163,66683,248170,260997,219181,441326,22553,467807,361913,519754,479595,512247,275785,423340,399771,5361,290418,443348,219135,439360,457803,93349,478215,4712,172197,464435,284753,285573,365352,68978,5991,223455,13042,287852,130975,473587,191119,372556,131737,362532,401280,286354,448707,232403,194270,356755,135729,517235,244005,482723,484723,385033,34647,275923,478907,445232,401038,121662,85460,120723,453673,381539,122038,414044,414258,41681,473993,492319,305011,473550,22509,483391,229534,517489,247234,472980,376023,520985,348364,219874,374664,516101,132845,401130,92505,157075,371645,332,206423,242161,130561,214137,414861,428108,115943,29219,218793,333946,378543,239055,96668,358323,4270,422303,471464,335085,229424,482140,108718,67167,257792,136430,144551,121363,251821,464513,435249,447442,351559,214715,402308,88443,378369,461714,334615,233102,55167,403538,272226,421065,268192,418388,466957,105839,8533,177861,443121,218737,362739,110640,415739,364076,482255,305422,159026,228390,261532,478255,516458,239650,159802,267912,170071,493457,35310,86606,157618,136688,447690,417226,206273,242595,162069,33832,325277,153832,99429,517556,138217,107558,223139,435162,401726,352634,373147,473498,454993,371664,354267,447572,42350,148812,335042,57736,333742,300121,437241,493079,505508,483445,56961,468562,101217,407617,40286,493199,203882,390585,196919,300458,236996,468417,89280,219228,392797,374761,371003,256332,289374,248799,177599,443246,421562,225306,443041,275695,195045,305214,478673,20387,451536,511005,74846,430019,86456,86761,349695,360127,247143,294967,24460,335353,435306,390913,6450,420900,131463,502458,151031,434553,528,462703,85635,290368,146625,187475,265622,465155,40728,217952,361491,207042,244189,344260,172628,137141,322450,518272,123838,83339,362879,67168,348376,388848,424246,20945,194928,111410,111737,503231,64823,511794,297862,508534,65228,252420,188304,216163,74663,195183,406173,213208,258173,333948,490362,88269,481130
45,432643,177130,66278,370299,285305,110640,371276,115093,383957,511886,361913,269026,294967,473550,160168,364635,370506,355353,428108,519754,518277,4712,399771,275785,297862,121851,121662,113191,304663,403854,66683,405876,482140,448707,473587,423340,140006,219181,25339,286590,285794,214552,86761,441326,301896,443348,512247,86682,371381,464435,284753,244005,135783,477889,22509,115943,335353,285573,479400,131737,286354,361491,136430,425945,135729,373715,122038,471464,106164,372556,511794,218793,153054,445232,42350,214137,191119,333742,287852,236782,376023,88269,319337,401038,174165,239055,453673,439360,430019,517489,414044,53171,414258,284616,299433,272226,130561,421221,516101,248170,219135,520985,203882,136468,374664,136902,492319,364076,329078,256129,227855,66958,276905,120473,9146,381539,273059,157075,373147,206423,86606,380137,95876,493079,333946,247234,493457,263310,358323,375998,296375,418388,172197,230007,515005,203770,305422,251821,457832,55167,177578,362532,236686,107682,289374,435249,22555,372422,146828,242595,325277,219874,38053,290368,155860,294100,481834,422255,462703,233102,302435,275695,218737,512003,406173,460986,376850,232254,491871,250963,71772,478255,355338,256332,443121,399628,123838,232403,401726,65228,284807,56961,357328,454993,346506,302357,203805,378543,85635,93349,478673,270048,21628,245322,196239,517556,242161,208773,96668,257011,187592,328720,305713,291277,407617,89636,267912,467807,249436,492941,196919,180455,213208,131099,260681,31833,428460,454714,236996,50832,273763,457803,219228,390913,111737,97618,461714,420900,523104,258173,421562,58020,229967,428647,274875,443011,85460,162006,437241,260997,328639,160554,144976,188777,477643,72497,24460,177861,435306,33116,154596,74846,6450,405244,447572,151031,478557,478215,136688,360127,402308,75308,514176,179613,187475,92505,245007,465155,40728,121285,244729,344260,261532,265622,117660,335042,111014,296657,67168,87394,18470,375788,370451,92355,322450,371717,321888,492283,111410,257792,406329,31321,482255,362517,12861,365352,334981,282097,177921,469587,195663,38778,517481,495376,277559,447442,247749,177217,443246,478907,468145,417226
46,260327,370299,66278,177130,285305,371276,370506,110640,512247,304663,511886,112448,473550,380137,111500,160168,124246,211824,361913,269026,364635,399771,415739,383957,24157,405876,140006,121662,4712,66683,305680,473587,482140,256129,219181,5991,372422,260997,358323,186334,471464,275785,219135,443348,423340,144551,314011,464435,477889,465155,401280,365352,294967,467807,135729,291277,285573,375998,223455,35310,117660,262088,136430,439360,4301,54948,157099,511794,238775,203882,418388,201166,305011,287852,111299,191119,508255,55167,218793,360127,401038,522446,425896,392797,120723,160554,430019,136902,42350,131737,95876,31321,360902,22509,236782,190974,453673,242674,471122,446709,106164,376023,520985,464108,374664,256798,249642,248170,415250,414044,445232,120473,293447,373147,405554,270136,428108,383651,157075,67720,448707,493079,299433,57542,333946,378543,390632,370750,493457,257944,375788,214715,96668,8533,257792,86606,251821,137455,218468,23795,447839,473732,287322,115943,478251,328720,32053,332,220429,92505,15079,272226,421890,196919,414861,232403,233102,289618,218737,512003,485721,364076,328639,462061,353195,107682,447442,478255,245007,483445,516730,267912,6450,135783,188777,443121,373158,284753,206273,349409,224176,305422,473275,300121,57736,214137,335353,138217,356755,177223,435162,15613,131604,447572,493774,146766,397070,483477,437241,289374,256332,212942,46496,515005,322793,335085,295526,34647,214552,41681,410322,322450,203770,435249,300458,187592,492319,454714,236996,516458,219376,362532,362028,456633,219228,53083,405383,12861,438942,310723,239055,421221,212156,405244,482719,307877,407617,93349,420900,196239,138796,242813,220475,122038,275339,110581,229967,503128,136609,374761,477643,47656,353607,74846,20280,478557,430126,56961,275923,271666,296375,406416,346506,93482,307892,132036,9146,459113,434553,325432,290368,185491,401726,434397,273763,275695,492505,361491,344260,68117,206731,121630,516101,244005,295653,31833,258966,87394,454993,289985,67168,92355,168664,14910,399628,348376,225605,228390,271082,482255,476933,462703,250963,12841,85460,252716,170025,258173,479400,60669,507294,229424
47,380302,177130,66278,370299,336544,371276,285305,110640,492941,380137,135729,473550,383957,495376,111500,519754,493457,361913,364635,511886,244005,370506,520985,121662,265032,285794,374664,66683,248170,269026,325277,482140,256129,439360,86761,219181,479595,5991,372422,447442,512247,117660,371989,421890,443041,291277,397419,15079,464435,218737,318987,360127,412976,477889,373644,285573,160168,478907,203882,443348,254224,401280,136430,106648,22509,473587,511794,356755,493079,132696,110619,355148,511174,362739,370451,476556,191119,401038,380410,358323,305011,290046,445232,448707,236782,96668,430019,308497,268192,22553,286354,129163,257944,214137,405876,376023,332,86606,122038,4712,282097,399771,470653,52303,275785,453673,58020,328720,92505,187475,515819,287852,120473,279350,136902,138796,366370,375998,471464,32053,130561,428108,101217,239055,131737,493199,284753,93349,378543,425896,514989,291554,124246,67167,451394,295653,333742,229424,219874,232403,517518,299433,246542,515005,365352,273059,213081,121363,37835,267912,270136,296375,219135,375788,189493,272226,233102,196919,271666,421065,443121,239930,275695,515488,85670,302357,68117,414044,305422,284807,157075,353899,245007,228390,107682,478255,224176,435162,511122,35310,292700,188777,432547,482255,126757,417226,287718,56961,462703,473275,335353,262088,392797,154596,177223,25339,401726,468417,491871,454993,447572,459113,269705,437241,475800,130975,328129,32741,227855,48402,146625,410322,389160,357328,390585,31833,236996,516458,53171,328747,362028,352657,220475,219228,242595,194270,135783,388508,273651,9146,300121,443246,208773,452411,371664,225306,195045,427435,371717,87394,420900,77282,353195,74846,477643,85460,260997,178461,478557,112746,261532,504134,453235,256006,57736,492319,457803,466275,407118,110581,418388,158710,151031,8192,399628,90257,402308,435249,218975,172197,40728,226476,361491,344260,399552,380279,279779,304663,380338,371381,355353,136609,405244,321206,516101,86456,137141,123838,468145,218682,313014,95876,346506,375126,279632,476933,406416,33126,111014,469587,362532,517481,225216,139071,67168,287157,421562,297862,13259,23114,528,385067
48,132515,370299,177130,371276,66278,383957,66683,160168,370506,269026,356755,123930,511886,110640,264374,304663,355353,380137,361913,325277,364635,75354,314607,218737,374664,157075,294967,492319,244005,473550,512247,473587,256129,94683,248170,4712,219135,297862,219181,372422,207135,482140,405876,86761,15079,112464,464435,285305,115943,412976,360127,226476,56501,285573,135729,478907,130975,362532,443348,54948,127288,4270,16460,439360,414258,492941,511794,291277,96668,85460,363652,471464,445232,151031,110581,511122,236782,241552,358323,239055,473993,517489,136902,111696,92505,508320,42350,414044,448707,248974,332,239944,25339,479366,453673,22553,210666,22509,23467,381539,493079,376023,86606,195526,520985,421562,399771,275785,219874,225044,58020,328720,32053,286354,333742,177223,120473,305011,131737,232403,428108,366894,8192,333946,493457,93349,425896,443121,67167,98557,238879,457832,35310,214137,488772,284807,108718,154596,499812,421065,121363,251821,287322,290046,440672,203708,447442,287852,242595,138796,233102,196919,218468,375998,289374,418388,218975,282097,256567,516458,362028,219376,328254,239650,170071,71772,478255,177861,435162,56961,146766,136430,500215,224176,414272,371989,514989,123838,461124,482255,417226,395303,237655,473275,54282,487987,374955,138217,279426,401038,465155,378543,401726,261532,305422,417499,475800,454993,447572,88443,219070,330586,353195,256332,425945,406416,286964,467807,101217,130561,203882,203770,376850,273376,188777,186334,373147,457953,236996,461166,228390,272226,219228,244189,443246,407364,275695,296302,241454,409200,260681,284753,33832,513482,420900,402987,77282,229967,443011,59183,427435,430019,24094,107699,260997,402002,371381,407617,21628,405244,250963,72497,516101,271666,410322,260229,435306,321206,52303,435249,173644,237417,122038,107682,504134,280302,136688,245976,111500,481275,361491,300458,344260,370451,137141,322450,299433,407118,415250,218682,67168,346506,18470,122045,483391,249642,424246,452411,57736,517518,517019,74846,365352,476130,251556,225148,40728,252420,131604,386829,13963,517481,31833,162789,495376,528,202342,258578,157654,208773,258173,428460
49,336021,371276,370299,353607,464435,66683,269026,160168,370506,512247,5991,112448,511886,124246,304663,360127,264374,218737,32053,376023,110640,383957,364635,374664,4712,244005,380137,252716,471464,66278,356755,473587,405876,294967,94233,372422,122038,305680,219181,11545,15079,248170,473550,226476,482140,86761,443348,400252,177130,285305,222928,361913,379356,131737,117660,56501,135729,284616,285573,291277,219135,286354,4270,127288,54948,371989,448707,239055,511794,492941,111600,483477,287852,517019,363652,445232,203882,333742,236782,136688,517489,438942,177223,257748,86682,136902,466,414044,177217,439360,48065,492319,421890,135783,247234,22509,434553,453673,214137,425896,130561,190974,136430,493079,399771,275785,421221,417226,225044,89636,264976,120473,493199,427191,446709,328720,212942,138796,373644,86606,40272,428108,92505,466957,378543,219376,186124,65236,173644,273376,493457,418388,238879,42350,35444,415250,375998,390585,121363,93349,296375,290046,399628,447442,38711,95876,8192,392797,484484,426446,290368,48269,228390,481834,130975,358323,144551,443121,256332,478251,362028,402031,284807,349257,220429,71772,482255,67167,261532,478255,251821,299336,267912,224176,245007,483445,478907,111737,514989,445438,196919,237655,473275,300121,335353,302357,520985,248799,138217,401038,512345,401726,232403,395303,360902,177921,447572,88443,225306,354267,35310,402987,34647,232254,465155,437241,406416,467807,407617,85460,330477,482723,289374,475800,260681,190061,346506,212446,96668,454714,272226,242595,443246,94541,362532,218975,214715,136468,157075,361921,459170,390913,458372,405244,273763,420900,371717,58020,402308,178461,423340,229967,74846,260997,402002,268192,516458,179524,250963,72497,112746,406609,479581,454993,343122,305422,52303,371664,435249,110581,9146,459113,515005,332,151031,107682,68117,50148,342701,111500,17656,40728,447839,185558,361491,275408,300458,344260,371381,516101,67168,87394,372556,111014,131099,323007,271082,476933,45255,122167,335042,208773,479400,31321,493774,130645,518204,191119,93482,1260,516730,453235,365352,131604,515427,195045,517481,528,211515,332440,187475,82027
