,0,1,2,3,4,5,6,7,8,9,10,11,12,13,14,15,16,17,18,19,20,21,22,23,24,25,26,27,28,29,30,31,32,33,34,35,36,37,38,39,40,41,42,43,44,45,46,47,48,49,50,51,52,53,54,55,56,57,58,59,60,61,62,63,64,65,66,67,68,69,70,71,72,73,74,75,76,77,78,79,80,81,82,83,84,85,86,87,88,89,90,91,92,93,94,95,96,97,98,99,100,101,102,103,104,105,106,107,108,109,110,111,112,113,114,115,116,117,118,119,120,121,122,123,124,125,126,127,128,129,130,131,132,133,134,135,136,137,138,139,140,141,142,143,144,145,146,147,148,149,150,151,152,153,154,155,156,157,158,159,160,161,162,163,164,165,166,167,168,169,170,171,172,173,174,175,176,177,178,179,180,181,182,183,184,185,186,187,188,189,190,191,192,193,194,195,196,197,198,199,200,201,202,203,204,205,206,207,208,209,210,211,212,213,214,215,216,217,218,219,220,221,222,223,224,225,226,227,228,229,230,231,232,233,234,235,236,237,238,239,240,241,242,243,244,245,246,247,248,249,250,251,252,253,254,255,256,257,258,259,260,261,262,263,264,265,266,267,268,269,270,271,272,273,274,275,276,277,278,279,280,281,282,283,284,285,286,287,288,289,290,291,292,293,294,295,296,297,298,299,300,301,302,303,304,305,306,307,308,309,310,311,312,313,314,315,316,317,318,319,320,321,322,323,324,325,326,327,328,329,330,331,332,333,334,335,336,337,338,339,340,341,342,343,344,345,346,347,348,349,350,351,352,353,354,355,356,357,358,359,360,361,362,363,364,365,366,367,368,369,370,371,372,373,374,375,376,377,378,379,380,381,382,383,384,385,386,387,388,389,390,391,392,393,394,395,396,397,398,399,400,401,402,403,404,405,406,407,408,409,410,411,412,413,414,415,416,417,418,419,420,421,422,423,424,425,426,427,428,429,430,431,432,433,434,435,436,437,438,439,440,441,442,443,444,445,446,447,448,449,450,451,452,453,454,455,456,457,458,459,460,461,462,463,464,465,466,467,468,469,470,471,472,473,474,475,476,477,478,479,480,481,482,483,484,485,486,487,488,489,490,491,492,493,494,495,496,497,498,499,500,501,502,503,504,505,506,507,508,509,510,511,512,513,514,515,516,517,518,519,520,521,522,523,524,525,526,527,528,529,530,531,532,533,534,535,536,537,538,539,540,541,542,543,544,545,546,547,548,549,550,551,552,553,554,555,556,557,558,559,560,561,562,563,564,565,566,567,568,569,570,571,572,573,574,575,576,577,578,579,580,581,582,583,584,585,586,587,588,589,590,591,592,593,594,595,596,597,598,599,600,601,602,603,604,605,606,607,608,609,610,611,612,613,614,615,616,617,618,619,620,621,622,623
0,6626,4806,7657,9974,5383,8087,7565,7422,6301,2648,7380,3205,1666,8625,3136,1295,9923,2024,4499,1616,1889,5049,3036,628,1225,6127,1043,8030,8574,4489,9586,7933,9963,3625,8934,7700,9689,7921,18,8865,96,1315,5491,4740,9120,943,9069,9909,3515,5046,8238,2546,573,3294,1120,5173,3006,1819,7160,7707,3676,8635,755,4034,8910,6181,876,1261,3570,9249,4451,9329,3886,242,5258,398,8091,5974,1528,4276,1039,9497,8305,6103,6062,3934,3437,4982,2958,9271,9534,1517,9533,5424,3138,7559,3642,7891,1837,8287,7091,6354,5130,6087,2701,109,9582,2027,2330,4707,5900,3660,261,7273,5877,8588,4676,7082,2575,1825,5194,9567,3947,1074,7309,371,821,9145,7794,8232,3130,1893,3363,2054,1006,730,1333,2460,3623,7576,1522,5375,9648,6218,8589,8166,3042,7431,2962,3340,5568,8970,8157,6001,4170,1657,9945,6240,2832,6106,2036,7419,1920,4858,9019,2478,9220,5777,7809,6227,3609,3120,8359,3144,9927,3434,6521,7916,4840,1310,2011,5653,6445,513,7665,1547,5925,710,3943,7870,982,8110,2270,7390,1144,3064,3271,1853,8523,3705,9556,8655,8067,3754,1980,5132,4321,2525,2154,856,5333,6903,7104,1940,7781,5462,5200,1024,6105,2550,5260,114,7100,7448,4685,348,4025,8034,6284,7928,4177,6623,9469,900,1194,5395,7252,2772,7957,7180,2446,7879,5536,5625,8580,7753,418,3818,764,453,9892,7255,7278,3635,6178,8075,7226,783,2226,8294,2195,5358,2941,4939,2794,1291,7724,3275,4459,5241,6398,4164,4363,392,7400,9624,4667,1303,4440,5751,9934,8,7547,1314,3826,1495,184,4365,9860,7054,8630,2219,9816,8847,1169,5566,1288,5433,2824,6749,4758,1855,262,4152,6078,8955,8808,5036,7024,8068,3496,2150,8334,1652,287,6867,2021,4598,1071,3446,3057,8674,1701,5616,5303,5841,3083,7696,8682,1021,5694,5346,7752,1681,2332,8641,154,4535,9628,9028,7436,9143,7165,9775,5077,9957,8587,6713,4789,8460,9807,2635,2964,4754,638,7548,6118,350,4293,8104,6644,8240,7259,6433,5779,1402,915,4383,5204,9843,5664,9993,9135,4500,1987,9510,8279,6233,9826,6849,8598,6534,2047,9545,735,1424,8000,3830,3309,9239,2208,8649,4438,5675,8113,8694,881,3613,7339,2447,7769,4111,3828,4918,4288,815,8881,2272,4797,3908,5332,5621,2796,7804,1632,474,9881,7043,2754,4423,7992,622,4638,6449,1094,6635,7894,2126,1644,6281,8184,3883,1098,3165,7566,3533,8283,2880,3152,3415,6869,3032,761,92,9517,654,8089,8768,4938,1565,375,2351,5262,3266,3211,5286,329,6486,395,9128,644,2514,3173,6934,5782,5301,6173,4249,802,2369,105,2128,5487,2428,8178,9563,1335,5214,5987,9932,4864,8601,3362,2496,1954,1012,5148,2472,2789,4565,2593,8991,2133,7798,8878,614,5587,1760,5470,7913,1483,4341,3758,4420,933,3753,8375,5810,4259,7139,9037,937,5511,4749,9992,6366,9149,6373,4925,400,6193,8248,6742,7383,1653,14,4822,8108,717,8173,562,6036,8329,6040,572,3513,8544,3013,8994,4464,3303,2780,3401,1661,3548,4234,5153,9788,8272,5628,4004,6408,8572,9558,3302,2104,4053,4863,3704,1942,616,6625,2394,5291,3234,4654,1668,539,5796,5870,8966,1998,7485,6667,759,525,7108,4481,6465,4376,4046,9605,5290,8980,780,7355,7452,4278,6762,6025,9054,8062,2829,4929,4073,3559,2412,9022,7110,9702,7694,2390,3884,4842,2469,8707,9192,3742,2231,3630,4089,4882,6066,1854,5752,6250,2268,5364,6738,6296,6390,5612,6816,4902
1,7479,7156,8705,5985,884,6295,9618,2145,4100,3998,1875,7118,9686,7578,7748,1052,4206,9029,8496,8818,9967,5544,2143,2909,1129,3409,1600,2185,1839,3347,1123,877,1029,6905,3492,1792,40,1486,6884,9367,1921,7138,5491,8013,3991,6022,5920,4029,66,5135,5789,7242,2731,7855,1120,5173,9333,4424,7160,3104,575,962,7492,5670,6436,6482,6252,2661,4693,4775,3004,9531,6363,6533,6207,7271,4022,4274,2310,5769,6595,2571,7430,4218,2190,3934,599,7866,7995,8577,4903,1517,3345,462,8311,7559,4712,9472,1653,6029,9541,9854,8743,6087,1941,3903,5869,9088,5381,6985,2517,4882,723,251,9578,7642,1982,1805,552,3799,5904,282,495,5945,3761,2379,1172,7741,2432,6162,7854,7225,9491,7824,9652,730,1969,1510,5847,1730,4531,1210,5309,8981,3792,4247,7531,716,3314,3463,9459,9987,7395,7063,3762,2267,4987,3614,7711,6890,2238,4436,5363,3989,1965,2574,4970,700,7420,3547,568,3841,1899,5224,5103,7467,1625,6679,8097,2334,2343,1294,6107,4421,7233,3844,5925,6201,2440,4723,3641,1578,7166,6368,8517,520,800,5722,9856,5272,6012,310,8969,7352,2967,5443,4321,6383,8537,748,8698,5807,8533,7334,6624,3722,7932,1024,6025,3299,7039,8801,1330,1912,5978,9732,826,5540,8871,4257,7405,1252,1932,4074,4567,768,4125,6528,3859,9604,6619,5513,1005,8939,9315,6572,582,3046,2323,960,5115,8363,5157,648,6484,4625,2363,2801,2226,5747,615,5590,1426,7858,9097,2651,3707,4511,6968,8924,665,5717,9408,8528,3059,4948,8608,4308,4524,9463,8672,9713,8745,1314,9813,8405,6868,5592,6202,3740,8630,305,8676,5638,4200,334,103,5433,9850,4696,9404,1855,4480,5980,642,4884,547,7988,3431,2500,216,2150,8334,1570,2075,7739,2778,5602,9830,1662,2510,4657,125,4058,2193,4564,6831,8023,6145,878,7119,2735,1604,6690,6059,1822,4364,9056,3482,3675,7436,7133,5460,3965,8200,7797,6073,4071,9133,9465,4802,9989,2964,7919,638,9875,6118,3352,5803,5178,250,2371,2774,4904,7964,8185,4664,8297,123,8189,5664,1713,2587,1550,4799,1757,533,9745,2406,4290,8247,1218,9702,7917,9767,5093,8760,616,720,5210,6694,2632,2783,6680,7937,8694,7341,7984,6081,2009,6228,5854,2663,6234,4984,8318,3035,2851,829,9219,6691,855,1643,6530,1762,5984,3884,9150,2754,1613,866,7325,7770,9451,8729,6358,9425,2444,4583,653,2560,8823,4115,7490,7566,1413,8435,5110,0,4418,9124,5493,1748,1576,5444,8715,5772,2536,1612,2103,4162,1085,7773,9922,317,703,388,4931,4961,1157,394,8222,9023,3397,4051,481,4945,3021,26,2146,105,2128,2481,2168,9381,6033,2308,2619,2521,1343,9635,2340,8720,1,5163,7403,9552,1458,4441,9757,7388,4589,2225,4155,2857,9503,6810,1453,7065,5858,9266,321,8438,4059,709,7758,5581,5810,5972,9977,441,5377,9341,680,9460,541,2217,2939,5719,5871,3000,5335,4328,3739,3497,6767,1188,2612,1618,7567,7443,5475,6993,7509,6521,249,4844,8038,2337,223,6451,2780,3117,5990,4422,9626,9539,736,6827,6881,7433,2348,2624,7752,4513,4854,1022,345,389,9735,1457,7466,9344,563,1538,6576,830,2088,9722,5907,3295,4873,6841,8925,9528,3393,468,9113,524,6808,6141,9659,1837,7617,5037,8520,8959,4692,2747,9918,9322,9950,4939,4313,5988,5958,8845,7663,8850,6753,5028,4825,5733,9106,4556,2204,6170,5977,7737,1624,1785,9477,4851,7214,9229,7456,9047,2160,6657,4163,6400,3855,1365,8852
2,2830,557,6220,9855,6458,8984,3339,6472,4343,5610,488,7118,3259,6422,6822,2761,7633,2740,2988,1616,1963,9809,9256,6840,6184,9719,1043,5991,1839,1385,3128,3996,4490,1703,5699,2678,1753,487,79,8237,5748,2136,9991,8013,4510,1704,8036,5005,6417,661,5481,5092,2730,841,9610,4925,1794,6541,2373,7203,4770,8869,84,5669,8147,7253,9127,9842,1933,9183,3595,8006,9560,2052,4166,4991,2797,3322,9805,9882,8883,8362,9456,5609,8689,8604,4092,1257,7585,1835,3442,5774,2689,4659,9599,5764,2556,6099,1653,6468,594,6851,5130,384,1382,274,6462,9088,2330,9075,3724,7977,261,2503,2374,7642,2812,3688,2263,7861,8159,2584,714,2287,5300,371,5226,7312,7794,6162,9162,8926,2977,3160,8207,8560,2461,3348,5057,2828,1484,979,9346,2777,5483,674,439,4581,7356,514,4726,3632,3976,7819,6273,3107,9945,2401,2691,7281,4147,3089,5626,2639,8338,2965,4970,809,7725,3547,8920,4662,4449,5224,3489,1427,2673,5311,9225,822,3840,8203,8167,8706,3513,9509,7890,4525,7881,7218,8566,2823,9916,9138,3381,9382,3106,8042,5725,277,9990,1224,8969,8085,5438,8772,3745,4020,6391,5891,312,5807,7550,2380,8810,1336,2420,8076,11,223,9134,2494,8430,4641,8127,6629,5000,3666,2418,9066,3229,5365,3140,4520,1589,6226,7071,2539,2542,5499,3401,6070,5624,7423,8194,9105,6402,7042,9538,9894,4242,4225,9380,8061,511,8783,8876,783,2226,1097,2203,8431,7506,3115,7693,5367,7628,5523,1813,231,2172,6866,1357,9184,1711,2728,5212,6188,4801,6605,5993,5004,5812,5775,6758,1553,998,4365,9860,3740,2148,2219,1812,361,9077,6487,1288,5672,4571,1598,6008,5866,5100,5172,4128,763,6516,5036,3634,6144,738,7350,3564,7032,5577,8481,6397,4354,6408,1121,988,7672,8059,5701,1610,7631,7963,8595,6351,878,311,4956,7903,8019,2342,7816,2682,4928,6137,1362,1411,6179,4210,9296,1727,7797,6442,6347,8343,8938,765,2635,5799,3433,121,516,1173,5034,8148,4211,4570,9703,7259,6433,9779,1842,3456,9868,9849,1926,6924,5041,2897,8575,6045,3653,2074,5790,8866,7014,3715,3157,8567,9545,5469,1406,6669,2969,1880,8114,4584,1900,4438,3725,6396,239,5740,8060,1259,7594,5562,4182,2663,8667,9593,908,8080,9639,5054,8622,5332,5621,2796,9212,1762,3017,3133,6649,617,4651,7074,5086,3648,7593,3435,8168,9082,7326,1671,653,9009,6941,1098,7287,2750,3134,7609,5806,1668,7435,4255,457,3550,604,9517,7906,8089,2347,1354,1673,2349,5696,667,1365,7117,180,2235,1803,6359,4151,3685,8222,3173,6944,501,5942,6650,8548,566,5357,5296,8088,4260,2322,1110,8651,2845,6560,5721,236,4864,2340,2039,3832,2662,2485,9017,719,8344,186,1777,6620,3857,7943,2766,2860,1786,6285,2874,7645,2046,463,3791,3696,709,3925,5838,5588,3393,8445,1248,5652,2669,2551,4527,3561,4551,9482,4478,4975,195,5192,3874,2278,9938,6214,670,2598,8492,6030,8065,5185,2478,4541,8246,3040,9756,2930,8994,6471,7641,6272,4284,6032,1750,6338,5197,9788,3806,6687,4331,5223,5837,8696,9056,4686,6429,3695,2719,907,4065,6902,7666,2468,7052,7894,138,9124,7611,9762,2392,8990,8465,8893,2290,7532,7803,1109,9467,7844,2659,1007,6086,7883,8709,9964,8921,6787,7952,9473,768,648,2867,3524,6245,1242,7994,8825,5178,5390,1457,5473,4867,5216,1781,8364,159,1818,7254,7480,9688,515,7854,8158,7942,741,5934,5345,460,5249,3733,5539,6376,5339
3,1197,33,8606,7481,3981,8840,5306,2895,8183,5391,488,3644,9686,6422,7685,1052,7633,415,4499,2253,5013,9809,3110,9201,8304,1214,8206,9027,6058,8242,4186,7933,7560,3625,4347,2069,4786,6412,6120,2200,8326,1585,9991,5937,6492,9199,3175,3723,8940,8806,380,1077,7303,8146,9548,6139,8636,9667,7127,1539,575,2506,503,7507,6416,6482,2942,9518,7896,6307,2388,9596,3639,3086,8376,7271,9197,9325,4265,118,3366,5999,4521,990,7806,529,3437,3831,7097,6795,6499,3551,8846,1141,3241,6096,8410,2470,2620,668,7656,2414,7205,8909,929,109,1162,2027,5962,6985,804,3153,7867,3188,1251,8980,849,3688,6164,1892,8392,5864,8602,2311,6185,5128,5472,4267,2432,9092,76,7966,3363,2878,2710,426,5729,4941,6030,6076,4548,7101,4463,2777,3955,7172,8010,8774,7936,9857,9116,8769,3300,2989,1082,35,8307,2401,1186,6890,4224,4626,5626,2984,9692,5242,3746,2822,5031,4044,9434,7277,4632,2770,5971,6040,9313,5498,9026,8968,6206,5457,3899,7729,3513,9175,4306,710,4692,7870,3641,5105,7166,7390,1144,6256,6171,6566,698,2269,9500,6857,3290,5533,2930,4325,1263,6524,6401,4119,444,5807,2951,3105,7781,5973,7210,7556,6025,223,1909,3060,6367,430,9614,1401,7641,8175,3950,7168,9324,5365,8905,5160,6593,8632,7589,887,1838,3562,7381,5190,2243,6143,6167,3395,6002,6083,2323,6547,6714,3940,7757,1650,5319,8783,4986,8337,5671,1758,7951,8779,5299,9940,4234,3916,403,3924,6316,8924,4465,9884,695,392,5565,580,5238,5788,993,182,4442,4506,8745,6960,6361,1495,2739,4365,9860,2886,6075,2219,8676,1883,1169,1158,4104,7941,8750,3201,7155,2866,8953,2122,19,1329,42,4192,3634,4041,3549,7634,1615,4169,5580,9288,1769,4281,3552,214,1852,5090,9171,4058,5303,9786,7963,8595,6145,5064,311,2938,7752,3536,3335,5327,3066,4928,1891,2076,2399,8285,956,3965,5077,8235,2104,5186,8343,3849,8330,1943,8138,6353,5865,5250,2455,7726,5803,4211,3361,8240,3695,2366,7876,7056,923,4534,9172,1994,8885,4068,3490,4932,4799,9059,1942,9664,1647,2110,4001,3157,3388,447,5469,2236,8000,4207,3309,9239,5786,9202,6698,15,8389,239,1791,2221,7020,2447,5983,9046,3828,2151,9593,4010,1222,9741,2658,5946,5332,9590,9444,8434,9893,2483,5800,6649,617,8477,1390,798,5508,4771,7189,4033,3199,7326,4583,6576,8540,6779,4115,7031,5216,1060,7697,3686,1668,7323,9375,1986,761,9770,7912,1045,1472,4842,1147,6325,6376,4817,7095,6088,626,8828,8096,1515,4002,8020,1293,5318,8109,276,5177,4493,7418,704,304,6080,8371,2128,9526,4220,2281,9563,1335,9440,2521,6056,4885,8601,6841,6409,3532,696,7961,2409,8964,7372,7621,5589,8893,4028,7064,3291,1195,771,7065,4304,1483,5519,3860,4059,5308,2529,8375,8764,6379,8466,441,937,6291,7572,2837,9800,7921,4497,9698,3573,4775,5899,7619,6847,7756,534,2416,7554,9432,1670,2309,6280,7368,9927,2138,8597,6768,9109,7842,9136,7268,5605,6871,1302,4377,7183,1073,9011,3146,6881,4128,9053,5837,1470,9143,5558,3542,3306,133,7477,8199,1215,7666,7437,7019,592,8435,1316,6410,4198,3295,8037,7272,6154,9535,3697,6220,5824,2089,3515,3364,9533,7973,5545,351,1083,1386,1621,3404,1067,348,4444,5880,9952,9969,2817,124,6328,9379,2251,2492,2807,3468,162,8633,8047,8308,5754,4391,5828,8004,5500,107,9019,2904,5700,3848,4101,9896,9678,7544,5612,8759,2499
4,4235,1321,7657,7481,7387,6295,7772,5401,6301,1278,1614,986,3699,9780,7269,3553,8785,2723,8662,7923,4533,7254,2883,919,5852,2395,8557,5314,7505,3347,3268,5145,7560,3625,4551,8979,9461,9129,3915,8693,4369,9751,2065,8107,5839,9199,5920,2493,3515,7285,1379,917,570,3414,7235,9698,8636,4424,3701,7707,9255,4848,3587,7507,559,5331,213,7955,6757,4775,3004,6658,9360,48,9506,2442,8091,5642,7603,4827,7093,3917,8305,7722,6062,4678,5045,2707,7995,6795,4297,4877,5559,4659,3317,6096,8410,6951,5144,9525,1260,749,6055,6087,252,5008,9582,2660,8802,3898,3195,4909,4445,3188,7508,7260,6335,194,139,3198,6461,5591,9179,6334,4679,2703,6984,7741,351,6162,9162,8926,297,5097,7280,7838,8374,1623,3168,5398,2167,5451,227,6218,5646,3058,6147,2790,6440,3463,4339,8769,1531,4553,2015,646,5207,8436,5392,5189,2036,1156,5626,5817,9295,2252,2171,6027,4880,3547,1906,8765,9737,3144,3868,7307,2673,7131,9225,822,7533,6791,3556,8675,543,8468,9195,8757,3939,4772,3663,1690,3404,7952,9100,520,5336,8042,8372,6904,5618,5208,9390,5703,4610,5627,3081,6524,5863,5014,2127,37,1017,7033,7781,1336,2420,483,5340,6404,7025,5512,726,51,2776,9732,507,2246,131,5201,9777,6372,4519,4074,8384,2733,3310,3586,3477,1352,8519,9180,1722,5165,8194,741,8382,6769,1111,6250,6865,3940,1419,8411,2971,8783,1415,2439,2226,5944,615,6332,5231,7322,2794,6407,7084,4968,6316,5089,2172,5717,8486,7094,5565,9674,7930,6394,74,7154,7972,8506,7547,8395,3103,1030,2087,1474,7213,429,1359,692,119,9794,7469,5578,4104,1934,1858,4894,1541,4408,8045,5172,4128,7728,1956,5432,473,9314,8900,2257,7827,1570,5223,9288,9411,1405,419,5571,4054,7267,7994,4058,6730,8845,1282,4895,833,5064,2684,2412,722,2978,3285,9096,154,7909,9565,989,7701,6979,1174,9296,4716,732,9654,5186,490,969,1126,9989,3786,8716,324,4160,8836,1498,126,5787,9791,9144,1949,8880,2093,1842,5176,1861,4062,133,6924,3356,6927,5322,3615,9250,8489,5790,7784,6672,7614,584,5213,1961,2449,5239,234,8439,1880,3080,6694,2632,5393,8268,7937,1768,7341,7466,1088,1215,5983,2636,2498,6234,5933,9442,8080,4709,7315,7096,6700,6642,1888,2882,1762,4738,1922,9150,9750,3813,222,622,4638,1840,1346,8168,260,8121,6021,8681,6739,1061,1098,8766,5881,71,9416,1627,3152,4418,4776,5493,1748,539,9517,5330,9486,9386,373,189,1114,5696,7773,212,1204,1042,8220,4784,4030,3522,8901,5706,6986,1205,9193,5942,6173,410,802,2146,1845,7345,9526,1138,9625,8461,5773,636,6146,4616,9635,5143,8331,6612,6298,7783,9017,3444,7370,485,2593,4141,8833,3041,6047,8559,1786,7949,9406,843,2742,5131,8341,3696,7499,9589,5838,9709,6743,9291,396,5377,8087,7661,2740,8206,2069,3723,1706,7885,666,2030,5133,9449,2917,3724,5767,5194,6084,7570,8820,6331,2919,2859,8941,4642,5722,7626,6391,6494,4286,8632,1068,4922,7460,3183,4801,7149,4200,2188,4759,1071,806,4195,7029,9277,6435,5249,5076,5849,5613,3613,9218,6530,7969,2240,2913,3855,1497,7635,7488,2845,5102,8925,5876,2961,4653,9094,3727,6995,9108,4850,1372,7861,4531,4732,8514,2301,6175,3905,9905,9343,1325,6510,1731,7989,4202,5077,5287,6628,3289,2272,705,9369,1200,860,9503,942,1052,2907,6426,8571,98,2502,7089,2424,5009,3734,7816,8086,5621,4479,7927,3887
5,4793,885,468,9974,7387,8366,4995,2946,9846,2665,3877,3969,1002,5222,3090,7661,9445,8050,4695,5530,3307,5544,7920,6710,82,5640,8206,5314,2512,299,4186,8616,9836,2833,8934,7700,2359,9129,18,8693,1901,1574,4755,2504,524,7591,7673,9020,6852,8233,4849,6715,4478,3770,7406,5407,9333,7885,1756,3104,7944,4848,3141,583,2644,6898,6448,7955,7896,1076,3595,4082,7099,48,3122,4395,2746,7366,4265,5584,7859,9497,7200,7537,6736,2590,1554,924,9714,1835,4903,55,977,9824,4251,7026,2438,5650,5055,1767,7373,1617,2296,8039,2901,2132,4180,3763,4752,1945,3835,5293,7867,870,867,7642,5843,5416,2604,2855,3601,2014,495,199,515,5128,5572,9145,2432,3374,3583,7291,6850,8464,1527,7620,6052,1510,9455,7576,6253,979,2936,8981,3955,669,8010,562,5442,4305,4575,8769,5734,5834,3881,646,5207,2401,1186,756,2036,4048,2284,1016,3928,8514,8921,3223,2071,8383,4047,4662,4449,4415,4650,8290,2673,7131,7129,7348,3015,7470,3471,52,369,8468,4306,3510,4569,3966,8197,1640,6289,7050,4558,5804,6248,5492,5712,7327,4999,8655,9795,8267,697,6006,3081,9551,5863,9229,444,8687,8533,3803,7959,9961,7210,651,5340,5992,9134,3604,1330,2112,7716,1478,6186,8175,3980,5206,9324,5374,8256,6674,1589,5605,4125,1081,4205,2073,7607,5190,1534,4601,1028,3395,8229,5324,2315,498,3200,3971,7757,8411,292,9396,1415,1383,2226,7150,8144,7464,2892,4860,6306,5367,972,3775,3798,6511,665,4487,302,4056,3368,4929,7106,3483,2152,2293,9142,5004,8393,506,3507,5283,4965,9248,8219,429,7247,9443,7346,3870,4183,5644,1288,4997,1935,4894,6008,9955,262,7731,4704,4884,1032,2181,4023,6144,281,4078,7238,4230,5580,209,3931,90,4552,4256,1852,7672,163,9513,4588,5510,9068,9227,8682,8008,7546,8354,3189,3333,3714,2042,6328,510,7068,4694,9530,7691,7165,4337,4683,2210,784,8043,2382,9581,1126,5887,2964,4318,121,9859,983,2985,3994,6429,4570,2371,4105,2261,7964,521,8819,8132,9172,502,7176,3356,2587,660,389,1374,6441,4159,7784,3257,7114,2175,2047,454,6150,2114,422,9284,1479,8114,2208,2654,6698,6686,5522,1768,881,9666,100,727,406,1783,1469,8851,7497,8318,3838,2851,4270,6005,6691,9012,1643,3383,8511,7009,8249,6505,8781,6072,7074,2430,1538,7517,1742,8073,7177,9158,1764,3530,1348,4828,3493,7031,5881,4173,743,437,480,7323,9004,797,5902,8409,1919,3273,8089,2536,8251,6816,5969,3937,1781,1365,4301,703,3092,9979,6636,8020,9584,8222,8264,1205,5091,5301,7230,3021,4334,2204,5296,360,6531,1138,1110,6801,8425,492,3192,2949,4885,8470,3362,2220,5163,696,1533,8465,8072,4835,7621,4141,8361,7798,6388,8559,9446,9286,2448,9060,9734,8261,3758,479,7532,9589,4189,1240,5569,5808,1248,3517,3720,8917,38,3561,4786,4808,6819,9255,6436,8414,509,9999,938,5500,1982,9726,7280,2676,3058,3987,9687,5202,9274,3513,1441,4496,856,4971,5735,7957,7381,6239,996,7982,8639,3204,8915,3461,1475,1071,3057,6378,4468,490,8733,5229,2611,7286,7361,7020,7769,1632,9156,8797,5539,8347,5262,5155,7675,8651,6409,5744,280,475,1751,1347,9751,7105,8739,3917,9039,9179,16,6331,2056,7618,9864,7257,5152,6572,8724,4308,692,1846,1957,8796,7040,3983,3080,2540,2597,1569,6986,3464,3820,2280,3633,6917,9965,3964,8513,5842,5316,2559,783,8154,5759,4211,6565,4135,6290,7388
6,4235,7290,6220,8916,2471,9651,5306,6472,7737,535,7850,1878,2846,1964,6091,4687,8785,9224,8122,38,4481,8923,7826,4527,1129,871,5631,2185,6058,8242,9586,1167,1072,4372,5963,5926,9461,6412,18,1720,1901,2755,2939,7264,2642,3274,6759,407,9984,1013,3759,2546,3262,5169,2802,7931,3608,4424,1428,7203,4770,4848,7800,5670,6999,601,876,8509,2454,3890,9194,341,3684,2052,8376,9419,6041,172,7603,4739,3366,3917,2627,5609,8689,6552,2725,8100,8822,6065,9449,4743,9533,4659,9943,2685,8255,2983,6350,8163,2003,3682,4167,6342,9057,5008,2826,1154,5500,9075,3724,7072,4219,251,9578,6129,3074,2791,2263,5371,2686,8545,7662,5848,8989,1902,9492,7741,5506,4503,561,7291,2101,8788,8207,8560,2461,4019,5847,7098,4531,8936,5906,8173,7440,3494,8010,6439,98,9828,2793,7111,6780,892,7393,1119,4987,5456,1285,7281,9190,4436,5281,4099,8125,4832,2643,47,1592,2467,2149,3120,7795,3544,6716,4194,9313,4381,5022,831,7227,20,6830,6631,7243,6251,9195,7519,3447,2048,3640,4926,2270,1441,4728,5082,7999,976,8459,6904,9556,9109,984,6663,2930,4325,4814,4020,6401,1145,6242,2698,9170,2578,4113,2063,1738,651,5711,4783,4461,5636,9099,7853,7716,348,9796,1048,7337,7598,5674,1252,1250,4520,9574,9148,7589,3132,4124,1352,5494,9950,5624,6143,9315,9213,6002,247,4946,9270,6692,7472,7278,3635,7159,9898,7810,5637,1503,5452,9899,7460,5552,5084,4360,6338,3707,4782,1546,6511,6398,5717,778,4785,1207,8639,2113,1303,74,8278,2891,4562,3218,3808,6758,1495,184,540,1332,8671,7539,9427,6483,3870,3320,2160,6216,4920,4571,4696,6008,5866,5680,4279,7746,879,547,3224,4023,8068,738,8171,2429,1652,1763,2817,3354,3810,5819,5571,3611,864,1701,1928,4246,2040,752,5943,4390,8008,1425,8680,2737,2117,5620,6415,6328,6013,9431,5354,3577,6179,6140,9296,6187,732,7134,3164,4361,969,4586,8874,7110,3433,8424,4623,983,6414,4017,8202,250,2371,6389,9960,2093,6606,4452,1861,6818,1926,8951,9993,1258,1223,1874,9059,8489,9745,9450,6849,140,4647,7012,454,6996,5093,2934,4748,8419,3733,5786,8649,7522,1692,8498,6614,8274,9495,2001,727,3288,4182,2663,4918,3822,2096,3071,4091,5054,5946,8997,5315,1450,4149,6704,2468,2333,6906,2754,8477,9311,6321,4165,7679,8729,8073,6907,9158,5420,816,5929,9812,7875,1046,5216,7416,9106,2880,7983,830,6869,5228,1551,539,6557,9663,8089,8056,238,1863,375,3499,9754,6088,6954,3075,3560,5026,7924,5907,6856,9326,8777,6934,9193,3448,1784,603,2045,5357,1845,7449,5370,4289,549,3997,2308,8398,5106,64,129,6399,4282,1,1300,2485,7579,3444,5479,5445,3638,4773,6555,3376,3804,6170,2002,8336,5470,9060,5509,4341,4386,3696,2549,9589,8725,9709,5032,7206,6964,5377,2283,680,7939,6184,80,1574,9669,3006,6426,7027,7434,7549,9298,3370,2604,5545,2878,2167,8589,5313,8903,975,4421,2579,6248,2967,6101,7892,3980,4540,1005,8600,5583,9956,2534,7496,8630,4384,7148,9562,8595,579,154,127,8054,1656,8189,8813,13,45,4010,4231,6449,3091,4418,2815,4646,6249,4824,8047,7956,5604,771,7682,1455,6127,3024,4774,3616,3934,7193,8440,2605,5834,5626,4306,4660,4796,88,7950,7183,9814,408,2836,6901,1174,1949,3180,1479,5270,9985,1389,4052,6033,5102,8261,2555,3915,6436,7508,9092,3906,277,8494,2941,3098,9935,3365,6329,4934,2275,3008
7,659,7290,192,7481,6458,2161,7772,9347,2968,7108,3877,6090,377,9780,640,9008,7207,1743,8809,2712,1117,4627,7124,6840,8612,5574,1043,6241,2512,5139,7061,1036,4630,2178,4469,1792,5397,8746,1198,2200,8335,1585,4755,4740,5839,607,1492,608,5267,3656,380,2546,4303,4005,1706,6870,3608,5792,5486,3097,4935,2506,755,9002,8147,6804,9479,9720,8665,6307,4075,3022,9360,8414,7332,7271,4022,3009,9805,9108,5348,6490,3252,3167,9659,7318,4092,8368,1481,6247,6847,5774,6610,1833,8301,7559,8410,7891,2620,8163,9541,3845,8945,8909,5629,8365,3096,2660,3148,8565,7193,3660,5297,3691,2374,164,5117,794,2885,5371,5904,2014,9885,751,9152,8526,5226,9873,1477,6162,7511,7718,2488,2054,9652,7958,4701,1184,1319,5398,2890,1210,656,1178,7740,8520,6959,1582,7936,3340,4339,2903,4591,4553,1696,6364,2125,8436,1285,3123,2238,3702,6387,4099,6319,2574,2338,5777,7643,2751,2411,2264,4449,7509,4530,7391,2697,7131,7289,4846,2011,20,421,4240,543,249,298,8757,7881,290,3640,1705,7166,6205,2873,9756,1338,8042,6790,940,4999,1224,8141,1254,3670,6006,5369,7143,1161,1145,4944,5807,9490,7335,7257,931,7210,3938,3800,712,1047,1607,9958,7892,9437,7650,9796,7319,3303,4257,226,5856,4519,4998,4567,2733,3310,4731,2980,9205,810,7493,6191,2911,8580,5931,8229,7042,793,3139,2633,7472,3296,3635,511,3539,3819,4338,5355,5452,1165,8724,3548,6282,1787,7807,3707,3775,6316,231,9568,9884,5050,5996,1711,536,2141,4308,2152,2784,8672,3528,8745,8327,3826,2201,6868,3124,6809,5947,6075,5534,5966,1962,4183,2160,2361,4621,4404,4285,4979,1262,5680,5172,1907,4331,547,4658,1461,7447,5042,3624,1471,652,6000,6867,3354,9879,9562,9682,4145,1232,163,5616,4492,1504,2480,6562,6351,579,4315,8529,3189,5668,8136,1822,2682,4513,2589,7237,9530,5575,5460,9126,6187,1044,5412,3254,8626,9465,174,127,8054,4053,1630,1978,7801,6554,6893,9371,376,9154,3523,6433,8284,1402,9540,4534,4144,6753,5664,1713,4079,4932,706,3922,9622,6233,1647,5279,4992,4579,5213,6225,5469,5683,5149,9284,2196,3733,6694,6832,4426,6625,7799,239,6586,3652,8074,7863,7769,9834,8277,4593,531,2807,6588,8495,2696,6005,7880,9012,5270,9204,8673,6400,1922,7755,5548,6072,1960,427,3769,840,705,7660,9021,5458,5366,816,8540,6365,8156,6639,9831,7832,9416,8105,7090,7435,2760,1569,1796,8409,3329,1132,1472,2536,4027,6654,6376,8120,2672,7771,5360,5707,9733,1803,4961,7357,1293,2927,4636,6944,5091,7654,3945,603,4006,4824,7927,2375,6531,5614,8234,4873,5773,8990,8437,6056,6891,8795,1871,9617,3142,8946,8266,719,8964,4565,3638,2289,5547,4028,6740,2860,7542,5897,9570,5858,1567,5131,4937,9245,1193,4684,6915,9665,6379,906,7445,3517,884,7737,2757,6058,3915,2065,8233,3455,5454,6678,2590,4057,8571,5040,6164,2703,8773,6728,7431,9804,6993,8829,52,982,3591,7016,6943,4971,6322,1081,6495,1103,5245,1685,9624,6361,119,1400,5036,2813,4058,4788,8285,5476,1836,3706,2587,447,7777,5682,2851,829,928,8320,5912,9933,6954,5870,4715,9543,6345,1408,1818,5972,6355,5776,1865,6630,9947,8748,5500,1251,3160,1917,2474,3101,7327,8310,9054,3940,9373,2370,947,3592,2624,4866,5799,1573,787,9639,1459,1540,5901,6290,4589,3178,4495,8907,8377,7028,7,24,5014,9574,8012,8808,5129,2074,2202,2444,4526,7164
8,5511,7156,8606,4847,3334,6662,7468,838,3475,535,8295,7118,9686,5222,2350,694,1065,2024,4695,2407,4533,9058,3036,4262,1225,1669,2106,6241,6705,6464,6366,1898,7175,708,8018,1792,2879,65,79,4836,8335,1574,2065,4919,4736,3274,6160,608,6417,6617,4203,2546,911,7855,7406,9238,9333,6541,3237,4975,3673,2506,7492,3118,9925,7253,7761,9821,6031,9511,773,7551,9560,2274,7782,3879,3243,9947,7603,1870,7093,6244,8305,7434,4123,7336,7375,6764,7986,3378,2664,3551,4566,7869,600,7559,2556,938,6350,219,594,6354,2721,3399,7217,4380,3096,9088,3730,8563,2043,3153,7895,8351,7508,895,7883,8965,2416,2855,106,2014,6119,2287,8989,9874,3406,6071,5506,5037,9162,576,2488,1561,898,578,2605,2915,6030,16,4174,3960,227,359,1571,8429,8010,4670,7936,117,5011,889,7568,8922,136,4132,4987,8436,9070,5174,7925,2130,5363,2984,3928,9345,4405,6180,7643,818,724,2562,7795,7086,5677,4120,4952,5124,1739,1848,3840,5457,4794,8675,5196,9509,8158,4525,7487,9282,4746,8110,4012,7261,4558,3985,800,8042,1834,6762,4496,6946,3290,6589,9338,5316,1263,8827,1161,1217,3959,9527,9490,3105,9203,5020,4609,483,9693,5992,7039,5959,8430,430,5352,5687,6863,5540,131,6843,7644,5856,8256,9361,6043,5395,7589,5520,2241,1352,8500,1464,776,4601,9315,2354,4498,4515,1107,498,2633,3617,8521,3635,8373,7768,1601,8337,5439,8294,8988,7460,7478,4223,9820,7820,7299,7107,3848,523,2594,3747,5050,3863,5645,6313,2729,4114,556,3277,6998,5941,1829,3808,8891,2201,2026,3124,7224,5617,7539,9427,7346,3870,3320,6487,2417,2362,9621,3191,5345,2819,2191,947,4689,9221,240,7988,7433,7364,1475,4117,8811,1570,3773,9288,9411,9308,9562,1121,1556,7267,612,5193,4588,7274,1908,2140,8332,4009,5694,8044,9620,8019,1884,7489,5778,99,6569,1362,7754,5575,791,1937,1699,7314,477,1353,1101,9252,3672,3650,8839,9378,7997,8624,983,7587,3487,4756,8792,2371,9458,7864,3375,3055,9540,9868,5649,6753,5664,8315,1258,8575,7671,1850,4344,1445,7482,1309,7114,3687,144,1605,7361,9294,8000,3830,8049,1903,6565,9701,5003,6719,858,1768,7655,4140,7347,3836,5562,4812,5678,3752,3822,3756,2863,8856,68,6457,4388,4607,5099,4572,8169,8525,3884,6906,6874,9946,2597,8288,4340,840,3435,2250,8320,2294,1644,9168,8540,1061,1098,8766,5225,2233,4168,8105,6349,6493,7491,5493,9362,8409,1389,4737,1864,2674,2212,4747,1497,188,6046,7611,7117,7831,5072,4931,4961,6724,394,9326,4547,276,5782,7675,1784,7486,4334,4824,1845,7449,5738,2322,8234,4839,2308,8398,8437,7017,4269,5298,5161,8101,2662,8103,5148,1238,4820,5445,3419,4589,7202,8552,5831,2856,6549,8336,3846,9342,2207,8261,3860,6149,2549,5158,3023,9665,3008,3178,396,8937,557,1714,7751,8612,9461,2952,2730,153,6307,4401,3874,5559,4712,2259,7985,9064,7511,2167,3026,362,6027,4044,6864,1830,5082,6006,6559,2501,6413,7182,8070,1446,8843,5241,5857,7496,408,1598,1055,6408,7631,2795,8562,1216,4702,9154,3356,58,1452,2764,8851,8799,978,6281,9369,1472,4367,405,8088,7462,3578,3390,8223,725,7723,4954,4369,400,2454,3366,8172,9145,8684,3219,7452,290,635,9488,9614,1302,7807,629,4894,2181,6568,6073,6886,3588,2545,5621,222,9091,974,5422,9757,8761,5755,6735,6039,5864,9987,3841,9170,2497,3862,3446,125,7726,2884,7882,3092,6889
9,1197,9603,9656,701,3853,9061,3720,6472,7737,5821,6330,3205,5277,1964,6822,5549,7207,3692,6594,2253,3307,5544,3110,7282,8612,2228,1686,2185,890,1347,2437,2107,7175,1703,8018,8192,2879,7571,4590,1391,595,7908,3657,4919,9120,2583,6160,3693,3155,4774,1379,1518,6333,5828,7406,2059,8732,7885,6210,1765,7944,9764,6812,8790,3977,6007,8661,9842,6031,9183,3004,4082,3684,5192,5258,9051,1367,1658,2310,6977,6595,6244,2627,509,3466,3934,1272,8100,7995,3739,2711,4743,5611,462,3317,9811,6266,3647,8653,5179,2003,6109,7369,7584,929,4779,5869,9088,1591,5372,3044,5293,7895,3188,2374,9913,9042,3772,2885,8505,2686,9217,2044,2311,3500,3990,9492,4267,4943,9092,8789,5816,5269,9240,8129,1975,2461,435,5406,16,2167,9792,3240,946,3026,3058,6508,4581,2300,1328,4726,9987,1531,4007,3881,9476,9076,4559,5070,6890,5232,6922,6387,8479,9499,9345,4405,8142,5031,4044,724,3788,8063,5768,3489,6911,2697,9260,6747,5113,6206,7470,8246,513,7848,6340,2680,69,3258,9282,982,8110,6094,7261,158,5804,4906,3430,3591,3316,8177,8655,8969,8281,6175,8196,9658,8685,1163,2935,7873,9527,9488,4008,7257,5448,6471,7538,6025,8726,5073,5636,4199,63,2419,3359,1276,863,8031,518,226,1252,8256,4520,2933,550,6272,5520,3902,7429,7113,9950,9412,3594,5704,5931,8382,1973,2692,498,1446,1208,1026,3459,5319,8708,6520,4146,9151,5245,6737,5358,7478,2032,9097,7807,4477,9529,220,5241,1057,3747,5050,5996,3059,343,7930,5961,556,182,8516,7149,2602,1651,3506,5283,6498,1364,2487,1171,6916,8480,8713,7857,9077,854,103,5879,5840,632,8570,2091,7426,947,6972,763,958,7402,9588,364,7775,4078,43,8082,4508,1242,1256,9308,5586,1662,4145,1232,433,8472,6535,6277,8160,5809,8682,6546,5199,8529,9620,2117,9982,2853,154,6013,2589,8825,3577,8902,7165,6069,4716,443,6879,9187,7712,3849,8330,2990,3786,9677,3511,8624,4026,5034,6732,2327,6053,4103,2166,4538,7876,7056,5176,4383,6112,995,6924,6664,365,499,8299,3597,893,9664,7482,8813,5709,6537,9702,1247,9767,2114,5890,9906,3309,8214,6565,8649,2475,6625,9681,4574,6952,4140,3882,926,4323,4111,3907,3752,2378,6390,7715,1590,367,6329,6691,9012,5099,4149,1632,4738,9881,4924,617,8982,7993,5965,2522,1789,1742,6611,9609,8490,8751,2400,8184,8823,1289,9787,9401,1915,4168,5806,3152,6746,4776,2464,8619,539,7473,7906,4862,4842,373,1673,4367,188,2672,7771,5360,5411,532,1515,5067,405,3034,6249,3173,3397,4419,6551,5949,7486,4334,8707,4715,7449,1575,4289,549,8651,2845,1708,2521,2265,2262,6176,6580,1,2662,3308,254,5597,5479,6806,4275,8084,2133,4102,9330,6170,7495,771,4277,9060,1567,6276,8227,1675,6889,5158,2313,6976,1654,9845,734,8937,7772,9717,3479,4316,4551,5921,179,6541,6420,4274,4872,7585,8163,4705,6061,4615,9162,9631,9953,7395,9157,8829,7211,3510,2458,7352,5462,5570,6413,9574,1633,7757,5084,4360,6897,3194,8800,4571,4004,9327,5273,3335,1362,8423,5803,8792,8656,6217,6694,3836,3025,5693,7679,4033,2364,5798,9247,2482,4824,2308,4864,6667,7065,7758,3572,9439,2920,6870,8961,504,9582,2806,107,3987,9019,5196,1810,4800,8175,4070,783,1747,7224,1071,8332,3432,3962,3653,5386,8080,387,3273,2469,8579,6740,3072,5461,5180,3596,3601,3220,2048,7733,5998,9899,42,1817,3992,2285,621,1984,7485
10,4793,5021,1455,5995,2471,8057,920,872,9846,2139,6330,986,3259,7572,6822,1052,5109,5989,3501,9299,4954,4627,3036,3654,8614,4391,1600,4798,910,3347,3232,6018,4150,3932,7003,1792,40,7571,3915,2787,8326,2755,3867,2504,9120,943,4791,3323,179,661,8190,512,3262,9839,7871,9698,7844,8679,1756,1765,3190,3573,7484,3118,8147,9793,876,1261,961,9919,6141,8302,3684,242,7332,2442,897,3085,9805,8963,8956,5999,6989,7234,3466,4678,7375,7528,3246,9271,2664,5774,3222,9422,8301,2685,7706,938,210,2232,9298,1617,7911,23,252,3776,591,3370,5381,2038,5900,5205,4219,251,6734,164,5344,8965,1776,4674,106,1035,3964,3063,4679,5128,1548,4267,7376,5037,561,8684,5892,3160,8701,8458,2605,1594,3623,3865,2167,2341,9346,8981,3405,3058,3042,3736,6544,514,4575,3632,4484,7819,7262,9476,229,4764,2832,6437,3802,4436,8658,4099,1221,9345,6802,700,2218,9840,568,2562,9405,9034,6716,7467,8947,2335,4139,2473,7533,1667,3556,7729,6200,8971,7890,2532,6587,9744,3640,8110,7171,6368,2904,5082,5305,3430,3591,3316,4496,310,383,7057,5428,5316,4814,5112,6015,9229,7608,4462,7550,6326,7246,3978,1508,6582,4362,3299,9000,7720,9901,1912,760,9732,9723,7279,7749,9661,664,5365,7779,6674,8384,3627,6097,3209,9147,5801,810,1464,9412,2911,3117,6871,418,5324,2315,4045,6714,1208,5157,9376,4236,1075,7349,839,6382,5245,8144,7460,5299,5084,3579,7699,2829,4968,3798,8803,665,3825,1307,4785,2451,2728,2141,6510,556,2784,4442,8397,1829,9952,3103,4900,4890,1771,9353,3100,788,9030,6483,1883,4373,4803,6750,3698,8273,4696,4324,777,8508,4279,19,7600,1956,1820,1055,2189,7300,2257,8334,1584,8055,6867,1256,7562,4552,9327,9679,5090,5710,8472,3709,5841,3083,8595,8682,5919,6935,850,3357,8747,3714,1991,8692,4513,9377,2076,6279,587,7165,3185,1069,2752,6879,1806,8691,3689,9807,2635,1836,5080,5865,8244,1173,6554,3994,6638,345,3811,2166,5981,5779,1402,1782,6019,123,8189,4871,6232,1573,7353,1874,2489,8489,4677,4080,6672,5709,4579,2047,1467,6265,1452,5950,2969,3480,5210,5619,177,7522,4725,3325,1768,2329,7404,8074,8417,7946,461,2663,4918,1501,7123,7715,4091,2599,3908,6691,2037,8011,5639,2641,474,5166,1152,6874,978,7052,2430,2852,4771,5623,7241,8320,2876,5420,3530,4116,6208,1944,8985,1306,1540,7609,5094,1668,4418,87,7893,5280,6720,6557,654,1472,4842,373,4747,4368,6262,6046,1702,626,8975,5072,3894,7924,3839,9594,2927,3173,9801,7041,5942,5949,904,4006,2405,5248,8515,5487,4957,8927,2768,9729,4076,6146,2949,379,8795,589,5181,4542,7956,7579,2781,8344,1741,4275,7926,8833,4606,7678,8559,1786,6285,2339,843,5509,7293,5347,5762,933,4684,842,420,2305,3178,9803,7164,3334,4343,919,1036,2089,3657,5481,2898,2877,8664,6736,2278,6266,3153,6061,5,5269,399,6508,8436,8718,7795,2343,9195,7501,6782,5891,6105,171,9161,5066,750,5253,8564,4585,1553,7444,9049,547,5531,9935,1681,9431,9102,9520,9960,8522,3558,4207,7341,5252,4628,3416,1346,9401,8960,6816,5907,4419,921,4269,7621,5519,1654,5277,1686,3912,1539,1658,6823,3790,552,1477,4132,306,2431,7316,8801,8099,6645,4477,7106,1288,2053,1952,2177,8836,9825,1406,4680,1689,1143,5078,5658,4138,4176,9867,8865,6425,7309,3344,5457,4857,4601,3194,5038,5620,5849,3756,5477,9181,4351
11,8712,4292,3712,2283,5383,1000,7204,7422,7392,2665,4561,8816,6539,6422,7748,1759,3469,649,4499,6419,4481,7751,5505,6424,3369,2228,7954,3718,5760,9487,2437,877,5256,5288,6772,6945,1317,3630,6120,9367,5748,1315,3867,8107,3024,7265,4791,1609,4447,5719,8238,1245,7303,7855,1706,8378,9333,9667,554,3104,9738,3573,503,2932,6416,4668,9549,2638,3919,6307,6141,9596,3639,7232,7782,7271,2943,172,4254,8248,200,7619,2376,7018,8201,4328,5045,924,4597,5554,5793,9131,5265,5690,3241,7705,7152,5635,9504,2232,7583,8571,7205,2917,3121,3903,2297,8069,3148,6264,2259,4705,261,2067,1251,390,5344,9355,139,7342,7451,8545,9726,199,5300,1102,7201,1054,6066,4417,598,5816,6850,8464,9498,8773,2461,4816,9455,9547,6253,8936,656,1646,6837,3494,613,9163,2300,1581,3043,9550,3976,5121,4170,3107,4987,4764,7355,5979,3565,1156,8535,5817,3928,1386,8921,758,9555,9840,3609,2184,2109,7509,3868,7467,8941,7833,4577,4983,3015,5622,3556,8407,3513,1684,5320,2944,7126,5063,574,1578,7171,7390,428,6470,9254,5380,6790,5272,4999,8542,8067,7057,1311,3338,9658,6411,1161,1217,2127,5807,1017,8316,2588,5462,2420,5727,5711,6666,3070,8801,4865,8952,5968,5343,7228,4960,3303,3843,7629,5325,7779,4595,6043,6980,7589,6528,4431,2547,1473,6578,1534,4601,7240,4629,3373,4578,1111,9410,6714,6032,8230,4475,6178,7329,5496,8312,5253,9708,8550,2121,5583,7858,9820,7820,7084,9529,5521,231,8512,5717,9408,392,1711,9592,9085,1303,1700,1674,1746,5378,657,150,3103,9080,3204,9095,7213,5947,8386,2799,8848,7476,4183,1158,2361,5672,4404,3191,8899,6100,3801,4279,4602,4101,2158,2505,7024,364,2836,4078,7827,7032,287,2053,6848,464,9830,3446,4145,690,9171,3260,5928,2169,8160,2140,4617,4009,1091,9226,4245,6690,2332,1991,6328,2557,6569,8583,2810,9316,6140,9126,1377,6122,1027,3254,1041,1216,8448,6098,8138,7919,638,6435,4026,6886,3649,6236,8792,3811,545,5981,3706,6126,5468,964,169,995,4871,8507,1828,9413,8299,1946,2074,7981,8866,1284,8247,9366,1577,907,5268,9294,5149,1192,2492,4065,4516,9727,5750,5114,7055,239,1020,7984,8271,3836,7769,9046,6532,8851,9593,8771,1407,3049,2657,2843,3926,5417,5291,4572,5302,6183,6489,7043,1227,7220,7992,2430,5508,7377,1346,8168,2240,4815,2187,2055,8830,4654,2364,5912,6357,3439,9106,8657,1668,6493,4792,5771,8755,1480,9517,2386,8089,1155,7597,3007,1011,3499,7773,9365,4301,180,2023,5598,4742,7635,394,1520,4549,2017,4648,3448,5075,5845,8426,4824,4715,9153,8388,6443,8178,5422,5811,8398,8437,9932,4345,930,5102,3502,2662,7956,1807,6345,146,1741,8530,9159,1396,4102,3804,5119,4600,337,4277,731,2046,5131,4319,2655,7648,525,3286,2119,5032,7206,1579,728,7811,9595,2273,1931,8346,5920,8233,6453,341,7366,599,8328,7369,2517,5117,7934,1535,7101,9877,2125,7494,7809,6026,3760,471,5917,3735,5260,1401,5164,3818,7036,2803,4675,308,4494,2148,742,6567,8055,1928,5770,7691,2635,6312,8217,8315,6938,5284,1215,2151,4270,1689,8536,2079,4842,375,6944,2146,2384,3833,3603,9535,7499,2830,1043,8648,9238,6685,1554,6266,251,2432,7395,8770,6787,5502,4464,2780,517,5648,4524,5471,455,5841,1891,9997,9135,2196,4984,7517,2880,5707,5227,4618,5347,8394,6412,6552,985,6708,3702,5863,4225,9519,3700,4539,250,5294,2387,4018,4386
12,60,9006,1843,9301,884,1230,2945,5401,4100,3998,7380,602,6539,9707,4387,680,9094,5989,3501,3526,3479,3087,1972,3212,9103,5574,1686,203,7689,6464,3128,3996,6855,5288,5699,9276,9461,80,1198,2987,5748,7480,9991,4537,2642,9264,6759,608,6417,954,6726,1116,5663,8853,5150,3391,7844,3979,5486,699,7944,9576,7763,3118,2925,9104,1514,7251,8428,6307,2923,341,5698,6014,7782,8784,2746,5974,4265,4827,8638,7601,7200,817,7998,9944,4512,7109,7097,6247,2991,4877,9929,8748,2798,1587,5048,6294,3790,6468,9541,1281,7205,1372,1941,4380,7037,9306,5381,2038,9258,7977,1166,8974,7142,4137,2397,794,2575,733,5194,5864,1755,3143,3500,5739,3230,4106,1618,3651,2997,7225,5785,1797,9652,272,4087,1623,9631,8001,4834,5794,7454,327,3026,7172,3042,3736,3563,9857,6875,73,9111,4007,4170,1657,1304,4332,6331,9470,2919,8269,6387,2639,3061,9687,8921,9647,4933,818,8920,7277,5295,7471,5971,1427,1625,4953,8097,822,2343,2213,3556,6899,543,6427,9195,8757,9988,5063,7122,2823,3861,7622,5752,6256,1826,976,6790,277,8038,9109,1034,6756,697,5132,3010,6524,2154,8586,7837,4462,2159,4273,4113,2063,152,191,2541,5992,7025,1607,4865,7853,8127,1199,1084,7319,3037,518,9055,7708,6037,6674,1526,9322,9161,2539,2241,5247,2446,9180,1534,7744,754,1068,418,9273,9538,9270,8584,6032,7757,1513,2585,9898,2363,5637,2226,1758,7951,2306,2941,2032,4360,6947,166,6446,6859,1177,6573,2064,1307,2197,9539,6313,2141,7684,7817,8278,9370,6788,3218,1314,3103,9508,2739,4294,519,7054,9949,6395,9496,5638,1169,2381,4209,5433,3677,6749,5345,9671,414,5471,2356,8955,7612,7988,4023,2500,8900,3624,3564,9924,3099,5101,3931,5039,2162,4587,8864,1232,4781,8472,2193,6277,1817,5943,8149,6546,7546,3571,9620,6690,9998,7489,3067,5916,3482,7237,2810,9143,8611,3965,7411,1044,2104,6459,1041,6159,8448,4644,5799,7384,5275,5250,7613,6886,1493,3472,3361,9236,4635,349,7181,6606,5176,3889,6818,1994,7780,6664,1573,2974,1874,3793,8360,1799,3172,8776,8598,6537,7012,7002,6265,2291,2950,8325,1555,8114,9230,6832,45,1692,7055,271,2847,4140,1088,3836,5983,1783,436,8851,4984,815,1100,1489,367,2843,6682,3312,1888,5639,9893,474,5800,7755,2495,9946,530,9397,1318,7593,5623,6611,3199,2294,1764,9168,3538,4654,8156,2255,9903,3134,7697,3457,480,6493,1369,2464,5612,1480,3329,8668,5889,4842,1147,9722,1011,718,9754,6088,7117,8170,2482,438,2610,7635,6856,9326,9178,2753,8646,2462,5227,7087,8179,148,7927,3512,4335,4957,549,7069,8037,1708,8029,3970,5582,3643,8476,7191,1913,7956,7359,6496,7370,2618,3638,1345,3857,4028,263,3820,7495,1716,7602,5876,9266,2357,8438,3127,3270,4684,3286,6976,9904,4887,7421,7164,9341,8394,7038,2779,6988,5351,8233,1756,6420,8961,7343,8930,3399,4909,8753,9911,9279,5451,8513,8436,7419,975,8786,249,7999,5384,3978,9196,6322,6860,6209,2670,6318,8564,4667,4596,6245,9850,5042,9084,7331,5071,4364,1176,4379,4863,389,9915,3869,1447,2096,5230,7283,8729,162,2975,4018,9436,8666,7935,2340,5744,3758,5032,8625,7061,9120,2616,2454,1007,3807,1054,2777,4305,1221,7512,9244,7104,4614,5198,7226,891,5840,7634,2735,3607,4538,9321,7458,5387,4165,3721,1687,2845,7552,4176,9008,6884,924,7004,994,2646,2588,2971,2881,8154,7545,4799,7006,2727,3473,2961
13,2736,557,9025,9855,7387,8984,2555,2145,7077,8348,3508,8250,4014,1964,4136,5168,3469,9890,8662,3428,3479,6640,2568,4527,5878,6127,9300,8554,5760,5461,9439,1350,9963,2833,4469,8239,1753,3630,18,8865,4171,2136,1482,4740,6933,7975,2224,2493,3515,4714,5481,1518,7105,4213,2802,2511,9573,2820,2898,597,575,2506,755,8790,3977,5331,9127,1693,4693,9183,8462,8006,7027,6533,6207,968,2746,7366,9805,3678,8883,7619,4521,7537,2190,9944,5045,8100,3246,6887,2711,9131,6293,97,8918,8317,3807,4413,5055,2232,1260,6109,3283,7584,7217,5836,591,8069,3148,4050,9672,3153,5825,8974,6734,9913,7793,1387,552,4762,2861,8545,3947,4355,5300,1418,9492,6071,7376,6162,8789,7596,232,215,1527,3109,6878,1184,8553,6076,4834,979,2936,7174,6386,7172,3042,4088,7356,9888,9877,2903,9645,6708,3220,1119,5475,4332,5069,8867,2502,7651,8535,5673,6319,5488,7840,5777,5630,8391,8920,7199,93,4536,5971,3906,4217,1468,9685,1848,7211,2918,2431,5960,7665,9175,5320,8757,3939,3529,4746,2823,6288,241,158,5051,6171,3671,8996,2269,8356,8949,9390,8085,697,3338,9658,2525,7884,4212,7837,3764,713,314,9203,5448,4036,25,6621,4942,1047,8420,8430,7448,7716,5687,7228,1048,8871,3095,9777,1252,4435,2948,551,2683,5104,2772,2542,9604,8350,5190,5536,3594,8580,3395,8229,9833,2315,9270,6714,7255,7757,9112,4444,2718,5496,2439,5355,7687,9320,8779,8092,2032,9097,7699,7084,6446,275,8924,845,9980,1968,4450,3368,9674,1127,6188,4440,5085,9788,3767,289,150,6817,9660,998,7438,9860,8800,1359,2403,9496,361,9077,8607,4594,1934,6117,1340,6008,2749,7742,2122,1324,9400,7612,9121,1985,4041,7775,2257,7827,2058,5580,5101,2021,4643,1019,3398,8864,7540,5766,5701,3694,7331,3083,2140,7766,2818,7245,8529,2737,2978,5620,5251,5778,6013,6137,8390,9448,6979,6140,1937,1377,732,6879,3164,4361,6744,5558,9022,8839,4754,5027,8009,2092,1659,6893,4379,6053,1233,596,8345,8284,521,4452,9868,2554,3504,6192,5543,3537,5322,3615,1850,8279,3574,2029,7014,4722,3687,5126,7917,1211,2966,202,5419,2492,4065,5116,5386,4393,7187,7937,6614,5740,2221,8860,5326,7946,478,6532,3208,8387,5781,2863,1590,4811,7144,2884,8488,8367,233,9893,4738,3133,7019,4134,6072,530,6321,4638,3420,4996,2250,6967,2294,8797,9466,2560,8823,2566,7490,1930,1915,6182,3686,1431,5539,4255,955,5612,539,5798,3273,6781,2888,7137,6816,1011,1200,5262,4980,7117,3519,532,3894,8859,4640,8901,6024,2865,4198,9193,9704,3543,2527,8666,2405,3295,9153,4317,4957,8253,6803,7413,921,860,2265,9635,8795,6580,7667,8252,9710,1533,8465,5922,4565,4563,5691,5744,8552,7401,8339,8929,8025,5423,1818,9528,463,4386,2694,1193,2529,7046,2526,3393,5808,7008,725,3655,4749,7920,538,3986,8335,7586,7885,9842,9506,4544,5783,7369,645,5007,2311,8709,7899,4575,9908,6993,2071,7833,7218,5029,8763,1336,5711,5485,6377,6578,4236,3918,220,6510,2026,6987,8678,4060,2813,5710,1622,5354,1296,8836,8086,5649,4818,54,271,2636,8051,5548,8540,8156,8619,5696,2245,501,1998,7045,614,2339,8022,7204,3212,9395,699,897,8328,8571,1831,1797,2125,2984,5938,5914,5098,171,3169,6970,2891,5753,7513,3357,6159,8850,3704,4568,6406,9079,5216,6174,9932,9192,4950,4793,5169,913,5843,1186,7129,7050,5152,7580,330,1176,4021,7694,9082,3512,3376
14,5884,9867,9025,6981,7198,8984,9618,2668,8183,2139,4561,7118,3259,9675,7685,7661,4206,3974,8532,2617,4533,2077,2231,7282,4896,1214,9300,3319,7304,8242,357,3561,5256,5923,6988,9276,5397,2089,6502,4836,2907,1585,9991,7604,5170,1925,6160,9909,5267,5243,8190,9669,3262,7586,5723,4718,7844,1819,3455,9502,7427,6633,6880,2616,6436,601,2955,4915,128,7425,5323,5183,4669,6533,663,1631,1283,2030,9805,1635,7786,7619,3244,7062,8201,6823,5045,7528,4597,9235,2664,5783,977,8976,8007,7765,6177,2893,4730,6074,9298,8957,2296,8909,3331,4380,95,8069,6838,1945,9374,4909,2057,6824,670,1953,5344,4178,2416,6858,8159,6948,9726,5848,7309,8053,1831,1790,5506,5576,561,6286,9035,1862,8207,8560,1969,2460,6030,2828,7455,9580,5309,2426,9776,669,7774,4088,3563,4305,2793,8769,3976,7915,7849,1657,6035,9863,5313,9470,4224,3702,5626,4434,6319,2574,7745,2822,2218,8422,1380,7328,7795,7471,4181,4120,9041,3486,7129,1310,2343,1854,3899,8675,7243,6427,9195,4763,4692,6939,2144,4926,9407,7316,2904,9382,3106,5492,698,6910,5384,3013,8141,5396,697,9244,3081,4020,5146,8474,7873,1733,713,4008,3735,385,1738,191,6105,8726,9676,5959,726,5285,7716,8663,9796,2246,2418,4457,228,1989,5681,2497,3261,3318,6097,3209,4124,2073,8519,7493,776,2808,9810,6871,6402,7456,2086,960,6692,2615,630,2670,2937,9283,1415,8312,5671,8294,4443,8431,3548,4223,4234,7807,9453,2410,4717,2867,9568,7081,5050,9870,3368,580,2113,8778,891,8637,4396,9713,3218,2457,6817,2675,3679,9248,9860,5947,6916,6395,9816,2868,1086,5578,4993,3856,9621,3954,9388,1855,1400,5038,2356,4101,8844,1820,1979,3176,3496,3700,8154,7475,7989,209,6469,464,1019,9084,8721,2960,1701,124,1610,5510,8160,3749,658,579,1425,4788,7120,6514,5620,2853,9454,9056,3482,8390,5435,354,8611,7900,1377,7797,6073,6459,5791,1216,4586,4866,6198,9378,8733,9875,4504,2266,4017,6638,376,9703,6389,4863,9746,5287,9540,3889,9321,3983,8090,1713,2587,1550,1874,9598,1938,1799,3593,2211,4021,9366,5125,5697,3589,5861,5666,4207,2196,5210,4516,1397,4624,9954,6396,6614,1020,4140,9524,2447,5983,5593,2839,3208,4216,1664,4093,5720,7315,4825,6203,5621,2295,7804,4485,4522,8594,6505,617,4651,834,4966,3648,1434,9493,9841,7177,2887,8549,8033,6337,3669,8156,7615,5142,3439,743,6536,774,3415,6869,2464,8619,1480,1780,715,4994,8056,318,3247,3590,1085,8633,6314,317,8828,9762,7521,5901,1157,8901,5318,8109,1808,181,481,9216,2527,6290,8707,2051,360,5487,8228,1110,2768,8037,8780,8029,7688,4269,8795,8331,3832,2662,8103,7961,3082,3426,4841,3419,5691,8361,4028,6047,3520,466,7949,5470,4767,789,6276,4861,2694,3610,2961,8375,3394,5569,906,7445,3517,1321,986,8015,6479,1342,6223,9839,9573,2661,8081,599,4184,1037,3660,7642,7741,2432,2890,5065,646,2929,2184,1694,3040,5502,310,6211,483,2507,1181,3019,2585,9052,2508,5153,4442,8800,4696,3634,1769,5943,1622,4337,3432,126,8284,9843,7917,8419,3836,7640,1643,4907,8442,8985,955,609,2017,5087,8841,555,7738,463,3821,4749,6366,2952,3423,8812,7585,9310,767,359,9292,5971,770,7709,7538,1442,6315,1177,8327,9475,6602,864,8642,3375,5279,5386,6691,8681,9036,5078,4051,2409,1675,3137,5918,4166,3195,351,9937,8523,2033,2249,8973,587,6644,9495,3584,5987,8943
15,60,9341,2142,5985,2471,4665,9618,2946,9356,3998,7380,8897,9071,6369,8003,1052,7633,5824,8122,2623,1117,7254,2883,5755,922,9113,9300,9800,6705,3942,9398,458,9963,6905,7003,1342,40,8746,3915,6896,1901,218,1482,5937,3024,1494,248,9020,6852,6380,4849,8048,7105,6571,9086,7931,1624,6808,4096,7707,9255,5180,400,8790,2925,6770,4634,8509,3631,9183,4075,341,4401,48,5464,7843,5335,2030,2004,5769,619,6292,9456,4264,3466,4328,5133,1257,1481,2450,1857,3551,6293,462,1683,8317,2556,2470,9504,9259,594,2414,7369,7886,7759,1663,4180,807,7153,9048,7973,4882,4921,5259,5527,8980,137,5416,139,4473,9616,9217,3964,3063,8108,371,9492,476,1728,8709,8842,8126,232,3154,7280,3534,2605,7899,4201,4878,1484,5882,2676,7174,2155,3494,613,6439,5065,5526,4726,7374,4003,7915,9908,2267,4987,4604,4244,8867,2036,6418,4652,8479,3061,8514,4405,3248,1592,8422,2288,3788,4449,2770,5596,3233,9920,4476,5022,2473,7512,5457,6830,52,7233,1547,1549,3040,3258,2223,982,6142,9916,6368,428,7212,2344,976,7362,284,8568,5208,6782,5533,1311,1844,1263,4142,9918,3215,8698,3764,713,8994,2588,3905,1014,6582,6025,3299,9278,8801,3214,8403,9464,7650,7641,9065,3980,4257,9324,5365,8905,5160,9759,5605,9728,8644,4124,7180,3171,2972,9412,1525,1028,1068,4498,2424,2315,3726,3200,7256,1026,9112,2937,9283,8876,5637,5253,8889,2195,8779,6513,2032,571,8313,3707,4228,4459,2640,1974,3747,5050,4056,1711,536,1747,6510,556,7115,4396,2268,4967,5775,9208,2675,7244,5855,2487,2871,1099,2799,8058,5638,3812,2160,103,5879,1935,4384,2131,1855,4480,2720,642,4331,4060,5036,1461,333,281,9832,3585,4769,6000,2025,5958,4643,419,3446,1852,2960,36,4156,5928,4564,9068,8595,7815,5064,5199,4956,7752,8209,3714,1456,6829,7663,7068,8825,7701,5575,5460,6738,4683,7314,2104,470,2382,1219,2804,1943,6198,4298,9822,6435,983,775,4017,3518,376,168,5550,8815,5779,6606,61,3889,2554,5076,880,8868,8035,660,2005,3793,8967,6233,9450,2211,4992,1218,1220,7917,2449,2114,202,155,3480,4065,9230,9727,2475,6686,858,4574,2545,3289,8860,1215,9024,2390,3907,4593,3822,4706,4312,1832,68,3908,6203,4231,1888,9212,634,1327,8594,3606,7116,1613,866,5086,4638,3234,9493,8791,8320,2887,1644,6576,4127,5349,2479,27,2849,71,6182,3457,4015,9623,7491,3032,6661,6356,1780,1463,6393,9712,3728,8145,8688,7294,9754,1365,5898,8170,3092,7847,7924,2814,3396,7536,7762,1808,5091,862,3795,704,2045,1449,5662,3512,4260,9612,8253,4873,5773,6503,9340,7688,9215,7161,4282,934,4190,8027,7359,5061,4820,485,5679,5604,7835,7798,3804,6154,6549,1716,3846,5858,7313,463,1869,479,4258,3753,6834,6344,6743,637,7445,5377,6826,3054,4262,7954,1029,4740,9238,5918,6007,9506,1554,8918,6342,5780,8351,282,598,435,9251,4007,7368,8959,9554,6587,1441,8827,4008,7060,7749,6037,7113,9892,8312,7693,5788,8891,2156,2866,2500,2058,2567,5732,7754,5791,6118,8792,8951,3157,3181,5846,5720,5639,7599,6779,5225,9124,212,644,7297,526,3832,2434,3441,2526,986,82,6502,9764,2687,2896,3876,1831,5037,6240,93,9026,7606,3382,588,5066,8924,3545,3407,83,1924,6371,5865,9185,1606,2882,5800,8409,8220,7462,1715,6915,9008,6726,451,5900,4701,9359,4461,7159,4968,7300,8200,1656,9495,6723,7208,4691
16,4793,9341,8705,8401,3853,6862,3572,6472,655,5821,4916,9595,377,792,7748,1295,9923,2837,8809,1583,4954,2077,610,628,5878,1669,949,5314,7689,1641,3232,7933,4727,1709,5699,3986,3304,3630,4959,1391,2907,2755,2065,5741,3024,2583,248,7839,9501,7285,5789,1235,4370,841,2802,8378,3159,9468,5486,7203,4935,9576,6880,3118,559,7253,213,9518,3919,8812,4451,4852,6363,6930,4166,6212,2797,965,1528,4827,8956,6244,2376,7075,7998,9944,4092,1257,5175,3567,4297,2486,7549,5424,8007,7705,2743,5650,4730,2179,2476,1292,2721,6304,5805,259,1162,224,2330,1945,804,4909,9505,5259,767,8980,7883,3554,2416,7861,111,5234,6119,108,3645,7979,8077,7028,6655,3651,6718,1893,2101,8464,1381,8458,4721,397,7379,2216,9206,3952,9655,8173,3955,669,2625,9304,2300,3219,5011,3297,6780,6011,7676,4732,3944,8436,5069,5174,3565,4048,8535,8479,1221,2252,6921,3248,1592,2164,2411,2184,5295,5986,6716,6911,8941,4381,7129,4846,7512,2918,6830,6631,7233,5795,8597,3510,9988,4723,6974,6142,4845,6368,5752,5082,3206,3430,9856,940,5447,2518,7190,6589,3670,8772,3745,5112,1161,9473,2337,3764,4397,8316,9203,9003,7932,191,5340,5413,7025,1607,6507,6494,2419,8663,7228,7279,3950,7598,226,9515,7779,2724,1194,5446,8402,3424,7957,2073,8793,4069,6197,7744,5915,9694,6402,9851,2315,9270,6692,8887,1754,4688,2937,745,8876,4422,1672,9797,1165,8724,1150,820,9047,7807,6688,4228,220,6511,9568,5162,3336,3179,1711,3360,8608,5788,74,6877,4396,9713,1829,2457,9813,2201,2034,3194,519,6936,739,6395,8713,1629,4183,5466,4993,3856,4571,6749,5753,9049,1400,6523,8894,4884,1460,5432,473,3815,3549,2408,9695,6432,3098,7664,9411,8697,5586,5765,2637,6928,3454,9513,6568,1542,2480,5129,7766,2818,311,5346,7120,8209,1884,5732,7083,4928,9628,5600,8886,9418,7165,9296,5724,1896,3129,44,7712,1219,765,7561,4350,7919,5275,7548,6118,775,4976,4211,6644,183,2166,8345,3706,2519,4452,3306,169,633,6235,9993,9135,5688,6045,9598,7575,4818,3172,1189,7614,3687,1220,372,5469,2114,5149,6381,3480,1903,5619,8152,5393,650,7799,7458,4,2221,1088,7821,5562,2862,7000,3402,9593,8592,7630,8856,7315,6005,2622,6642,1050,6530,7311,5430,7588,5060,2495,7627,5081,3416,1241,9451,705,4033,9021,9005,6021,4299,8892,9683,1944,7010,7566,1413,4168,2490,480,6746,2834,7893,9933,6356,1389,1045,5772,2816,7137,6854,5441,8120,5262,212,4084,4646,329,9979,8859,8020,4471,5318,8264,1808,4419,5301,3543,5845,8179,148,4715,7345,5370,9853,8927,1841,8037,4076,8029,6497,2986,8601,3362,6612,4542,2704,3783,6647,7370,1715,2593,5589,8893,3540,263,7734,5587,2499,5470,959,2207,5131,8341,4420,6961,8309,813,8764,8022,9844,9803,8578,9603,9717,3036,1225,9781,1315,3135,5669,4790,8004,509,9965,7152,14,2812,5300,3363,8936,6386,3762,3051,7471,6791,4772,2775,8281,8265,245,7337,9205,8382,3327,5355,166,7817,9952,5947,8570,281,5364,9835,4788,7133,7397,516,4105,8399,3257,9906,3725,3002,8011,978,9466,1627,3866,7914,9801,8582,4011,7450,3291,7913,1010,901,9460,4791,9921,4031,7062,9258,7985,7136,3405,4153,5410,6946,286,2559,9173,1057,2784,9794,1769,6054,3467,8424,3180,1360,5933,5420,7609,8380,5987,3582,366,3479,6139,1824,8945,7356,7792,9417,4284,7094,1340,5033,3636,7880,3152,3937,9342
17,6450,8165,468,5985,1966,8840,7772,2895,9383,6707,1614,986,6539,5222,6822,9008,6813,9872,6594,2253,9967,2077,3036,919,4896,4990,1686,6651,910,1580,357,3561,4352,2833,9731,1792,4428,7132,8270,2987,7918,4951,5491,4740,9120,4891,4778,205,8940,5719,5481,8744,2731,7586,9548,6995,9573,1819,2373,6630,7944,8869,3587,3118,1399,601,9127,6425,6757,8812,4451,5183,7099,8412,7686,9051,7978,5463,2004,5769,4433,814,3020,990,9659,9253,7375,7866,7585,2450,3442,5016,4566,7812,8311,8317,2438,9472,7221,6684,9298,749,4167,384,762,3903,1505,7796,2330,9048,7193,7977,1166,8974,2561,895,7883,1560,3914,2328,7451,9217,7554,1074,5,3227,7201,2565,7376,4417,8492,6269,9063,9613,9125,8241,399,1623,8485,7136,2910,3960,5906,946,7440,5903,6959,8065,6440,9888,5568,5405,5734,5121,3881,646,9945,6240,6331,9470,3802,6609,7524,4645,9692,5242,2171,2693,4880,8829,1331,3120,8028,2741,975,6300,9313,3353,29,8404,2343,2918,4794,8675,543,2368,2680,6787,7881,2048,982,7647,7248,5029,471,7212,3106,8544,5725,940,9990,2518,7190,6258,5917,5316,3081,5112,8310,2935,2066,4462,2951,9730,3735,5020,8454,4971,3958,4942,9289,5826,4865,9865,9437,6709,4238,2246,1811,7598,7629,5325,9423,2435,7828,6522,8613,5520,4124,5499,3171,5513,6591,5165,5198,7753,418,1973,793,8210,3200,7256,5157,9112,2937,8708,8876,2801,3918,7150,1079,7330,5552,5084,2794,3916,2516,3924,391,9385,9568,5717,1968,7094,3059,3778,8608,8778,4440,7115,9788,3528,1829,1314,736,1495,2543,540,9353,8800,1800,4545,9496,1629,7296,8607,7239,5433,2824,1340,4979,170,262,1040,6972,3910,1032,83,7433,4004,7457,899,5531,4336,3099,1677,2021,3810,9830,9682,8962,7453,2022,1928,3709,7631,9935,5943,7407,2818,1425,295,3357,4202,9998,1456,6829,9608,6569,2230,4287,9418,9572,6940,2134,1896,3129,883,490,1216,3672,8370,6198,4032,8805,7324,2455,350,3994,5787,4741,9144,2774,1882,8284,7040,1656,7743,5514,2926,8951,2809,8035,499,417,3597,6938,1078,4879,6849,4021,2838,4349,454,3589,2966,5149,155,5613,3683,147,177,5750,3725,1447,2129,8274,3613,6081,8352,886,5731,8277,8195,9344,8771,2863,1590,332,8451,94,2037,5270,9204,4485,6183,5434,6649,1227,356,7052,622,2522,9451,5623,9643,6907,8497,5366,8033,5929,2738,1289,7615,3576,6703,9416,3457,1009,5539,6608,2464,1748,621,1389,8668,2083,2176,110,9722,4367,5909,7773,6088,7117,180,3560,7847,1267,405,6856,9326,8264,2098,7719,481,6173,4249,2045,4253,3295,2375,1575,9612,8234,5761,2845,991,9543,1916,4269,8601,3362,6409,5163,3582,1807,2906,5015,6914,7388,6238,8833,7798,8878,3520,5587,5376,7602,9507,2282,8432,8852,4420,7874,9589,7046,9709,5032,7206,441,2312,9974,3553,6710,6215,1588,8322,6571,431,8645,4669,1435,1587,1018,274,7508,7503,9771,2460,9163,4007,1190,9434,1392,710,4844,7606,9918,6666,8127,8644,7879,9410,8144,7284,825,4365,4183,1855,6078,43,5010,7545,1937,4683,8733,927,3983,9366,6125,450,3071,1762,3813,3796,2880,537,6561,1157,8292,9198,2039,6760,4176,2206,2761,7920,1704,7242,7502,7525,9272,2044,1184,5442,1142,4692,5564,687,9246,4946,7081,5188,361,7562,2624,9028,7964,3180,8617,8856,9234,3674,9013,904,3082,6665,2471,9698,7537,3645,31,8422,1338,4074,9592,2720,3467,140,6390,9158,329,9503
18,5511,5021,2142,2669,6458,8087,2555,2895,8183,3787,488,3969,257,8291,4387,9210,7633,9992,7948,2617,3479,1109,2143,4262,9522,2228,1600,4316,8211,1580,2437,3561,9778,4639,8346,8192,1317,211,5219,8865,9287,8124,6373,4456,6933,6917,7059,4708,7638,4774,1125,917,5954,5169,7681,3196,5871,5792,7127,8501,4158,9764,755,2616,3014,7253,6426,9720,2454,5967,773,4852,9360,1761,4112,6212,3243,965,1528,8664,8956,5453,7200,7018,9630,4850,5045,1809,4057,6247,3668,3596,3851,1370,2896,2372,6725,3647,210,219,9298,505,9938,7976,3121,109,4180,224,6793,5940,581,2115,2806,8974,2561,8588,849,178,2604,4762,4682,4868,7934,199,10,3227,1093,6071,6066,5908,9279,6084,5269,2054,4592,7838,9891,2460,8553,9368,5235,1660,7454,2777,3955,9784,6508,4581,6544,117,9789,7374,6348,1351,7676,4633,2084,3741,9339,994,4064,6418,2284,1016,9019,5932,6921,6180,7809,7186,8920,8737,9405,7509,3489,1427,9041,4476,4121,1310,3015,9838,5745,8814,3967,9188,7792,6201,7487,2223,8197,1766,6094,5956,7385,9756,3106,4844,9856,5833,8568,8542,7386,5396,70,30,7112,5112,6683,8474,8698,6309,3892,4008,6607,5098,4761,8076,3800,9430,9134,5826,9099,5570,2559,6629,4238,863,1811,1959,4248,9515,9773,4520,1526,3627,8402,2008,9905,3896,7381,5066,564,9414,6983,4243,8324,3818,2086,960,1557,5246,6616,8411,3794,9396,5496,4146,5355,8254,6737,7330,5299,4377,4901,8224,404,2656,391,2535,9568,3825,8486,9016,1207,1793,2113,5961,2152,2784,8516,6788,313,303,3506,3235,4965,3124,2869,2871,788,9101,8848,6245,1334,5566,2361,4621,1568,8303,6796,1855,6687,2214,6078,4620,8854,9121,9354,2957,2836,8171,43,4769,3592,1677,6848,4643,6408,9084,1852,690,4781,3260,5303,7331,9823,5809,6145,579,9191,2938,2105,2117,6059,1456,1376,5916,8650,989,5244,285,8611,3185,328,3305,2137,7397,9691,8460,8448,3432,2954,3962,7997,4160,4504,9379,3649,6638,9480,2544,3523,2366,3460,7333,1782,4534,9321,633,4663,3356,1436,4061,8656,6346,1938,8296,4080,6994,7114,6163,278,9038,1211,1424,6669,678,7694,4065,5619,6268,5501,6686,1209,239,881,3613,2001,7821,3002,294,8277,3025,531,2540,8080,5720,829,1603,6682,5387,7437,5639,1611,6183,3342,6906,4907,4651,1960,1680,1318,1840,9234,9841,4733,8536,8896,3425,5733,6873,6263,1046,1420,71,743,6958,4821,8475,7491,7163,5612,4910,5137,4737,5702,8056,2212,8717,4368,6262,9754,1365,6079,4646,9762,5870,4030,7357,1293,4556,6324,6944,501,9704,1784,4249,9040,7297,5248,2209,4335,4220,9117,5761,2308,636,5721,1998,2986,7161,1476,7791,7045,2485,7579,2906,8964,7907,2593,5023,1408,2681,7064,614,1089,1716,6362,1301,5742,4341,4937,3696,7874,3768,7046,5659,2305,7206,952,5652,6548,7108,1133,1350,9395,4833,573,84,4082,3027,7308,4251,5144,5500,4473,1054,8788,1333,6875,6542,9393,3434,7317,3755,6790,5208,4462,8420,8102,5605,5513,7329,6230,2794,5661,8745,6936,7239,1907,4281,8472,2412,3067,9465,89,2763,1828,1961,6601,2329,1783,332,5166,5458,8243,6068,4747,2953,5357,9132,4977,6047,5470,4887,557,2779,221,9765,846,9999,4085,7070,6060,3463,7524,290,1853,7448,2776,3617,1672,343,6487,1256,8209,8626,4756,5204,8449,5473,1911,9951,626,7418,9349,9266,9029,4369,2923,8108,6439,6992,827,1419,8278,1652,7407,5688,1590,3133,8711,9182
19,6450,7156,192,9457,9516,8366,3572,8634,9356,2665,7380,3644,6447,6422,3913,7661,9923,9890,8122,1583,72,9058,5505,5755,1393,5574,5631,9800,7505,5139,2437,877,4490,9587,6772,7953,2217,3630,9441,8237,2907,7908,4833,2504,6492,6022,7673,4029,9941,5135,1379,1375,5663,3414,980,5173,3159,5140,7160,3097,9738,1990,6453,2616,6416,3000,9549,846,961,4063,2923,3022,9360,6678,4112,2442,6041,3182,8081,7574,200,3637,1970,4218,3466,529,1272,4982,7995,5096,4903,6392,3345,9422,8007,7026,8410,7510,4730,2179,7373,9847,7205,688,252,4380,9748,8069,534,9189,2517,4882,261,7301,5187,6129,137,5154,139,3799,5194,6948,4185,8440,6185,1902,1548,1790,351,5908,7704,8926,1737,215,9652,578,9891,6518,8553,7185,2167,5122,656,8981,7440,3494,5404,716,3314,5526,9116,2903,4591,5478,6596,3102,9804,7141,440,994,4147,6922,8535,2984,9295,9687,1988,8903,1104,6227,9434,4108,8063,5224,2090,6911,6521,9554,9026,8404,7227,4278,4794,8706,7665,3078,9195,8263,7126,7870,7121,9223,2270,7622,4728,6470,1338,7709,6790,6910,8568,9109,383,5533,70,198,5369,6524,8221,8474,7837,4024,9490,2380,3226,3905,1851,1067,6025,4942,9278,245,2199,7892,9553,6629,1276,8034,2418,9066,9324,5374,1932,5160,4567,9322,6246,835,3372,3562,8519,951,1269,9033,6209,3785,3555,5019,793,7865,2633,7255,1419,3459,2971,5312,7351,3629,7580,8889,8144,7330,5552,5084,5667,7284,2829,2508,8561,2867,9119,9626,2653,8528,5645,8639,5212,8643,4801,3277,5009,8,1829,235,9606,3743,7496,1771,6809,6827,739,408,8676,8847,8415,1158,5628,2928,8678,3461,4979,777,3079,8683,4602,4191,486,9121,7321,6144,6602,3624,8418,4336,5465,7739,2021,464,7581,1846,4145,5090,9171,5010,5303,8572,1908,6562,8149,4009,1425,8044,4245,8747,5071,7816,779,510,3872,2230,7701,4468,9228,7889,5184,3681,7134,8043,7712,1216,6657,4098,1836,3962,8805,7324,2455,7587,5803,7974,345,183,2763,6433,3460,6126,4452,8714,4144,1926,8093,1511,1299,4777,1732,4187,2074,5790,1647,1284,7477,6534,2047,447,1211,9294,5149,616,2492,8114,6601,3869,1606,9089,9681,6042,7341,3652,8074,727,4744,478,2498,874,3566,6390,8881,6155,7315,8451,7880,855,5291,7804,847,2468,6489,5695,2495,7220,7074,3416,2613,7517,9493,8863,6907,4917,5420,9895,8184,9683,2364,7615,5216,9641,8742,3686,1009,138,3777,1569,382,6356,5758,3273,4862,8775,238,6174,3661,188,1781,6088,7117,115,9762,9979,1267,8020,3056,8222,3473,2098,8646,3957,9711,3021,9062,4133,105,1344,1575,8228,416,5975,2308,8369,3192,4616,9494,9192,6517,3832,1300,9710,1807,6345,5015,625,7388,8084,6555,7943,9330,8559,9446,1868,2448,4767,9734,4042,8341,479,1193,3925,6733,2119,1654,637,734,2072,6152,8857,2740,6464,1910,8013,6380,2302,9174,5642,2707,1118,7584,762,867,8392,426,9648,439,1285,1599,4120,7129,8618,1752,9015,4273,51,5343,3132,7879,7573,6648,3747,6510,7410,2799,2013,315,2745,125,1153,1736,2383,5787,8132,8315,9634,1424,1209,8259,8488,7283,9985,6182,6585,6452,3149,181,4839,8807,5744,2339,8375,6355,6370,6160,575,3122,8317,3823,4676,4701,1571,700,8046,8042,5711,6272,5115,2941,5254,7130,4326,28,6347,859,7286,2196,2378,6649,1130,6561,8047,2496,3178,3526,5954,8739,6055,7711,5930,3215,3971,5685,119,9068,389,294,92,7635,7682
20,5511,7156,8606,7481,8493,6291,6697,838,3475,882,3410,9595,377,3379,7269,1052,7633,3974,2273,1995,7939,2020,5656,2909,1320,3409,7991,8554,6705,5139,9586,8616,8443,1586,3156,2678,5397,8349,3750,8865,8326,8628,5491,8013,9649,607,5920,4029,9941,7285,5872,7242,573,5169,3757,6431,8732,9765,2373,4975,4143,962,84,6527,9925,6482,9549,9842,2454,9249,3047,3891,6363,2052,1033,4991,1367,5642,4265,9882,3366,9571,451,4218,7806,5784,599,7528,4597,3567,6847,3147,8846,9422,3138,7705,2556,5650,5144,2179,7656,8172,7911,1372,5629,6214,7037,2660,8802,3898,7973,3660,723,2503,6734,8700,7883,1387,7985,4090,106,2014,3964,643,2515,9477,1172,476,351,4417,7511,576,9771,1797,1006,8773,5873,1867,1319,7576,6253,1660,2299,6095,7443,5903,5403,5749,5442,1581,2591,8970,6348,2989,7849,35,2125,4559,9070,5189,2502,3702,4656,1744,8824,2965,6067,9647,5031,4541,2411,3841,8028,7509,6618,6911,2324,9554,7044,2436,3840,7463,2229,6631,7848,5795,7659,2944,6587,423,9359,2823,9407,7261,5752,5502,3206,6566,5712,3316,2715,3013,4261,5396,2930,5132,5353,7143,6683,8586,6352,6903,1148,4796,6607,5973,8454,4971,2541,712,4432,1607,1330,7892,9614,4286,1276,8034,8871,1959,2507,6839,6037,8541,6593,7310,7071,2772,3829,3847,6619,9950,6048,8070,9810,1068,8539,5019,793,453,1557,7472,630,1650,6484,3539,5496,2801,7580,9265,4443,5358,6513,6971,571,5367,6688,4228,5521,253,6573,9980,8014,4056,825,8659,1127,7529,556,9463,5993,9713,3218,8327,6817,2111,6868,8749,8219,5617,6075,8480,6483,967,4373,3734,2361,3581,6117,3461,9404,5866,6687,1040,1665,879,8844,7148,8162,4122,2836,8973,43,1652,9115,8406,7639,4354,2348,5431,5035,5400,2600,5193,4492,7331,56,4455,833,5064,7119,9226,7120,8019,2732,5327,779,7909,7068,7237,2607,6179,4719,6114,5184,2902,6073,6713,9691,969,4802,4854,1887,3962,3511,6199,983,1659,126,9045,345,168,2166,9785,269,6257,8819,9868,169,995,7176,6656,6927,909,8656,3653,8279,9745,2029,3257,3588,3157,5213,454,6265,5861,8760,4955,720,3080,6565,6832,4393,8933,3514,1360,6586,5350,1259,7863,7769,4182,3907,8851,4557,7006,4312,1590,4797,7096,5332,1717,9996,9212,3202,4522,8249,3324,4134,2708,1390,7970,5508,2081,6455,4333,2240,5266,1939,2400,9705,1061,6263,7615,5142,3439,3,5806,1668,3485,9124,457,382,537,5444,2667,6781,6068,5603,189,6410,3499,7773,2734,317,3519,9637,438,5901,3839,3056,6024,8264,1422,8646,8873,7747,2527,2045,6080,5248,9153,4317,8547,6598,4197,3824,8369,8029,4616,129,6399,8720,9617,3142,7223,555,1238,5052,9757,4563,5604,5744,3376,2857,2569,8929,771,9406,1301,9266,5131,3742,479,1193,5158,2313,1859,8977,906,1248,5377,1966,1997,6751,6184,2359,6373,6599,6950,6426,4669,1809,5274,7152,7796,4674,6071,3534,1484,7774,7305,5281,4072,4241,6251,6102,2967,1940,5073,226,4431,4515,1107,5827,4164,9016,5118,9743,2131,9588,5602,6562,1456,6844,9187,4293,363,6346,7981,2236,8268,2636,6299,7969,3425,9831,1130,8717,9178,9040,4580,5161,5589,4188,3517,3913,72,4740,7862,3122,9599,2470,8980,8788,9784,1156,1694,976,6242,6423,7256,1426,5913,7213,5432,6546,7701,9859,374,2360,3908,5965,9375,1976,2392,1913,9734,3561,6491,4254,6985,3941,5817,2458,4242,3767,281,864,6475,1555,5389,7486,7602
21,1197,9886,1843,4947,3853,8840,7803,7422,8183,3787,8416,6090,9071,9780,5191,2513,6813,1743,903,4327,4954,2020,2231,1872,8612,1566,1600,9027,7079,1641,7409,7933,9778,4372,1384,9276,3658,3253,6502,2987,4171,7480,4497,7264,9387,9199,8036,3693,9941,5719,5218,3203,2731,9839,4795,7167,3608,8950,2445,7203,575,5180,755,4439,6436,4204,1432,1693,5726,5967,773,4852,9137,7232,7332,9051,8091,5642,2004,1635,5348,9605,6989,3984,5240,2590,6777,5883,7995,3378,2664,5274,7549,9422,8311,8342,4712,2470,7221,668,1260,6109,7205,4829,1382,259,2297,6086,1591,9048,5900,7977,7895,7273,1188,9601,5843,3554,552,2328,5194,3217,8602,1003,3761,1879,1548,6071,6655,4268,2997,6269,2488,1862,1527,8241,8543,7899,8553,3865,2167,9580,656,6275,3955,674,5404,1582,6440,2992,6875,8275,7395,1105,3881,8817,229,2596,5070,3400,9585,4436,2284,1744,8125,9687,7745,6180,5031,6227,1993,4108,8063,2056,5677,6512,6799,6679,7044,6603,7512,1621,4049,8300,9697,6340,7792,8618,9988,6222,3755,1578,746,7316,5111,6430,7089,6566,3591,1448,1323,8949,8969,8267,1430,5316,7112,5689,6391,2626,2062,6309,3892,314,7257,5973,4761,25,2541,712,1909,3968,6367,4710,2419,2792,9796,156,131,7928,9055,5365,6377,2352,551,3318,6168,1081,9905,1352,6619,3094,564,9033,5359,3395,3555,6083,2086,6250,6692,7255,8521,8061,8373,2227,3819,3600,6382,5880,6318,8779,7506,7858,939,8224,9453,7194,275,5241,8512,2249,3336,9184,3368,6313,308,7684,4524,5751,2891,6788,7727,9952,736,1030,6498,5855,2487,8671,8289,6395,8848,2377,9077,2381,9806,5879,2824,4894,330,1731,5680,1927,7746,4759,8844,2060,8838,4004,5042,3559,5531,4336,9115,2634,2021,4643,9053,145,3611,4657,9644,5010,3709,7631,56,3749,7407,7653,5694,9083,7120,5535,4539,1266,154,7663,8650,8583,1411,9715,2998,1937,328,2210,6073,4582,7712,1216,1126,8874,7962,4318,8805,9829,8995,775,8471,3518,3361,8240,5550,7897,8446,6755,467,964,5649,995,8115,6232,1828,4777,3948,6346,2074,9745,2029,2211,3557,4579,278,3180,2449,1642,202,4853,2196,358,6601,3869,7987,15,8113,1768,7868,957,2001,3221,916,478,2498,7544,7640,8592,8080,4091,769,7096,9887,4263,1643,3383,7965,9910,3311,1619,3125,7220,9311,5086,2580,9611,1346,9403,9082,7326,8215,2055,5929,6873,2079,7010,5881,9878,7534,6958,7983,5743,2572,7005,3866,2994,5798,2386,1864,8576,3728,6854,4368,3937,667,9922,6954,1042,9762,3894,4466,9128,9594,1520,4547,1462,7041,2320,7418,542,9062,7297,1845,2128,9392,8547,8927,7069,7462,1708,6765,4616,9494,6579,5553,971,5163,3341,151,5061,8964,485,4563,8991,4233,4028,4148,8559,1786,6285,6362,9342,5742,7293,9207,4750,709,7758,2313,6976,5032,4887,9803,3517,6836,3622,1133,1036,6783,1552,9548,4158,4668,8412,7013,3147,4398,3153,5187,6119,3583,4855,6676,6240,7494,7408,3949,8456,7171,3754,9730,4432,3359,3586,8381,7085,7349,9303,6605,201,9969,7130,9314,6000,2976,311,3675,3250,6198,7259,2005,6794,8419,2447,7569,1762,3606,2240,9787,3329,3590,1512,4133,5487,6517,3638,1453,6665,1280,8785,4366,6417,7502,7866,3845,9577,946,6011,3906,2335,30,4008,3859,5998,6866,580,5840,879,8798,7237,4103,6233,9542,1327,2333,1551,2927,2428,5148,1301,9686,4352,6065,3691,435,3489,6471,2980,6254,7577,9277,706,9350,4467,340,5445
22,2981,9603,468,2283,6458,9651,7565,2895,6301,9364,5692,805,6539,8917,4000,1759,9445,3692,7670,9827,4954,1109,7124,6424,5948,4990,7354,5991,2512,4489,9439,7933,1072,3625,7229,3986,4107,9129,5219,2987,4369,8628,6223,9627,9387,4891,9069,5005,6852,5546,4849,6715,4370,1053,7406,4718,2108,3355,554,597,3673,7564,3141,6527,2925,4204,7947,9821,6031,5967,6141,9596,7027,6014,5643,5654,3243,3182,2831,9108,6595,6244,4859,7018,8377,4850,599,2157,411,6795,9534,3596,977,2647,600,2278,2438,5635,401,8287,2003,1018,6055,3399,2701,645,95,6641,5500,5372,581,7072,4826,5259,5877,9601,137,3554,7617,1892,8752,8413,2900,1074,2515,371,7967,6071,6009,8709,9819,7596,3923,3154,898,2358,1969,6728,6030,5398,7567,2341,2936,327,8820,3389,7774,2790,4851,9251,6875,9987,9111,8922,1082,9093,3944,3741,5070,7281,3802,9074,7494,4099,7929,9687,4573,809,4933,8383,1331,8959,9737,2770,4650,4194,8947,9554,6747,2334,3015,8203,4049,513,7848,2368,7890,4525,3258,2223,3663,2823,4012,7390,3598,6430,7089,4411,635,284,8177,342,1034,5342,1980,4325,8654,8685,6401,963,2066,2698,4800,3803,3226,9961,4761,7538,4196,5992,1047,5512,2577,4641,2776,2792,8740,7279,7337,4457,9055,5374,3140,6674,1526,2683,6168,3209,1403,7180,8350,9950,4237,6978,6209,3458,8117,9851,6845,9761,2633,7256,8494,6553,4236,9283,8876,8379,5355,5245,1079,6332,5552,7322,571,2651,4482,8978,220,4448,1563,5717,695,3545,825,3778,7930,5661,5857,6605,9788,5402,8012,2457,8286,2194,4965,3124,1243,7054,2148,2799,9569,1883,3320,5644,7239,7941,9621,3191,8899,3946,414,2122,7938,4331,4988,482,8208,7577,281,9832,8334,4169,5465,7664,6397,4532,1071,2813,988,5400,9644,4911,6535,7274,6901,6562,6351,8696,7119,295,4385,8209,2019,5251,3067,6013,2177,4694,7029,4468,9572,9775,7320,7922,6073,8444,7712,9465,765,9022,7962,8716,6766,4702,4026,1498,4622,6475,6644,4103,3481,8345,3706,2519,1656,8714,9849,133,2690,9993,6927,499,5651,2251,893,9972,3593,6994,8473,9629,144,3180,5268,5861,422,4748,8199,2899,553,1397,7522,1692,5522,8741,2329,7702,2001,3221,3929,7295,3016,2151,5933,2491,5252,5720,7315,1064,9887,4680,2796,3412,5302,4522,3342,4924,1227,356,7992,5086,5361,2081,1346,9643,4479,4917,8442,653,3062,6365,9036,811,8243,6703,6085,5271,1668,7125,8960,5228,1551,4934,7912,8715,3184,2706,1612,8717,1011,3937,667,6722,7117,6157,388,438,395,7357,3685,8711,4549,6944,9193,2462,5227,7486,4334,8707,3295,8727,4317,5608,8178,9563,6564,3911,2521,3970,4864,9192,6517,3568,4542,4035,7359,2570,853,625,7388,1345,6555,8925,3804,4691,1089,4351,7602,2290,9010,8432,4319,2655,709,5158,3286,2119,6665,5356,734,7231,7836,2665,5013,1931,6925,1724,5046,4143,876,8004,9571,7222,6294,9402,4090,8602,925,4531,7740,6708,1697,8028,9391,290,7166,70,7760,8454,4969,6043,4069,2323,1672,3161,9814,9484,8630,4404,8854,6931,2600,9633,7237,6713,3542,9540,2926,57,8152,1791,4593,474,9881,5366,1009,1569,5969,1803,4133,6801,5161,5479,2694,3178,5329,4252,5839,3770,9947,1257,4705,9355,6275,7051,6180,1854,3963,4576,4257,9414,6398,9592,9404,4759,5035,4229,4318,995,3725,9428,4280,2523,1673,9625,9330,525,2623,8190,9605,3148,9537,1156,9203,2424,8749,6749,5010,6638,2884,8475,338,7734
23,3779,9006,6220,6444,2471,9061,6826,3108,8857,2648,3508,8816,6447,6422,7371,3553,4206,2024,4499,38,3307,8071,1133,7282,1129,871,9300,203,7304,6479,7409,7053,1029,9587,9731,1588,1910,3498,3915,7698,2260,4951,2939,2552,2642,9264,248,5005,4447,4774,4849,7940,6333,4005,7235,3391,1624,3979,6210,3097,4770,6633,9966,583,2925,4668,9479,8509,3570,347,4075,4082,9560,6678,6207,4991,3243,3182,9805,118,1168,814,5421,7075,3466,529,4512,1257,7695,4655,4297,6965,3222,7047,3241,5764,2438,7891,5518,6468,4454,1281,8340,3399,929,1663,4787,9306,9512,3898,7193,3719,2057,3188,1251,8980,1982,5416,7617,2328,2861,5591,9911,2287,9231,1879,1093,4267,7794,6162,8492,6084,1737,1797,9498,1975,1333,7960,3168,3292,6253,3952,9655,946,9776,7172,344,8134,6440,4780,3043,2903,6780,1105,6273,1119,5207,6280,1186,6437,2238,7419,8734,4434,3928,5714,9220,8903,9435,2751,4047,7277,9737,5768,4181,1427,9313,7833,9685,6148,6206,2918,6107,8675,3967,6251,7890,3040,1830,4723,5276,1578,1810,5029,471,9756,9254,5492,7362,6910,3738,8542,7386,8085,355,9015,7112,6524,6401,3215,2127,687,3665,7033,9203,5448,4609,1067,9693,712,3116,1607,1330,5570,760,7650,4969,7279,8871,6413,6932,1252,2601,4595,1442,9426,7474,4936,2542,7429,5494,5190,322,7423,6983,3785,8324,1973,7169,1955,3200,3940,1026,8411,1661,745,1601,3629,5439,5747,6318,2121,1246,3038,4360,3183,3621,6446,8561,253,9568,565,8014,6311,1711,3301,5212,5788,2534,4585,4396,4562,289,235,201,5254,3204,4365,2996,429,8630,2403,9816,7157,1334,2156,2361,3885,4571,632,8570,2091,8045,631,4128,9400,8854,1820,1461,7364,1475,7634,43,9924,3773,1242,1256,4354,7581,8730,1556,2960,3936,9513,3694,2080,9823,8023,1634,8696,2684,9083,2737,5535,2914,1924,8692,9056,9628,1362,7029,6179,956,8796,8128,2210,9654,3254,1041,969,8330,4866,1466,6353,2702,8244,6456,775,6893,5787,250,3422,1949,7864,9779,1842,5255,497,169,3704,896,6656,9135,448,3615,3854,8360,9664,9634,6994,3588,3687,3388,907,176,9336,5890,616,720,4065,9230,6474,5501,6627,5522,4568,7872,957,8016,5326,7887,4972,1469,500,5867,2096,9521,2851,332,563,8997,8488,8051,4149,8511,393,5434,9150,4134,7627,7992,4966,7263,7679,9234,6044,8320,7945,1764,9466,9009,3796,4115,9369,5528,3439,7534,9798,774,325,9004,8452,9951,621,2815,6820,2083,2674,238,4179,5441,8120,296,7771,7117,522,532,3894,4913,3392,3396,5924,9424,2245,5091,338,5075,7103,6689,9936,105,2128,9392,2428,1443,6803,5773,991,9340,64,6891,8601,1476,8101,3142,696,7485,5107,853,4841,8530,7926,3857,7552,6388,6384,4600,3789,999,3875,9010,4543,6622,2655,4258,62,6584,8764,1654,2421,734,2206,9603,6301,3479,3128,9467,6491,5150,1990,7253,8004,8689,9312,6851,3993,2885,1003,576,6728,5442,4007,9345,8441,5311,9509,7327,5112,314,6466,8102,4431,6402,1557,5452,220,4130,540,3488,5879,8174,464,5273,77,4535,2800,4293,2999,6113,7784,147,450,4093,9428,9451,6779,6182,604,5411,2610,7557,9164,6580,4589,9983,8669,257,7124,7092,7127,3616,6490,6,9601,8553,3881,7813,1918,3598,8454,9205,4242,6477,8286,5840,7739,6054,9126,5480,8776,1900,2884,4828,6556,4018,542,5134,8375,4954,4510,3047,7985,9334,7870,9109,8031,6332,1400,1456,2554,2950,5902,3839,8935
24,2830,33,6220,701,9516,9061,3720,2668,9356,3787,7380,9595,9071,2000,7748,7661,3137,5211,6594,6419,1963,5049,1038,4356,6184,541,5631,4407,2512,5139,8518,7933,4150,5006,8934,3986,2879,65,3915,7980,8335,7908,6223,9600,7764,4891,6759,2493,9941,7285,1379,1375,7303,4213,7406,6431,3006,9765,2373,425,3676,1905,503,2932,6436,3000,1432,3012,5095,9919,773,3891,8690,7358,9323,5657,6041,2030,1528,4739,8883,9605,451,7018,8689,6823,6777,8368,445,5096,6499,3596,8846,1141,1529,7559,7152,9472,1837,6684,7091,6354,6310,6087,762,8365,3096,3763,3148,3817,5900,7523,1166,3188,8569,7642,1982,4178,7985,5561,111,6948,2044,108,6185,9281,5572,5399,4809,8695,2997,7291,5785,1862,6997,272,6052,1510,4201,4878,4174,3873,7454,7174,3026,3058,5404,3935,4851,9251,4575,8970,4399,5834,362,8817,9945,3614,5313,8867,4224,1156,5281,9157,8329,8718,567,4491,5630,2467,8920,7277,93,2056,9452,3434,9920,7131,6747,1297,1001,711,6830,8706,2326,8971,7792,710,3447,7218,3663,5105,3861,8017,5111,5914,7089,4411,7362,3316,5384,8949,4261,8267,1311,5132,3081,1814,6015,2935,4944,37,9490,4273,9203,3905,1508,1024,4196,4783,9134,2494,2199,827,6515,9880,9796,2246,131,4457,7644,9515,9773,2724,3440,682,6168,2539,2241,7429,3171,4070,5536,9414,6209,4243,6833,6083,7412,6547,4242,4225,8494,9376,9670,8075,7349,2439,5439,5452,6230,4453,5552,3038,7693,6800,3707,8978,2254,2535,2172,2249,9768,4450,5565,8659,1127,4353,6897,5751,8652,5004,8012,6960,5490,3743,2739,4294,6828,3039,1359,8453,5966,9794,4200,2381,2361,3856,4571,7146,2531,2188,2085,1927,6972,4620,42,7988,9588,3815,7457,6135,8811,8137,1179,6953,5958,3810,7581,9084,8962,3909,6092,4058,6568,5841,801,6562,4617,7653,7546,5964,9620,1516,8136,2042,9454,99,7068,2076,4287,9316,956,1937,1699,1885,6073,4071,2382,5033,5012,3650,1725,9677,89,5250,1173,3352,4622,6638,4741,3811,7259,7015,7876,9107,1723,1488,981,116,2690,6232,2611,9413,5651,6113,2074,2759,7035,1309,3588,6537,1051,57,161,9336,202,4207,2248,5210,5786,8649,237,5114,8389,4568,2360,2221,8593,5326,4744,1783,6888,5910,4557,8592,8881,4091,4797,7096,94,4231,4628,569,5302,4522,5800,3606,1227,6072,2576,9397,149,3584,4467,4333,8832,4815,4989,2055,1348,7677,2595,3880,5142,7832,7459,3457,4821,325,3777,6480,761,2088,3703,4737,3721,8768,1354,3007,4819,7294,3805,6190,6079,180,9912,5026,3484,1976,3034,5555,9178,1808,8579,862,7230,4249,5835,2146,5296,7449,2481,5614,9117,1841,1335,921,7703,3970,6128,2924,5379,971,7045,696,151,3158,853,6156,8530,1345,1439,3041,6375,5119,6549,3789,5470,4304,4974,4042,3758,2694,6961,3697,4189,6976,5032,7206,7008,4603,3712,9332,3428,9586,5397,3723,7105,8635,2644,8963,3934,2278,1037,2716,2581,5128,7280,5235,6544,9645,3061,3489,5745,7122,6213,2415,6683,2420,9614,588,2911,8783,7363,6274,9016,2111,8847,3954,2505,4256,2140,4202,989,7922,6886,9791,448,7477,4516,3725,478,3797,1538,8791,811,9783,2734,7521,1398,3858,2781,7173,3441,5810,7772,5989,5936,2731,5584,1140,505,5117,2710,8010,5976,3966,6171,5711,4286,3785,6648,1326,8676,7852,102,587,497,4080,3514,1050,1939,2079,9128,1244,7943,997,1339,4143,1261,8340,3987,7467,2904,3403,2121,1934,2342,5275,3438,2255,405,62
25,7479,6548,5159,9457,884,9651,9618,2946,7737,7108,2785,8897,257,8291,3090,9332,3525,2723,7670,9299,2912,4252,3281,5708,9522,9113,757,1135,890,2102,2437,2779,3267,1703,5699,2678,2217,8746,5219,8693,3449,4808,2065,1108,9389,7265,1724,2493,6417,5243,5789,1235,4375,1053,4795,9662,1794,9468,1428,7707,4143,1798,6812,7507,3977,4474,213,2192,2454,4775,9194,8502,3684,2100,5643,4031,2746,3085,8004,1635,8956,8362,1410,1785,7998,6895,6777,4872,4856,9271,6499,3147,7549,9824,9599,2278,7706,5650,4730,2477,2695,3845,9938,197,5629,109,95,8758,6838,9189,7193,7523,261,7273,670,8700,1270,1805,139,1825,111,4868,3964,1074,6185,3990,5572,9873,4809,3651,7511,8684,6323,6882,8701,7620,2671,7899,1319,7570,6774,5451,2936,2777,6386,4247,5404,9304,647,117,4575,3436,3713,1105,3881,4823,9945,3780,346,6106,4224,4626,8658,7368,9019,4713,567,4491,7643,432,1331,4108,2292,3956,4181,3233,1392,5311,8046,2334,7533,7463,421,8675,2858,1918,1549,5938,7487,9282,574,1705,4012,7261,9100,3985,1338,5492,9856,3316,3738,342,7386,5342,5917,2298,7112,1814,6015,4576,7873,7276,9170,7334,3735,3905,7210,7556,6025,8726,9278,9417,9958,7892,4685,6438,507,156,3303,4457,7787,5365,301,8541,3440,9148,5104,7805,4124,4346,5494,2972,1005,8070,754,8021,6833,9833,6845,498,1446,8887,3296,648,3794,7329,4649,8312,7580,7150,8558,7330,2941,7858,4675,3183,7724,2410,4175,620,9959,2699,8014,7094,671,6990,1127,9889,46,8637,2891,4506,8012,8395,736,8405,7496,8198,2487,8671,8386,5534,264,6245,1169,2381,7011,2928,8750,888,4324,9671,7415,4152,7746,1329,1032,4192,3431,7364,7775,2257,8418,4230,9115,8481,7216,9308,9830,1131,1895,4657,9171,5193,3842,6277,3083,5129,833,1021,17,2688,5068,3333,1884,1890,8205,4513,9377,4357,5244,587,9160,7889,1699,2864,3129,8444,490,721,174,2635,8839,2840,5275,1978,983,1498,2355,5178,4458,2544,6389,2999,8446,6257,5176,8217,2554,2926,8885,1713,1828,7340,3948,1850,4344,1799,9753,2110,4021,9629,5126,206,4394,1424,6669,616,2196,13,5786,1397,5750,5982,590,8741,881,5350,8074,7863,3929,5593,2498,3752,7497,815,6588,9741,2599,9219,2622,4607,2796,4077,1611,3017,2333,7043,7599,2509,222,928,2852,3584,1346,9841,4097,6752,8751,653,387,6873,2595,7031,5142,1915,9416,1627,2523,6229,6869,7893,5902,8409,2815,5594,2083,9712,238,6816,5441,1200,4052,3266,5360,5707,3092,6486,5067,1976,5136,941,8777,5449,4648,338,4945,904,6290,9668,8371,8515,4260,4957,9132,5761,1159,1708,4580,3970,159,6176,2039,7791,3142,2704,9200,719,5479,9673,3638,1345,8833,4155,8878,6384,1786,5376,3846,7913,9266,5131,4937,3696,4043,62,8375,2119,2305,7206,5935,2312,1358,4014,2623,7061,6783,1315,570,4770,9127,3920,3366,3345,6266,9031,8980,2931,1477,6095,3955,7030,3802,7809,7729,2452,9756,307,7760,9136,9054,6558,5513,9429,8987,6398,9184,6998,334,3256,7500,4769,5809,3714,3052,1176,8716,7259,8399,4992,6158,5675,5678,7096,9750,6635,7323,9486,6954,1293,8966,5608,5582,6047,3789,937,3205,3478,4755,3237,1367,4982,8231,4355,1535,9987,4970,8971,383,3299,9986,4237,8564,4785,9949,6135,3454,1736,6500,3172,8498,4093,6489,5182,8380,5987,9494,4603,6184,3155,4226,2067,1772,3760,4761,3458,2516,5879,99,9843,886,3186,6056,6298
26,9280,4806,1239,8916,3981,8366,5306,872,9383,3998,7380,9233,3699,5222,7748,3553,9445,6454,8581,5530,8912,5049,3281,6846,8612,4391,8557,8030,7304,3347,2437,3561,469,4372,6772,1792,9640,9852,79,6195,2907,2136,3657,7264,4510,2952,2224,3723,9941,5046,5481,512,1394,5828,2802,3313,1794,8898,1756,1025,9255,1990,6991,8790,8910,6804,1432,6425,1933,819,6706,6685,6363,7358,9323,8116,4022,2030,8081,6977,619,7601,5421,3984,5240,529,1554,4982,9222,3378,6847,4382,4566,7812,1529,4184,2556,3497,6350,2477,9298,4412,6310,23,1941,9752,8872,3763,3730,9189,5900,5859,3225,8974,1251,6129,2581,8965,8083,4674,4682,8151,3964,2287,8108,5128,3230,5440,7376,2425,561,4711,5785,2365,6360,8241,8374,2460,8906,16,4531,6773,5906,2777,5713,5903,613,1582,6544,3463,9459,5953,4003,1105,2015,646,5475,3614,1186,5979,2238,6992,8535,1016,675,2252,2643,758,5630,7186,9434,8112,5295,3144,7188,6300,9313,4517,8786,822,7227,5653,8167,2646,4642,9188,9937,4763,3943,9282,3640,1705,3861,3065,4558,5051,7999,4411,2775,940,8356,6857,383,7057,6175,5132,4814,8685,6101,5891,7837,687,1148,3105,3382,9003,4857,191,6105,4942,9289,7590,9958,7448,6515,217,4238,2246,3303,7168,9324,7790,2601,4520,8384,8632,6097,3132,2542,2247,3401,1464,6191,7423,6209,3785,4037,3343,7573,6547,4720,8363,1754,750,511,2227,7349,4146,7580,9265,9177,3765,2848,7322,9139,6800,7084,2656,4175,5089,8512,4164,1357,3179,7808,3301,4667,7684,6897,7154,2891,5378,4967,6960,6817,3743,2087,3124,2782,6221,1800,305,3228,361,8915,2160,5628,7941,5840,4696,2531,2749,5680,6523,642,9221,7612,4192,3431,2528,3496,8171,1615,8137,3592,5101,6469,4870,7581,4256,102,864,125,6093,5303,6054,143,6562,6145,579,2684,8529,4385,6467,1884,2042,4364,4535,1234,8825,9530,285,2998,1736,4716,1896,8587,883,3349,969,4586,127,7110,7384,7997,3207,936,2985,4293,2327,8792,2666,2956,349,8284,3055,167,4383,5649,9843,8885,8315,3537,499,1874,1946,1942,4818,9826,9678,140,584,9702,1605,2449,1452,5666,1192,6064,8114,5619,6474,6698,15,8389,4446,7341,3652,9902,3221,9024,478,8735,3752,5867,5781,5252,2258,5054,5394,6700,9590,7437,9438,1611,5430,5684,6649,2586,9946,834,427,7263,2081,1094,9643,2841,2887,1939,2400,6337,6779,1289,811,9903,71,7609,2913,480,3415,3777,955,9362,2975,7473,5330,1864,6303,4172,6654,1114,6262,6046,7611,317,3519,532,5598,4742,8020,3396,5078,8109,5338,3112,8704,7747,8548,2045,2146,8292,8088,2481,2322,9132,6801,8425,9164,6765,340,9215,5298,4964,8101,1913,8870,7961,3444,3426,5445,8530,5604,6555,3041,5831,1530,1195,771,9570,5876,4974,4176,8227,4750,7874,2529,8094,1010,8977,9977,7008,7338,3712,9071,2912,8574,6465,3867,2222,431,4898,9051,7434,6499,1767,274,2503,6071,6850,5057,8942,1734,4645,2149,6107,6201,1810,1430,4576,3299,9464,3586,5334,6731,4443,3707,9870,8397,8998,1541,281,214,7453,311,4337,3129,8463,6126,8656,4579,177,8016,5562,8169,3648,5341,7031,5493,1521,5067,9263,492,4269,4028,5131,3072,9008,4356,2260,6139,6482,3317,8365,3878,204,3944,9285,1310,6213,152,7310,3327,9529,2113,170,482,1456,5244,5024,4799,2783,7000,9168,3880,9979,1984,9192,2282,901,5839,8604,7142,4503,9685,5014,7456,9184,5043,2902,8095,548,260,5949,9635
27,4235,4292,2142,6981,3069,9118,7565,9347,291,1628,4916,602,4014,2000,4000,3255,75,2024,7670,1583,3599,7254,2568,1544,82,1669,7954,8554,8574,9487,3128,458,6855,2833,8908,6945,9640,7921,3727,6195,595,218,677,5741,7764,7265,8036,4029,9739,5046,6599,8756,3210,841,7235,6431,7844,8950,1756,7707,6885,1990,503,9002,8910,601,1432,9720,961,9249,3595,9531,8143,2679,663,8784,8731,3085,2004,4739,7859,9497,3252,2443,8689,449,4092,8100,7995,352,9449,702,5559,5601,3241,2685,7152,4690,5144,1767,7583,749,6310,6342,2701,9724,3096,5780,534,6985,5290,9583,261,5957,5187,8319,137,1560,8083,2855,4437,8545,7554,199,4679,9281,7201,4358,6009,4503,6718,9566,5269,2878,6997,272,5873,5970,5641,9368,7567,5122,5906,4855,5646,669,7531,716,6544,9251,6875,185,7395,4553,3220,9476,9804,2401,7711,7,2502,3089,5281,2639,9638,2478,6067,2709,7643,5195,7822,7328,4734,7471,975,2773,4952,6004,6747,7348,6864,1621,4049,7729,2326,6427,7659,6787,7126,4723,3755,1341,7248,3065,6102,5564,1752,4844,6082,4830,8177,3013,1034,4514,3670,5443,8654,7016,3284,9229,5333,6550,7104,9730,1740,1336,6471,483,11,8726,3116,8801,4865,4710,6515,1401,4969,5540,2418,9066,228,6372,301,2435,1194,2733,7474,5520,2980,1312,4284,7493,6048,3594,6983,1106,8324,9851,4946,8999,5115,6797,1414,3635,8373,1873,8876,8843,1672,7150,8988,5590,6254,6971,9139,1626,7299,4511,1546,8803,4465,565,8486,4056,5507,2728,8236,4114,7817,5085,1746,2268,5047,150,6361,4250,2739,5592,2782,8640,6916,8453,5988,967,3320,2381,6023,1934,6117,4472,2531,9671,7742,947,7746,4101,8844,7988,6577,2957,8174,3358,5531,4169,2075,2817,593,4281,544,5571,2510,1124,9644,124,5928,4564,4529,1698,7407,5632,311,4788,9620,2117,2019,7489,8692,510,8650,3675,7436,9715,8642,5718,1069,9957,9654,1353,5791,5033,7288,4854,1836,7919,5275,4623,4307,4460,6893,6236,9480,3422,3187,2261,6668,1402,8819,8396,2554,5233,4663,6232,3537,4061,417,9250,2074,6233,2029,1189,3715,2484,58,372,6150,1642,202,4853,2196,5210,2116,1457,2783,4725,3514,8741,7655,9666,8016,2009,916,9046,6888,500,4984,5781,8478,6155,769,5394,2884,5387,8367,4077,1762,1327,5166,3606,1689,316,7052,7882,3769,3420,5337,6044,9425,6752,1939,9985,5929,6779,1098,2255,5216,5495,7697,3686,7090,138,2572,6480,1796,9165,5758,1463,5772,6303,1147,3007,5441,718,9247,2756,1636,1775,9733,7521,1687,405,6856,8711,2237,9801,4051,4493,256,904,8666,9936,105,360,5738,8547,8927,6033,7935,4076,3858,236,3833,9192,2039,7667,7045,3341,7272,5107,5922,7907,7621,2289,4233,3390,6388,2856,1786,771,2448,1958,7313,6276,9207,9535,7646,3768,5581,9665,8761,4807,7682,7164,9618,535,3110,1931,5006,3274,1637,9237,8462,7027,2157,8930,8743,5040,5371,5945,9491,1594,9877,6001,4626,894,3015,2823,5956,6258,9007,9417,1049,9319,1139,292,7349,2651,6343,7438,6010,4993,1324,7216,3620,7653,744,4582,5480,7015,7007,5126,4110,1454,3049,4572,3813,6281,7875,5594,7611,8380,3076,8234,7223,6667,789,7008,901,5314,2136,7564,5905,7222,4712,5154,359,9485,8734,9274,6237,1163,826,582,5367,5913,1332,3099,5710,6713,2327,8967,271,4010,3972,7473,3728,1398,8344,2694,4793,3979,9253,476,1730,298,3430,1208,6318,364,9989,7743,5850,3199,2672,5123
28,3827,4806,5159,7170,1966,8087,3720,8385,9356,5821,488,8897,5277,9707,7269,1295,4206,3974,7670,38,6751,5544,2883,5755,5878,1214,9300,3930,7079,538,4186,875,4352,5006,1881,3986,2165,7132,8738,2787,9287,7908,677,6017,5839,4891,7673,1609,9739,3656,3708,1245,3210,6571,7406,4925,3006,1819,5606,3834,4810,5180,851,4439,8739,9793,5454,1693,4831,8812,2877,4082,6363,2274,9323,5654,9650,2244,5896,8408,619,2889,451,4264,9630,7318,1691,7866,9714,6887,6499,3596,3851,1370,8311,7765,6725,3647,3790,1767,6231,9854,7369,197,5805,5008,5869,7414,9242,8563,9374,2115,1388,870,670,7260,2397,9355,6164,5368,8392,6948,9726,1003,5300,5739,3406,476,6655,1433,8789,1893,6323,9240,1527,8241,3941,397,780,7570,2910,5882,227,327,7443,8166,7531,9304,7936,514,331,459,4399,4553,1082,1657,9804,4559,2691,230,4147,6922,7524,8433,6319,7788,6067,4491,5630,4541,2149,4108,2109,5768,7188,3906,9920,1718,4577,6603,9871,2918,7022,513,914,8971,7890,710,3447,6575,3640,1341,4845,335,4728,9756,2747,8078,1834,3705,9372,2629,5853,5533,70,9268,5467,6411,9918,8474,2066,1733,3892,7555,1740,5098,4761,4971,4362,712,5260,5959,8430,827,5968,1199,9723,156,4614,5735,3229,4893,8256,2497,2933,9322,4125,7805,1838,8534,8381,7520,1269,6016,5359,1068,8382,6645,7412,9761,9130,1208,1754,4922,3794,2718,6648,4804,7543,7150,9177,7464,5231,8888,4901,7284,693,6446,3798,8803,9119,9980,3336,1770,1207,6990,2729,8643,6897,8637,4442,6754,3218,6962,9813,3235,2543,1771,7224,8800,6916,6987,119,5120,9077,6010,6750,4920,742,1340,9404,777,262,5172,7938,4191,2158,3224,6577,7364,8900,899,7827,7475,9115,1677,6848,4870,1019,9682,2976,5400,5766,4911,6535,9211,801,8023,8149,878,9523,295,7120,77,8136,6378,3066,9608,2177,3467,3577,285,7165,3185,2134,1044,2137,6347,1041,2717,7288,9989,4350,9677,3511,1022,983,1659,6732,9766,3328,5024,545,6283,7876,8185,5176,8217,169,9843,880,4068,2587,8575,8299,3793,6938,9972,5849,1284,4992,1218,144,1247,9767,2236,5890,973,720,1545,2208,9632,4438,4725,5522,2129,881,8449,8074,1929,7769,1783,9218,9267,9593,9442,5252,1590,309,1064,6682,6642,7437,3774,9893,1499,7588,5156,7116,356,2597,2430,1318,6063,9234,4333,2240,7326,5366,3425,4116,3669,2566,7010,6357,1915,743,437,7983,325,2572,797,3550,537,2815,2667,5702,2176,1147,1673,5893,3499,9013,2756,1897,703,3560,5598,4913,7515,644,2927,1202,5449,9243,7905,7418,1398,9040,8355,2051,7345,4260,8228,5658,6801,2308,921,5106,4616,4269,9636,5379,5538,1913,2704,4138,2570,4820,9962,8530,5691,5744,8925,6388,2569,386,4351,3846,1818,5742,4176,3546,3441,3088,8309,842,8764,5569,4887,1248,2206,9457,7578,9058,2395,2359,5937,4774,755,6519,8664,8972,7995,3497,9724,2328,4615,576,16,2182,2769,809,7328,8786,8566,7778,6219,9007,9417,3303,9773,4883,4242,8987,2535,1303,4427,6202,4104,240,1763,1877,5668,2557,7712,6435,3298,4061,7482,177,3882,2378,9204,2509,8121,2913,8089,9044,1422,5949,7841,971,9757,3860,475,662,8554,2920,729,8376,766,5962,251,7960,7819,4300,2138,1853,6471,171,8411,9797,303,1004,2922,8019,8200,8345,7442,1020,7311,1960,71,2610,5214,3520,7360,3409,9921,3466,210,3881,6445,3316,1403,8198,8730,1266,9997,6183,4479,1200,3008
29,5884,9886,1843,6981,3981,6662,1356,9347,2968,2665,1875,7118,1002,7578,7685,9332,8785,1743,4499,38,3307,5544,3036,7282,1320,6127,493,5991,1839,6479,3268,9209,9836,3932,3156,8979,9689,7132,9307,2920,1901,7138,4755,2504,3991,9199,4791,407,1620,7285,6726,5092,4370,1053,1706,6995,6583,6735,3701,7203,4935,3423,6812,6527,6420,6181,2955,7251,2454,666,5323,8302,8143,5899,5258,5657,1572,3322,1597,5584,3535,6490,451,7234,9659,2590,7308,8368,5175,6887,2664,4382,7549,9994,9072,3151,7706,7510,5055,8358,9541,2414,2721,6087,762,5836,591,6086,8660,4050,804,2716,5297,7066,767,9913,78,3772,7985,7070,5904,9064,6119,5945,7004,9281,3406,9873,494,5908,8842,4711,5785,3160,6360,7838,4721,1867,4700,4878,2007,3952,7428,359,1571,9478,5404,6439,7936,4780,2591,3474,4484,2453,6596,4633,2125,6280,5313,9485,3802,2130,4656,5817,9295,7452,4573,6993,1104,5195,2411,7209,6038,9900,3489,8290,1726,4381,7289,8404,2343,6791,7022,6631,5196,1684,8597,8263,7126,3101,574,4889,7171,9138,7385,5804,6171,8042,8996,4830,1323,1645,9795,3278,9394,2538,1263,5112,6683,6559,6352,1733,1017,7033,4113,385,9136,7556,5340,8726,1047,2494,9901,3377,5968,4286,7641,9065,9986,518,4081,6423,1250,3269,9001,9148,7474,835,4124,9205,9173,4069,322,8070,2564,3785,8382,7042,2086,9270,6731,6646,1419,5525,7147,8075,3819,2801,1672,9052,8558,2306,1246,2803,571,7807,7299,3924,1685,1177,2172,4487,778,5996,5645,8659,4667,1303,74,6877,7972,9713,3218,4371,4494,2675,3204,3194,1332,6827,8386,5534,8676,8847,4200,6487,4993,3885,6117,3191,2531,170,2191,4279,1907,9357,547,5432,473,2957,4400,6135,3585,2058,5577,9931,6397,4598,544,5431,8864,690,6092,2624,6568,1542,1282,9227,1622,579,9523,2938,7120,4202,9982,2042,9557,2118,1146,5354,7701,4109,4719,2346,8504,6122,5412,1353,1101,2800,4802,1778,1725,4754,8805,4666,7613,9420,3365,9045,250,8677,9458,349,8284,7056,167,3306,4062,7158,8951,5543,2611,9942,417,1374,6938,9745,3593,9678,7614,2175,5125,907,1485,2135,2573,3830,8049,358,553,6474,6698,8268,450,1768,2329,9495,8882,3836,5983,9834,5678,6234,7640,8318,5252,4091,2696,7767,5332,8488,4628,9212,3202,7009,4425,5060,4134,1613,7992,4966,5508,7377,8729,8863,6050,2294,5341,9895,387,6365,2566,7615,5216,3186,6949,5806,7983,5743,9375,7367,5612,9165,6151,2667,2083,6303,1147,2103,375,2351,3131,3266,6271,609,388,5870,2610,1976,1745,5155,2953,8524,5177,862,1784,904,9040,8355,3731,4403,8257,1138,1090,5975,6564,4076,860,1343,3578,5171,4282,934,1300,3308,8807,2472,5922,625,3419,6238,6883,7798,6711,3520,1195,280,3864,4767,7313,4341,1236,4950,7648,7758,8094,1240,3008,5808,441,2312,4235,3732,5656,1641,1317,9387,2059,9002,559,828,4521,2689,5317,259,8482,9616,8684,5729,4247,3987,9074,8391,9685,7121,3598,2298,4576,4196,171,2542,8350,2633,1601,2410,1700,5812,193,262,738,5517,5928,2853,9448,6717,8463,363,8575,4080,4523,1692,9442,367,7593,157,5389,4776,9564,5338,2405,2845,6580,8344,1453,8578,8984,299,8107,9237,8376,7559,6851,821,6853,1328,2751,7659,6613,4857,3843,560,4973,7115,7224,2181,295,8611,1842,3356,3221,4522,5337,2994,3839,6892,3582,8106,7156,6870,5424,4380,5121,2673,8491,8591,6737,1985,3620,1247,2636,4751,1998,7223
30,60,4292,1751,9974,2471,2161,6697,8634,7077,5610,4916,1878,3408,7578,6091,9332,5109,6454,8532,2253,9967,3087,1133,6846,8612,1214,7354,5314,3384,4489,9586,2779,4727,8907,8934,7178,5874,9129,3727,1720,1901,2136,3657,9600,7764,4891,6160,2099,9501,5135,5789,8744,1394,5169,9548,7931,7844,950,4096,2582,5292,5056,8455,6527,8739,9793,9549,2661,2805,819,3004,5183,3684,2100,7782,2442,9650,3009,8081,1870,2524,2889,5421,4264,3466,4328,1691,6764,3246,4655,2713,3596,9929,7047,4251,2685,5048,2714,9504,5179,6385,1281,8340,8039,6701,1948,7802,5040,3730,2038,7973,4729,261,6824,6734,8700,5843,7082,1776,7342,8392,2598,3964,1074,7309,1418,1548,6071,1728,4417,8492,4711,1795,8464,8701,8458,4701,2460,5406,7576,2910,1210,7454,6095,2155,5903,7531,716,2962,4305,4339,2903,6780,2453,9292,4132,6035,8258,5185,994,1697,8269,5281,5817,9285,4832,1988,6894,1592,8829,2149,4662,5295,9034,9452,6512,1625,5498,8786,2334,6864,3901,6107,8467,3967,9175,4306,8263,9988,9282,9359,5105,6094,7316,8517,6256,7999,1853,698,2835,8177,9864,1034,5342,5917,3338,4131,2525,6101,5532,2127,7276,713,9653,5757,5462,1014,1067,9693,5992,1909,245,7100,7853,8127,5343,4969,8175,3068,7598,4177,5365,5681,5164,6043,6522,4546,3209,3859,2073,7381,4883,1722,9414,5334,9213,9926,6769,1111,7865,4720,4225,1423,5820,6776,2718,3819,2439,7580,6111,1721,7464,5231,7322,6306,3183,2829,4511,1813,9956,489,9980,695,3179,3368,536,7930,2279,32,5952,5993,5941,313,6969,5062,3235,7496,1364,8998,3039,1359,2799,7346,8847,8272,334,7239,2928,9850,2123,2131,170,6687,2720,2356,1329,8844,5432,4326,9314,3549,3559,7238,1584,3592,1242,8719,3810,6408,5571,102,5400,5710,2624,6535,2040,1908,9227,8149,1128,320,9544,4385,5668,9982,2042,5537,3287,1891,5600,6279,4109,9317,4337,5077,2752,8587,4071,1041,6159,1438,4098,1466,9677,7997,1978,7613,1496,126,8202,6287,1233,2956,4863,7964,5287,915,3306,3166,133,2690,5543,2897,4932,8932,8992,5939,1799,3172,3257,140,6537,278,5756,6996,2114,8760,8325,8419,6158,5116,5386,5003,6719,3325,7396,4,5350,9524,1215,5829,9834,3828,3402,3822,6390,1100,5720,7315,6975,8799,4607,5270,569,3202,2468,8249,6649,4134,7627,8958,5965,3648,6449,3972,9643,6907,6752,5215,2400,9591,5349,2364,3880,5142,1143,8435,2018,6349,6493,6608,5228,382,1576,8131,8668,9783,3674,3728,6325,1114,8120,5796,1365,317,8170,8096,9979,4961,4151,3034,8711,3337,276,7719,481,7418,8548,8722,4095,8371,8364,8257,4957,1110,2768,7462,1708,7703,7017,2262,8601,6526,7667,1913,7690,7485,7450,8072,4565,2593,4094,4233,2681,6711,614,4600,337,4277,9342,8954,7293,9207,3696,3270,525,6915,5427,2280,906,9803,4603,1197,6707,9460,6194,2678,4951,3313,7564,5209,172,4092,4297,5144,3148,7851,7503,1797,3168,3042,7030,2478,3144,2324,4038,8544,4610,3803,6471,6451,6246,560,5312,8550,2508,4232,7438,8585,9404,42,2745,4529,6145,9775,9691,4756,2999,4663,6994,2654,869,461,5430,2614,4333,7287,1369,5909,2061,410,9078,3582,5691,3846,6929,3732,4798,9461,8635,9842,3378,8743,8188,4463,892,8959,2579,5132,8904,7405,2354,5934,413,854,8730,801,6114,324,5849,4574,9521,1950,8766,9762,1841,8344,4341,2788,6772,2627,7617,8513,2144,6171,348,7699,2836,1266,3962,8451,3234,3937,379
31,5884,4912,9656,9301,2471,3003,5306,3108,1280,535,2785,1878,3054,6369,8003,5168,3469,8050,8122,2712,9967,7751,5656,6840,9103,4990,1339,4949,691,6464,357,7933,9836,5006,3156,3986,5397,211,6925,2787,96,8628,4755,5937,6933,943,8728,407,9984,6695,380,1077,3210,3294,8983,8378,9573,2820,7127,3834,4770,1366,153,7507,8739,9793,4634,3012,8428,5967,6706,4082,9360,2679,4166,2442,3491,319,7603,6977,3366,5999,7430,3167,5240,9944,2725,2707,2958,9271,8930,3596,5265,1833,4251,4908,2743,2714,353,2331,4613,3845,8743,2917,1682,4085,9742,224,534,3817,3195,5293,1388,2215,2561,8700,7793,5416,7617,7342,106,8545,3947,643,5,7979,1093,4106,6066,9092,598,7966,1795,2365,6997,6374,9474,1510,3168,5398,1522,1210,4463,4855,8513,5903,2182,2790,5442,9888,4575,9987,6780,5834,362,7616,5207,4764,2603,9470,1983,4048,4652,2639,9295,2478,2338,47,7725,432,7822,4108,2292,2770,4072,6300,4952,9554,8786,1310,7533,2918,2431,8407,9697,1684,5410,8618,85,2223,8948,9223,6288,7050,7778,3985,1752,8042,5725,4830,4496,1224,3290,5396,6175,9015,2700,7143,2154,4119,2062,6260,1148,3213,6607,6153,1738,7538,9700,712,9000,1607,6130,3377,2559,5716,8102,8175,6481,6322,7644,6423,3140,6674,7828,9817,6246,887,3477,9205,7607,1464,1269,7423,3117,8021,6402,1139,764,9761,8584,3617,8280,4475,8373,8783,996,8312,5437,5880,6318,8431,3548,7322,7693,8313,404,6634,5862,7982,6573,3747,9408,7094,4631,3778,2881,3483,4157,7154,8652,9713,9981,150,8891,2201,3679,8198,9167,6936,6916,5844,8713,2868,1334,334,9536,3581,8273,1340,8570,5866,4480,5471,5474,7728,486,4192,473,4004,2836,4078,7389,9924,7989,9546,2778,4354,6408,1121,4145,1232,3454,4156,3709,1542,1817,5809,7766,5919,4195,2688,5068,5886,5071,5327,9454,3321,8005,4766,3577,587,4210,6940,2134,2210,9654,9277,3349,6744,460,4854,9520,8834,2702,8624,8306,1659,4622,9045,6053,8877,2774,7897,3706,2519,6296,8714,2850,7158,7176,2180,8782,9942,1070,3653,4344,4677,5849,6672,4722,4647,58,7002,548,2993,2934,973,720,3080,147,7592,2475,9089,1209,6614,165,7466,2001,3221,5983,1783,2498,2151,4984,4706,4312,4709,769,9219,5473,5417,4628,9212,6704,5984,9881,4924,2548,1613,1960,622,7770,8469,7189,7660,4097,7945,2187,157,2560,4867,2479,9787,2849,5495,9416,3686,1412,7125,6869,2464,9933,8347,6151,2667,4994,2389,4172,6654,4367,718,296,9922,9564,8828,5072,5598,1267,5524,6856,6249,8264,4198,7488,8704,7418,3021,304,4133,5248,9755,8047,6798,416,3997,8037,636,860,2384,4864,8470,4964,6612,3177,7403,9200,1458,4820,7907,7825,5589,1439,2681,7064,3520,4188,5897,9570,9342,9266,7293,8227,3127,6889,7758,6584,8323,5032,8466,7008,8669,3655,4000,9928,1129,3304,7265,911,5871,6685,2274,8883,9965,6468,259,8505,821,5908,8981,7172,7,8514,1592,2012,290,7275,1844,4008,6538,7928,1589,5704,2692,8092,231,2653,7382,5088,4920,1956,6931,9823,1470,744,4582,7974,8396,7780,3180,5861,4,6234,2884,7325,6463,830,8715,2212,5136,8873,5658,8331,7621,9010,7195,7737,5875,1391,1794,7574,6777,7037,3914,5729,6437,9900,7890,2269,7104,4346,4242,8988,2194,1400,6000,7274,1885,2205,7671,100,4522,5156,3134,8859,2392,6841,9207,9917,2631,3879,2983,359,1341,5727,9173,1057,4643,8044,2455,7987,7283,1462,7338
32,2736,557,5414,6981,7198,6836,6826,2145,7077,3622,3877,6090,6447,2404,7685,3553,795,2723,8532,2407,3307,2020,4271,1544,1393,6127,2106,8030,8574,4489,3128,2307,469,9769,6772,9276,9149,8746,4590,2987,8335,1574,9991,8648,3024,9199,4791,3723,6852,8233,5789,1518,9384,1053,8983,4718,2108,6735,1756,9237,4143,3573,7800,8790,5814,6898,9549,7251,128,902,2388,5183,7099,242,1033,5615,3243,965,9805,6977,3366,3917,9456,2443,8155,6823,4092,8368,9222,6247,4297,6965,3851,2647,9072,7026,3807,6294,5518,6468,7583,749,2721,7785,762,4380,2826,8758,3028,8565,3724,3153,6061,5259,5767,895,2581,1387,2811,3198,111,2598,7934,160,7004,8526,5226,9145,4809,5822,7511,6084,9063,3154,8129,272,2605,6597,5641,8001,2167,5882,4463,8173,255,4247,2309,9304,8130,4780,9877,5405,6780,4553,9908,1821,5207,9863,346,7281,3802,7651,3051,9157,9692,4832,4970,4491,9435,4541,1906,4108,8359,7471,4072,6512,2324,7916,6747,2473,7211,4278,7022,6631,3967,6427,8456,3510,2652,423,4746,5105,9407,8017,2873,3985,1826,753,1834,5272,5447,2592,8141,1254,9338,198,3081,5112,5863,4119,7608,832,2159,4796,3226,2063,1508,5727,6105,3145,1170,7590,1490,5504,6590,6942,7228,5485,6481,6322,4081,6623,3140,452,9574,682,8402,2772,1403,7429,7113,7879,5536,9033,5915,6871,1914,7456,2323,8210,9130,3940,1414,5525,6776,8708,1415,8337,3918,1180,6737,8079,1426,4377,939,7820,7724,4782,3798,8803,3161,3747,3336,4785,3059,1793,1747,2279,5857,2293,9934,8506,7547,1305,6817,2201,4890,1474,9860,1171,788,2219,5988,3870,1086,854,9806,368,1409,7146,1541,1731,5680,947,5474,4191,547,482,1979,333,7300,9832,8154,1584,9358,2634,5127,3626,5819,214,8864,3909,163,5837,6568,9786,1817,8595,8332,878,1425,5346,623,6467,9982,2042,2682,4886,9628,6844,9530,1313,9160,7900,328,7314,9654,8043,4361,721,6717,8370,4350,4298,6766,3207,6729,5034,2355,4066,6287,2544,9458,8815,3387,1842,6296,9868,9321,8189,896,3356,4079,9413,8656,4187,5939,8621,948,6849,7114,2484,5126,7917,4394,2645,5950,4748,132,2423,147,9701,5750,6686,1447,271,4,686,8074,2447,7887,5854,3828,500,9593,2096,3035,6406,7315,412,94,4607,4628,9428,634,8525,3133,9150,617,9946,7074,7249,2580,2170,7189,4033,4097,4917,1939,8033,2560,9348,1289,3880,9903,2786,9106,1627,7983,9623,9124,6585,5612,2994,7912,9663,1472,9386,4172,189,1497,3937,4052,2821,626,5411,9637,1803,4913,9128,5136,5155,2953,5338,8579,338,1784,704,1264,4824,2275,8515,9392,5614,1090,5422,7935,5214,6504,4616,3578,9636,5102,5181,3050,696,8266,5107,8344,1715,7388,7926,2434,4028,6711,6154,8879,5376,8321,9342,9734,366,3860,4750,709,3753,3286,2526,5972,637,441,5377,6662,4389,9460,2395,8979,4456,6617,4770,9127,1631,449,9714,2530,9752,3878,1827,8232,3865,3314,5489,9345,5596,7618,914,4728,1311,2870,1047,6515,9759,6191,8280,9797,6398,4232,9508,5844,2122,763,4598,4492,6378,7691,1778,4702,8792,4871,4735,1192,6698,7569,855,798,5420,9369,4934,1773,4198,5091,6497,7223,7943,6506,525,838,1839,3630,755,3005,5607,9748,8083,9162,8275,5673,7833,5384,63,9773,9180,7460,1771,5038,2,1610,5412,8839,1223,6396,6390,4299,8985,527,526,5018,2002,9006,381,6244,2422,9953,4983,635,511,6407,8481,2104,3093,2037,6505,8704,5134
33,659,7290,3712,6261,6458,9118,3720,8634,4343,2139,3877,6090,6447,7578,4000,1052,7633,9992,4499,1616,5013,7038,5505,3212,4896,541,8557,5314,9799,5461,2437,7053,4490,5006,7229,3986,9461,65,9307,9367,8326,3077,6223,2552,3991,6022,8036,7839,7638,1122,3759,8048,2731,5169,1706,3313,8400,6808,1756,7203,4158,1798,755,8703,3014,7502,213,2659,2805,4775,8462,6675,4239,2679,5258,6212,1080,5463,2310,6977,6595,7601,2376,1785,7998,5784,3874,924,7695,3739,1160,6965,8846,5601,8301,8317,2556,2470,2530,1767,7656,6851,4167,7584,3331,1948,9742,3763,5500,9048,5290,4882,4219,8974,8569,7270,7793,194,139,3799,8392,9064,6119,6334,5894,8135,1951,5529,1728,6162,8842,1860,3363,5097,8701,3975,9891,3348,8906,16,2167,3952,9655,204,6837,8520,8010,9163,6544,3219,9789,3436,4399,7915,7393,1657,2125,4214,3987,5189,1697,4436,1920,8433,1965,4713,6067,6027,7420,5976,8920,7209,8032,3809,7188,8290,9018,7131,8097,8404,4283,711,6026,6631,2858,6427,9195,6201,2440,7218,5276,3760,3404,7050,7778,5502,9254,4844,8523,5272,8356,6857,383,7057,697,198,3010,8685,4724,9229,2062,4462,4800,8994,2588,8140,2420,4971,4196,4348,4432,7060,9901,8403,2317,6629,826,156,9986,6843,226,6623,3140,8541,9759,2733,7071,588,1181,3847,1506,7520,1534,9033,5915,3458,560,4515,2692,3139,6714,7255,630,1650,2585,9283,6775,8379,5253,8254,1721,5358,1426,2803,7693,6338,6688,7194,5521,6511,6398,737,1307,7094,2451,343,2113,4699,891,5085,6998,7149,4967,150,9813,2111,6498,8198,8998,3039,8386,5844,119,8847,8415,8610,1187,1788,7595,3201,4979,1262,7415,2720,4689,4759,42,2181,473,3176,738,7500,7389,7032,4508,7829,7216,5364,1019,4256,3611,8798,612,9513,6535,7632,7963,5943,1183,2818,1957,2412,2737,8019,8136,5327,5537,4928,1891,3467,4287,285,7165,3965,8504,7922,7134,44,1101,9252,3672,3650,3542,8716,1630,4702,2092,1498,1493,9371,4741,8877,2956,7897,8284,5287,1782,3636,5459,5076,880,1511,6927,448,8932,6346,852,4677,4879,6994,4021,2838,2047,7877,3589,5093,6669,1192,132,3733,3181,1457,2202,5114,450,271,165,957,100,7594,5983,2390,9218,500,4984,7123,6588,9741,332,2843,8997,5417,5230,7804,1212,1368,3311,3324,5548,9946,1960,1680,149,7377,1094,6635,9021,4815,8896,2055,6485,3796,2364,8766,5225,1540,8283,5271,4015,5539,9375,457,8619,6356,9976,9758,9486,1155,3816,1565,7344,5909,2672,2756,1636,3075,2482,2385,8859,2814,9594,5924,2953,1462,4560,7675,6173,8548,9062,1904,5221,1344,5385,2428,8754,5761,2308,921,5987,3272,5582,6176,5553,3502,3142,696,9200,2409,8072,9673,7388,4589,7202,5736,6047,614,1089,3789,5470,6956,6792,4176,1869,3982,7499,7541,8375,8323,8022,8466,9037,5377,9618,1628,3692,4985,4727,7439,2222,5871,6141,5615,8972,2664,9541,6793,1982,1003,8126,8543,8484,6001,2284,6040,2473,3510,9756,8654,8265,9134,4960,5499,8350,3296,5730,3775,7529,3524,3280,6100,2500,3354,1852,4009,2076,3432,8624,8086,8299,6225,4853,7702,908,9590,4651,2126,6900,7893,375,3149,4334,9198,1913,9318,3696,7338,8295,5544,7975,1794,6482,6736,6951,1790,2628,2903,6802,6939,8996,7608,2033,1464,1079,5751,6784,5223,124,7712,7040,8247,7361,4706,8288,3686,6314,5658,2289,4807,8348,4369,3086,3096,9035,1001,2270,6032,253,2402,9293,5213,6530,9009,8426,9122
34,5511,8165,5329,8401,5383,1230,7204,4653,4343,2665,4561,7118,861,9707,8003,1759,7207,649,8496,3428,1963,9460,5505,2757,1320,2395,1600,3319,7079,6464,4186,3996,1029,6905,3492,8979,1753,7921,3727,2920,2907,2318,3867,9600,9389,7591,7673,7439,7638,5135,1125,1116,911,611,7871,4925,9573,9468,3701,1765,7427,3573,8455,8790,6416,4790,2942,9720,1933,8812,6134,8502,4401,6930,8376,2608,2797,965,5079,1678,619,9605,2627,1277,6736,7336,4512,2707,5175,6795,2711,273,8328,1370,3138,4908,7706,2983,8225,2179,4329,7088,7911,9140,3331,3776,1505,5780,5962,6985,3195,5053,5825,251,867,390,7465,3688,1543,4674,2861,8151,8602,2287,10,1102,6984,5529,1618,4268,9279,7225,3923,3160,9125,4838,8543,1867,5057,7136,4174,1210,2936,1178,6837,3389,7051,4670,8911,9828,9877,7111,7568,7915,7676,9093,9945,7141,5313,4429,1142,3702,4652,4153,8338,1386,9716,6894,2218,8383,724,2264,8359,3956,9927,2773,9313,7131,9026,1310,770,2918,6445,5634,7665,9188,9195,1849,7126,7870,3640,1705,6288,335,7778,5564,7089,8042,6082,5927,8568,3332,984,8085,1980,5132,4131,6411,6015,5532,3959,7760,2951,3803,3680,5020,4857,3938,6025,8726,4432,3604,7100,4710,5978,6709,4673,7319,7337,1959,7787,2010,9469,7483,551,2683,6403,2772,9147,8534,3171,4070,3019,7950,6167,1068,6833,3818,793,5990,8226,6315,3296,1650,6776,1873,7226,3600,5437,5747,8144,6077,3548,4939,9139,8313,7628,7194,6968,620,2172,6866,5050,9870,5565,3360,1127,3483,1700,4585,7410,8,3218,9774,8891,8405,624,4294,1243,7054,739,6395,5660,967,1169,2160,1187,4920,8750,1562,5345,2188,7415,2720,6078,9400,7612,2060,3431,2957,1475,2408,3585,6931,6000,9931,5958,5364,2348,8730,8962,6785,612,5273,3694,9786,9823,3749,1183,4009,5694,2938,1604,5535,6059,2042,1421,8353,2744,3467,1491,285,791,7889,7320,7922,6879,7397,8343,3250,2353,2990,6198,5080,89,9829,983,2205,3649,4379,6287,9144,2956,7864,8446,6126,61,4962,169,8260,7176,3356,6927,909,6045,3922,6441,2759,2029,5279,7477,7286,3388,907,7361,1642,5261,4853,2248,787,6565,6268,237,9089,8113,8741,8274,3893,9524,2447,5829,4812,436,472,6051,2807,2863,5720,4811,5946,2622,1717,7437,7804,5302,2468,2333,5156,2495,7220,834,622,4340,7679,1094,8073,8832,4815,1939,7558,6337,9348,7875,7287,5881,7416,6182,8105,2523,7323,9124,457,8619,9165,1919,1045,8089,8056,2212,2103,5441,1085,974,1702,4039,609,2235,7847,6636,2814,1487,5555,9178,6944,4648,8704,3945,410,5835,148,5296,4526,1575,992,9132,7069,6317,1708,3858,1343,159,930,589,3568,4542,2704,9552,3158,5455,8308,7388,8991,1396,2367,3804,614,1786,4351,5977,6956,3386,5754,4937,2694,7646,3887,842,5659,5972,9977,952,8106,6548,9948,1995,890,8907,2136,7242,8002,3766,8664,1168,1529,7976,3903,6434,371,1862,4878,8774,9334,4645,6512,6603,7881,4845,2298,3213,1170,9796,2980,9033,8736,1672,4234,891,8395,7213,2361,8162,6848,8160,5620,779,3164,1887,9785,1987,3687,5728,957,815,3412,4134,8536,7435,1472,7914,3397,8548,4580,8807,9318,5509,8725,2648,9305,8013,7944,559,7067,2124,9874,4855,4088,7199,5022,8523,2063,9817,418,9568,6786,1608,8955,9171,328,2163,2303,6042,4593,465,8755,7536,5177,1741,3127,3553,3414,4395,5572,8922,818,8801,2692,5862,7562,9022,3786,5846,816,3957,4155
35,6450,6548,192,4847,2471,6662,7772,838,291,3618,1875,4495,6937,2404,7371,680,9445,2837,8662,2617,3479,2077,2231,2757,5878,9719,7954,3718,1015,3478,8518,9209,9963,1709,4347,6945,4428,3630,6465,8865,9287,9751,7637,8648,8322,4891,1087,7092,9941,8806,4203,8756,4303,4005,9610,4718,1624,3979,554,3097,3676,1905,6880,583,3014,9104,6426,2192,3570,1271,141,8302,5676,6014,1033,918,2797,3009,2831,8408,8883,5453,1410,4218,1435,449,1691,4982,9714,6247,2711,5016,8846,9824,1683,9811,6266,4690,1653,9525,8231,9847,5001,8039,1382,4085,2297,8758,534,8563,3044,4909,6061,251,1251,895,4676,3772,8482,6858,8159,8151,9179,9718,7309,3227,821,9145,1477,6912,7704,7718,9063,2878,8129,7620,1333,1184,8906,2828,4174,5375,227,5147,8820,7266,6959,9930,3563,2186,9877,185,7568,892,6036,1119,2084,3614,440,9485,2036,8269,5930,4483,5647,8098,6921,8142,5630,6811,724,2184,9405,7509,4530,5304,1625,4517,4577,1310,3015,5457,2012,8467,3967,9509,2301,4763,2947,423,5276,8110,6289,8017,5111,6470,7999,5492,6082,1448,5447,6857,6121,5533,6600,9015,9658,1814,9918,3215,1593,8040,713,6943,3735,2063,4761,5727,6763,3299,1909,9417,9901,8403,6515,217,9723,7319,4614,6843,5674,5365,7779,2497,8384,6980,7589,2008,9147,3896,8519,7879,6191,6495,9315,1106,8382,1973,2086,7085,6865,5246,1414,1650,4236,9283,8876,2801,5253,9797,6737,2121,2941,2032,6306,6338,7628,799,4717,253,2594,1062,6343,7094,5565,2728,5044,3483,74,1073,4442,9363,8745,4313,4494,2194,6868,5855,519,3740,7247,9101,9496,4619,2979,8607,103,5879,2824,6749,1541,9049,8953,947,8894,3509,6516,2982,7321,9314,3549,3358,3048,652,5580,6953,2778,5039,9830,5431,1852,7672,5766,5010,5303,5841,801,9802,6145,6604,9633,8354,2105,8209,6059,2042,3067,2118,1891,9028,1491,8902,9317,4337,5724,1896,1296,6459,8343,8423,2995,8874,3542,4053,89,516,6729,3346,4293,7974,4570,6224,1949,349,9779,7333,3992,1861,9321,6753,6842,6656,1299,1550,1732,6113,852,4757,9753,1309,140,2484,8567,6681,5268,5093,6671,4853,2248,4065,4516,6268,5501,6625,6902,8741,1791,5294,8593,2447,3288,9046,9218,639,9344,7006,8080,8856,2658,1064,5473,3888,8011,4149,1762,474,3605,5060,1227,7627,1960,9156,4165,1434,1094,9841,8832,2126,1764,816,8540,7677,424,3880,2750,2786,8435,8657,2523,5743,1369,6585,9933,2975,6557,9663,5482,9386,4172,6325,2349,3499,9073,4980,3211,1042,7516,7904,7680,4151,3034,5706,9178,4374,8579,7208,7230,1894,566,5357,4697,4526,4317,992,8234,5761,8425,4011,5721,236,3578,5143,8476,4672,3177,8870,3783,2472,9318,4841,7173,8084,1396,3041,2766,6384,386,771,5567,959,9010,4543,4914,6570,7532,9589,3286,2526,3008,2421,7195,8937,2142,5222,1889,6127,1588,2583,7652,8898,6425,9323,6501,7222,9472,3096,767,2565,6360,7379,1083,9908,4048,8765,7317,3443,2775,1263,3665,3604,664,2683,7669,53,5637,2829,1326,4596,2487,1935,8208,1652,9835,4956,2557,8235,8834,9868,1511,4579,616,2202,7000,2483,622,9493,3576,3032,4747,4742,3112,7688,1373,4563,1679,3023,8401,5310,80,8983,1870,3668,2027,1892,1268,8258,606,3447,6219,856,7071,4625,4675,7674,9743,333,9513,4229,1802,8489,6396,855,1671,138,7344,802,1530,2046,8712,8335,1141,7066,7454,4746,5051,4284,7244,5433,2914,4500,4182,7189,2469,8341
36,9280,9886,9656,265,5383,9651,7565,7422,8183,882,2551,6428,9686,2854,7269,9332,3469,6454,7948,3659,5013,7254,2883,9201,6184,8191,1931,2185,691,6479,9914,5145,1029,5923,8908,7700,5397,4978,9441,8865,8326,4342,1023,8699,6492,7265,1492,3693,6417,5135,5218,1235,4370,6571,7871,6431,7844,6950,1756,1765,9255,962,851,7507,8147,7502,6448,9842,6031,7425,6693,9531,5676,8412,9323,9051,1367,5484,1528,6977,8883,9497,4859,990,6736,8604,1691,2827,5203,6247,2664,5783,6610,7869,3999,6267,1037,3497,353,8163,9298,7088,8945,6087,3823,5008,2297,3370,6838,2038,5290,1231,1166,6434,8928,2722,137,1387,2811,7342,6461,5864,2900,643,4679,1102,9736,267,1801,8232,7854,7718,6850,5097,1527,7078,5729,6597,4700,7185,7567,4406,2936,3344,255,8942,6508,8774,3563,9857,2793,3297,3713,8922,9292,3107,101,2596,6331,4429,3802,679,6387,9157,8125,2574,2643,2693,7196,3547,2411,2562,4734,2056,5103,6040,1625,6004,8046,6603,7683,1854,2431,6631,24,8971,2301,2532,3939,290,982,7714,6094,6368,7778,857,3271,8042,698,6910,8177,1645,8993,5703,1980,9244,2173,6383,6401,748,7837,6903,4800,2578,1740,3905,1851,286,59,1287,3116,4881,8430,51,5968,4310,4673,3666,4614,9661,7787,6372,790,4998,1194,550,6272,887,8293,4346,3401,7879,3019,6495,8580,2354,6402,4578,9343,3169,4720,3971,8230,9376,9670,3539,8876,8843,5671,1180,8550,9763,2941,6282,9097,1291,404,8978,5521,2867,2594,5717,8014,8528,9539,4948,1127,6394,7817,2784,5009,5941,5047,6962,9813,3084,6868,5855,3488,429,7247,812,3531,361,5088,1648,4993,368,8750,8303,5753,3946,6687,4152,5474,4331,7612,5036,1985,2957,558,9832,3048,4169,5577,1242,135,8855,1071,214,2637,2960,36,5193,7814,5510,752,9227,658,5632,2684,8529,7903,1516,3335,1890,4364,2557,9377,4694,2810,5575,744,1736,1377,7797,784,5186,9818,9252,1438,6098,772,7384,2702,9829,7801,1496,3994,4066,6053,8609,3695,9785,4291,3298,5176,8297,5514,9843,880,7007,6927,448,1874,1946,4344,8621,9753,1284,8598,2838,1220,3180,1211,2966,8000,9284,3480,6158,4584,2654,7987,3725,8498,1768,2329,7984,5028,173,5562,9834,6888,874,2378,5781,1100,6406,4811,6329,6203,3888,9444,6530,1762,2894,5633,6505,2548,3450,9014,5965,2852,1434,6455,1191,6050,8121,8896,4299,9591,8823,3493,9787,2849,9641,9106,3457,6349,7435,8960,797,9951,1480,7076,1045,9067,2706,2212,9722,1114,3499,8633,7611,5898,3075,2061,7904,395,1157,3396,9326,8777,3397,5177,8873,7418,1894,8582,6243,3731,9153,9526,4957,1443,2768,5278,8369,8029,2949,5582,6579,6580,6612,5163,2485,7359,2781,9318,4841,2593,3427,2225,4028,2766,5119,7495,337,5567,6956,9010,4176,5347,6149,7532,707,4189,6976,6488,637,7682,2072,6836,805,4252,8206,211,6196,3656,1428,6134,3364,6490,3147,6385,7732,1892,515,3276,4040,3474,7306,4713,6227,7022,3844,1448,6756,409,5727,9986,7483,9851,7329,2121,7628,9889,8652,8480,777,5595,1471,6568,9998,2076,3650,6456,6296,2611,266,6265,9495,8195,829,6723,6281,162,6480,238,4466,4824,2481,4964,263,8852,441,1230,1038,1317,3834,1399,6595,1154,7741,6084,7030,6992,6206,1752,7842,2539,823,4717,4313,8678,9562,2767,9691,4032,1218,1457,2839,5156,3721,3211,8990,2662,6929,7304,221,1870,5529,5970,7419,8517,6528,9177,2025,1908,8148,8352,8187,4526,8954
37,1197,557,1239,4947,8493,9651,5306,3995,9917,3787,8416,9595,3408,8625,7748,9008,75,649,5776,2617,8912,3771,2883,5708,9522,5574,9146,3718,7079,6464,8518,2788,4490,9587,5699,1588,40,7132,6925,6896,2321,6491,5491,9600,9649,7591,2224,608,9984,7285,6599,1637,4375,3770,7681,5407,8400,5792,7127,2302,7427,5056,8111,583,1399,4474,1432,1261,8665,4063,773,7551,5698,6930,5258,6212,8731,172,1528,8248,4433,9571,6989,6103,8689,9944,7343,8100,7995,4330,6847,7383,6293,7525,9072,8317,8410,3497,6350,5317,672,1281,4899,7584,9057,5008,7037,9306,912,4050,2259,4882,4826,2563,867,1175,6335,8965,2263,3799,3601,5864,9179,9718,7004,7979,821,5529,1728,6162,7854,8926,9491,215,8207,578,2605,1510,5406,7570,3541,1210,656,2621,7443,6643,7774,4088,647,9964,4575,9550,4591,5478,6036,9093,5207,3614,9339,756,2238,6992,5281,2984,5647,5714,2338,9123,4933,8441,2411,7199,93,9900,6716,4194,1625,6679,4577,7618,2343,1294,6107,4421,3216,1684,2301,1735,9939,423,4528,4889,2270,241,6613,857,1752,3430,9302,3316,9372,8542,8969,5703,9394,4325,8654,6383,6101,5891,7608,6309,9488,2380,6607,1336,152,483,4362,6652,1909,5959,1490,8403,2419,4286,4673,7279,9054,518,664,4608,2601,8541,1589,5605,6097,3209,2241,7180,7607,7493,1722,6143,9315,5998,1914,2424,7169,5990,8584,8590,9429,865,3794,8736,6520,1750,6382,9052,8144,3852,8092,9940,9186,3073,7724,4782,1813,2867,6573,2064,9408,4450,2451,9624,8608,4353,2534,8637,1746,5941,8012,5775,4494,8405,998,5855,2869,8821,8630,812,7346,967,1608,8607,4104,5672,1935,3191,2131,1731,414,7731,7938,4884,8844,4658,9588,7447,4311,3700,8811,9924,2075,209,1769,4870,2162,673,2271,1124,5710,3260,806,4564,6831,9227,8682,579,7119,8680,5068,2978,5620,1266,8692,5916,9431,4766,2463,354,7165,6114,1377,1885,6442,1806,5791,721,5012,5887,1887,2840,324,1022,8836,775,8463,6236,4458,9144,7259,1882,7181,7040,915,8217,5514,995,896,8315,6166,448,1732,9059,893,7981,4879,2465,4001,3157,58,9038,4394,2236,5149,973,2248,6158,5619,9701,2783,6627,1447,6614,4,7702,8593,7863,5983,461,1469,4918,9593,8771,1222,1590,309,1603,9887,5621,2295,2882,8673,6183,5166,5695,6874,1613,530,1680,2613,7377,8729,8863,3199,6169,8896,9985,8540,1061,5328,9787,9401,6703,7609,6900,6349,3485,8960,1986,9933,9165,7473,6108,1472,6303,7137,6854,1497,2351,9013,1417,1636,6157,9762,5598,1267,405,5136,5318,7762,2245,501,7654,256,542,2045,1449,2392,7345,6308,9853,3429,6801,7462,921,7703,3272,3453,3973,4282,934,1373,7783,5148,7450,4441,7907,3419,8991,3857,2681,263,5134,1786,8025,2874,2290,9266,5754,3791,4750,6929,9589,8725,5588,6973,906,441,728,8204,8295,1038,4896,1486,8699,2546,699,8890,2310,3466,1481,6231,581,670,3227,3276,4019,4726,1304,9585,8767,6830,2823,2747,7112,9973,4348,9515,7828,8381,1419,8312,1546,3368,3507,9816,2928,2189,3592,7453,5668,5460,2134,4211,1233,1946,7877,202,7799,7569,4270,7599,8215,1046,2667,7344,1293,6650,1343,8807,2618,8450,1654,5549,1036,5936,4376,1774,6034,6951,6434,717,2155,8765,4772,6857,6367,768,6070,9820,1968,3263,5997,5632,9454,2519,1255,100,393,3813,6869,4817,9340,2789,4277,7118,803,968,9938,5037,4415,1249,5704,2699,2377,8874,4663,3080,830,8780,8438
38,6626,6615,8606,7898,7836,8087,1356,112,7392,2139,1875,4495,6937,6422,640,3553,75,2837,3501,3659,3307,2020,2143,919,6184,2070,493,3319,7304,3326,9439,2779,4352,5006,4551,8192,3304,7921,1198,6195,9995,4951,5491,8648,3991,1704,6160,1609,729,7285,4849,8744,4478,3414,2802,6870,932,6808,2373,699,9738,1366,6991,456,2644,6966,6426,9720,4693,3890,773,9329,6821,9688,6320,7271,2746,5484,4265,3678,1168,7601,7067,1277,5240,9253,1502,9081,9714,352,9534,273,3222,7812,3241,2372,4712,6294,5055,2331,7656,2414,7369,7756,2701,5836,7802,9088,9039,9075,2537,4705,5825,7273,5527,9087,5117,178,2416,5561,8752,3217,9726,160,6185,5739,1548,7028,6655,5576,6718,107,9063,2365,9652,8560,4701,6728,5847,3865,4834,979,4463,1646,1571,674,5404,3935,4851,2186,5568,459,5734,7063,7849,3102,1536,2769,4244,8631,2238,3089,8734,1016,9638,8098,4970,7813,5630,8441,606,894,8770,5986,9452,6911,1392,6004,4577,572,2256,3901,2431,8467,7233,6340,8158,6787,5797,4083,3640,8884,6289,7390,1144,3985,1338,6566,1834,1448,4999,6946,1034,5533,1980,9015,5467,8685,2154,1217,8698,6903,3665,3803,3382,6153,9136,8076,6763,2550,9289,1607,6130,5285,760,9880,9897,1048,3303,6322,7787,6423,1932,2435,1194,768,9481,3209,1838,4346,810,3094,8062,6978,754,6871,6833,9273,9538,8210,2633,2615,8230,8061,511,1873,9619,839,4502,9708,9899,6332,1246,6971,5382,3916,972,1325,4175,2535,9119,684,8014,9016,293,8659,2729,4353,891,5952,5993,3767,289,303,9208,8405,4890,4294,7224,6827,6916,4545,8058,1629,2979,3280,1187,6805,2824,3201,9404,2866,8508,5172,5474,4620,8844,1820,8208,7577,7300,4117,1471,6931,6000,8406,3354,9879,6408,9084,8721,8674,612,6093,806,5510,1908,2140,1622,9558,1091,5851,3445,1952,9982,1822,3067,8562,3482,7237,6279,9715,4719,7889,7411,443,1296,4071,1041,4686,4586,127,3786,6876,5027,5250,8306,2985,3365,3518,6053,9144,4681,7864,7181,521,1723,1488,5649,9825,5664,5543,6166,8575,8932,2489,2074,4677,6637,9678,7614,244,8567,907,1485,5861,8000,4955,8617,3683,6565,3869,6698,6627,5846,9232,6952,9666,7339,1929,3002,4111,7000,8195,2378,6390,9521,9032,309,412,8799,4263,1050,2630,6704,5984,6489,7043,4134,978,7993,4966,2852,7679,1094,7660,3238,6169,4583,816,9591,7677,3493,6639,2849,5495,6131,3457,3152,3415,8960,7163,8755,4934,5798,8668,3721,2389,2212,6854,7344,4018,9754,6088,4301,4646,9637,3149,6359,2814,1745,8222,2865,1422,2908,7208,6650,4249,8666,9668,2051,7345,5370,5614,9117,4873,9729,1708,860,7017,6891,5171,5102,6409,7045,7690,254,5597,7738,4841,7621,6238,8833,3390,7401,6154,386,280,5423,9342,5742,759,3860,1031,2549,7541,3286,8323,9904,7668,4086,5377,9457,2846,2723,2788,9852,9649,512,425,195,6930,7866,4655,3283,259,2885,2686,6066,9580,6959,5478,2050,7471,5498,9282,6256,984,3722,8491,2246,8384,8519,2323,8144,6306,9114,8119,6010,1509,4078,9308,7632,7816,1421,8691,8716,5024,3948,1284,8649,7396,6234,5430,5695,6576,5271,2706,1775,5524,5835,8547,6128,4565,8450,2313,7380,1225,4029,8853,6999,3984,3044,7793,9455,9953,7186,3101,7386,1161,9437,9894,3579,235,5345,2817,7489,8692,8297,8189,1397,3402,8288,7710,5072,1894,7403,3546,9269,8732,9575,2422,9908,5488,1311,8075,1711,5566,9028,4976,874,3420,2650,4542
39,3779,7811,1843,9855,5362,8840,3572,3995,4100,6355,3410,4495,1002,2854,7371,9008,9269,5211,4499,3526,1963,1109,2143,4527,8612,1214,7354,9027,1015,8242,9439,1350,9963,6905,4551,8239,2165,2089,326,2920,2260,2136,677,7604,4510,1552,1087,5005,8940,4714,3708,9669,9861,8527,9548,4718,7844,6735,2373,3834,3676,8635,8455,5669,8147,6898,1514,1693,128,8890,2923,6685,4401,7232,3920,3879,1080,172,2831,3678,7093,814,7430,7062,3466,6742,1502,8368,3246,1824,9965,6392,2689,9422,3138,3151,2438,1355,8653,6029,9298,3845,7205,6304,1941,2132,2297,5040,7153,8565,9031,7977,4445,7273,6734,9913,5344,7082,2263,4090,4437,5234,9911,5848,6185,9477,1172,9145,6655,6162,3130,7225,6850,1149,6997,7958,2671,6597,2345,2828,7455,1210,9648,2621,3792,7172,6959,4670,5065,1328,9789,8970,8157,5059,7676,2267,3944,7141,5070,8631,5842,6418,6387,1744,9019,5488,1558,700,7809,8391,1906,3120,6038,2770,5830,3233,6521,1718,3949,6148,190,20,3471,4421,3513,2368,8456,5938,9988,9282,8948,1640,4012,5832,4558,5564,3206,8078,1834,2269,8356,6946,2068,6258,4610,198,1263,5689,8221,856,1593,6903,7104,6326,9203,3905,9136,651,5220,3299,1170,7720,9958,2112,6515,2792,4969,7268,6481,8591,4177,5374,8256,5164,8384,6226,6097,9246,1838,5247,4927,4070,6191,2808,5198,2354,8324,3818,2315,3726,8226,7472,1026,9376,9725,4625,9619,839,6382,9708,8144,5358,6909,2032,9820,5367,693,9529,1546,9385,845,9884,9408,1770,3059,536,5153,6188,7750,5952,7972,5378,4596,5775,5118,1495,6660,629,6828,2886,7247,5844,3228,7157,4200,5566,4993,7941,9621,1562,8570,1262,7426,1927,1371,9400,7612,1298,6577,2500,4311,2,8154,67,5577,2634,1256,90,2973,1846,9679,4657,1701,3260,806,8845,3951,3293,6145,5418,311,3571,7446,1681,9998,9096,779,4886,9377,9028,6279,6179,791,9126,627,7314,7789,470,2383,8460,5012,8370,7962,4318,1630,9875,8995,1498,6893,5516,3328,9236,3695,2261,7964,363,3456,4962,6112,502,880,9993,7527,1550,3948,9510,7575,208,6637,8620,4992,2838,1220,9038,1211,2966,2950,9906,1880,2899,553,3869,5393,6421,7799,9350,1454,7702,9524,8417,886,2862,7569,874,1564,9442,3838,2285,5054,412,5473,855,1450,2630,1112,6400,5800,9079,6874,2509,7993,8288,149,1789,705,4333,7894,8536,5420,6270,2560,3883,2566,7490,5225,7416,6131,2387,480,830,2760,6480,7888,539,3703,9663,4862,6068,8596,8717,5893,1085,6046,1417,4322,7914,9637,4784,4466,8020,8901,941,4636,4374,4419,7654,6650,4249,26,4253,1845,7345,6308,1138,9381,5761,8037,492,7703,4616,824,4266,6580,971,8710,7403,1533,2472,7370,7907,5321,4141,2133,3041,7678,2856,2002,771,6362,2290,2742,3871,8341,4750,1193,3768,6834,5429,8875,5356,7682,725,1356,3259,2273,3561,9689,1023,4795,7127,5323,118,1007,5774,3682,9848,7851,8440,7990,7379,669,6240,4626,3956,2398,3760,3271,9394,7335,3968,7179,6377,9950,8245,6332,7693,7145,7496,7224,7742,7250,6000,2567,1091,5537,4683,6554,3422,5688,266,5116,7987,5867,6704,1152,6044,8985,2994,1042,1293,5177,7017,8103,5589,463,5652,3732,2106,6172,153,9183,2590,6350,2044,3240,2769,9285,5797,6237,6341,4595,1139,9615,8672,8272,7989,4246,4337,4163,7477,1692,9032,4097,5702,4162,8579,4902,6344,6626,7931,4892,1074,5478,4652,4783,2559,6877,3581,5928,3542,9294,1241,4648,5977
40,6626,557,2142,5995,1361,2161,7468,901,9846,6355,4916,602,2846,7578,3090,7661,7633,3692,2273,3900,3599,3452,5505,9201,4896,1981,1931,1135,7505,1347,5141,3561,9778,5288,9409,5926,3658,1486,3915,1391,8326,8895,1482,9627,9387,6172,1724,9909,179,6380,2631,3135,1394,9110,5415,4925,7197,8950,3701,7707,6885,4848,8944,7507,7823,9104,876,2638,3919,5967,8462,5905,6363,6678,9699,7843,7978,1774,8212,3678,8883,1559,6989,8133,4544,5784,2725,7528,7585,3567,6499,3596,9533,5690,2896,8342,4398,7510,8653,5179,4454,1617,8340,7785,762,4085,7802,5780,1591,1945,9374,3719,4445,7273,5877,2722,4676,7851,4822,3198,8392,1035,9726,7503,3500,1102,9736,7028,3276,2628,598,8684,6850,7824,6997,730,9474,2915,7379,7576,2890,5375,1532,1646,8820,9462,6147,562,98,1328,2793,9550,9645,7915,136,8817,1304,3780,5070,4429,2502,6920,3051,4434,7929,7788,7840,8903,7214,5195,1380,7199,5295,3544,3489,4300,9313,3486,6747,6603,6206,1667,6445,8814,7233,5795,9195,6201,2652,3101,3663,8884,3404,1655,428,7258,1752,5492,8372,9740,6219,2629,984,5703,5917,5316,3081,5689,9007,4119,2062,687,7104,7555,1740,8140,1738,6582,6025,6466,9134,4881,4199,5285,9614,5716,5000,5700,7749,7168,9777,6423,4519,9361,5017,6980,9481,9246,1838,9604,6619,7669,5624,6978,8194,6871,582,1139,2315,9761,4720,6797,7278,1513,511,8708,1415,783,2226,5747,1165,8431,5552,9940,4675,3183,7299,7194,220,1177,4465,4487,2677,8528,9539,9624,196,7684,556,2748,9370,8506,9981,3808,8286,1495,3204,9876,8219,6221,8585,812,119,1629,5088,6487,7239,4621,1409,6749,9404,1731,4480,7130,1665,4331,8986,1820,7321,2528,4400,3358,455,8137,1179,2634,135,90,9053,2813,1556,7267,2600,4911,5928,9211,801,2140,1183,1128,4195,9226,2105,2978,2795,1153,3067,6013,3482,9028,2606,7133,2998,6738,7320,9957,7162,5186,8343,1216,1438,9022,2964,6353,1630,6199,2163,1496,6545,4756,4458,2371,9458,9785,8446,8850,1782,4383,9321,5233,8090,1511,3537,4061,9169,8992,1938,1078,5849,9678,4722,6534,9702,6225,1211,2236,5261,5728,6476,787,553,2632,4624,7187,590,6614,7655,8060,7020,7863,5829,2636,9218,472,5933,7123,4312,2609,2276,7096,2905,4263,9444,4149,1611,6183,9881,9079,7599,9946,1390,798,1538,3234,9493,8863,8320,2294,1764,816,8892,3883,1944,2553,8243,2786,8283,3686,2523,5539,6869,7005,1748,604,3329,715,8089,2888,3728,1673,4368,5696,3131,6722,6954,1775,5072,3149,5901,7635,644,6024,2865,2753,501,8873,9858,603,9062,7297,8371,4414,5487,992,549,8841,5278,6560,5987,9932,6891,5298,2039,3568,8252,696,5148,1238,5455,4565,4275,6238,7835,8552,2766,2569,2002,5376,6362,959,2046,4661,3791,1675,7648,4869,8094,3814,6379,8180,9803,2078,3720,8298,7923,3411,5219,1596,4714,3159,6804,5192,6835,7812,2714,3817,1388,2044,1149,6253,7266,7849,8658,432,7289,2440,4906,6524,832,2541,6515,5499,3785,6616,1150,9980,5857,998,2868,1262,7938,9546,4588,5694,1146,1727,3786,8132,417,3180,1903,9350,4744,8262,5081,6478,5495,5798,3007,3839,8707,3418,5582,6914,2874,7073,3995,7920,1087,503,9518,55,6354,9152,3865,514,809,7890,857,6153,5801,8373,2829,5913,2214,4256,433,8886,7398,8473,6158,7630,9985,7912,7461,8646,7223,8321,7198,9984,7601,6161,6060,818,9864,3555,2534,2403,3717,7671,7151,9156,9415,4259
41,2981,7811,8705,2283,2471,1230,3339,838,4343,535,8295,602,3054,2404,3913,2513,8785,5989,2273,38,72,2077,2883,5755,5875,2228,7954,3718,1839,1580,9914,2788,9836,4372,3156,221,40,8746,6502,2920,9995,2755,2049,2504,3024,1500,9069,7839,179,4518,3708,1375,2731,9110,980,5407,3006,3979,3231,2582,7862,9764,503,4034,5814,4204,213,2638,4693,819,2923,3891,9560,8412,1033,7271,1572,5974,8004,7574,8956,3637,6989,8133,6736,8604,3874,8100,4856,1835,6499,4877,7549,5424,8918,1587,4398,2714,9504,6029,4454,505,2296,1372,2701,274,1505,7732,7153,6264,581,4705,1388,5957,9578,895,2397,2791,8482,733,7736,6948,8602,5848,7004,8053,9736,7028,6009,3651,76,8926,232,9240,4930,8560,8374,1510,3168,1730,6253,3873,3240,7174,3792,8429,8484,4088,6544,2186,5011,459,8157,2453,7676,4132,1304,4559,4244,5979,4147,7651,5363,4099,5647,2574,4573,809,7214,6811,3609,3841,9405,7509,975,7467,9313,7131,1739,822,7533,4241,421,8467,2858,1918,8456,3510,3943,9744,6974,8110,7171,335,6613,5914,3106,7856,635,6762,8177,1224,8141,4514,9394,3338,4814,1814,8310,748,312,37,3892,3105,7257,6540,4761,5727,4362,4942,3070,3060,2577,5285,2419,4310,4969,156,9054,5152,226,4608,3140,5160,551,9817,9176,835,3902,4540,6619,5513,1005,8070,9315,9105,9926,3818,764,6547,6692,3617,1026,1650,4444,5312,6775,4146,3126,4753,6230,837,5730,5084,3579,7713,2829,4228,6859,2640,4465,9980,778,4785,4631,9624,2729,8643,993,5751,9142,5402,8393,3808,8891,6786,6498,629,6809,3146,9949,6987,5660,6245,4373,8607,103,336,4571,1562,4979,9049,3079,8683,4689,879,4060,1820,7433,2528,5042,2150,8418,1570,7996,1677,6397,8855,3552,214,5035,5400,36,9815,806,7631,6133,8595,4617,9558,5694,9544,1604,8747,5071,5327,4364,8353,6569,4694,9530,587,8642,4337,1699,7797,9654,4582,1101,4686,765,3432,1466,9378,1058,516,2163,2266,5803,6475,945,5024,3187,4904,269,3298,4452,3889,4144,133,8115,2809,1299,8575,3615,9510,8489,2759,3593,7014,5709,1218,2047,1467,2449,1642,8000,8439,5613,2423,6565,1900,5393,6625,4765,3162,2329,7984,8860,8417,3929,461,8277,7544,531,8318,8881,2285,5264,1151,94,4231,8011,9438,2641,2483,5434,836,4280,3813,834,928,4340,2170,9234,4033,6967,5458,4583,3530,8184,4488,2364,2553,9328,4135,6182,5806,1431,138,2760,457,8755,604,7912,5594,8919,6303,373,1673,6410,6262,296,2821,6954,1042,532,7847,7680,9128,1745,1520,9023,1205,8787,5942,3795,4249,9062,2204,7927,1344,5487,4289,8754,6033,3418,991,5987,2384,9494,9636,4282,3502,4612,9710,7579,8465,5455,6914,2593,8084,6883,7798,6388,2856,1089,280,9570,1958,7313,4402,3546,6149,3270,4869,5838,1010,6488,7206,1248,4603,659,8917,2253,9305,1273,4366,3770,5792,4831,8143,9456,9235,5518,3763,6061,4355,8421,5873,8520,4332,4153,2264,7833,2144,520,8542,5146,726,863,3372,3395,53,5439,7084,2370,5993,5566,7011,3431,1405,9513,2978,9257,3305,8148,6283,2251,8621,5093,7872,8735,7514,8288,9425,2727,2706,8828,3522,4419,9181,3142,5744,2742,7499,4136,75,4740,7303,5454,2889,2124,5007,1737,3921,585,5022,3985,6309,7268,3904,3916,8395,5680,5431,2332,6279,5176,5125,8882,2295,3584,87,3092,4317,2225,9709,4611,2802,9360,259,7455,7471,7050,7472,7149,4285,4156,6638,2248,5166,6598,5831
42,8204,6615,2142,2669,6152,6295,662,872,3475,8348,6330,8816,6937,9707,7269,694,1065,9890,8662,3900,9967,9460,2231,7282,3369,3409,949,6651,7304,538,2437,1167,7175,6861,5963,5926,9461,3630,9307,9367,4171,8124,6373,7264,4736,6022,248,5936,6417,5719,3708,512,4375,7586,1706,4925,3006,1819,554,1056,9738,431,400,7526,6416,6966,6448,2192,6757,7425,6693,5905,4669,2679,3920,4031,6041,5463,1597,1678,8883,3637,3244,7434,8377,8623,1272,7866,3246,6887,6499,1118,3345,2647,4251,1140,5048,2983,2530,5179,7656,3682,5130,9140,3121,109,5869,5780,6838,9048,7973,4705,723,3691,9578,1175,8862,3772,2416,4473,7736,2584,3964,108,515,8053,7967,1827,494,6912,76,5816,925,1797,9498,578,5873,1594,3168,8001,6774,2341,4463,946,7440,8166,3782,562,7356,514,9877,258,3300,5059,2015,9093,9945,2401,6331,6106,9190,4436,585,8433,1965,2574,1988,2693,5630,8441,7822,2562,8028,3956,5830,8290,6799,1718,29,2473,2343,1294,4049,2646,3781,9509,5410,8263,7126,290,8566,6142,3861,1655,4558,5564,9254,8544,5725,6768,6012,8542,383,1254,5428,3338,5467,8827,4724,4212,4055,6903,1017,4796,6607,8140,7932,4971,5340,1287,9000,5959,8430,5570,9978,7650,7228,7553,4614,7598,664,1252,8905,2435,3403,6522,8402,588,2980,5247,5494,7493,4237,2808,2564,3395,8382,6083,4946,9410,1446,8590,8280,648,4236,4625,7349,5637,3126,8254,8144,2121,2892,2803,3579,6947,2829,4968,1546,6511,8512,565,1326,7094,5507,8659,196,6394,4524,5085,3029,9363,7727,506,736,4250,6115,3124,1332,3740,6784,6987,5966,6245,2979,1158,4104,2928,3677,1562,8899,1262,5100,5038,4602,3509,1460,2505,1979,8068,270,3624,7389,4769,4508,2025,6469,4532,419,9084,102,6928,163,9815,6110,4564,1282,1203,1634,5919,4195,5851,1470,5886,3285,5251,1376,7909,1234,2230,7029,6179,4210,6738,627,104,1296,4582,1041,6744,8861,2635,859,8834,89,9829,4504,775,3487,6638,4570,3422,5550,5981,6668,6606,5176,9868,6628,5233,8093,6232,1255,9942,3615,2489,7575,7981,948,1309,8598,9514,8567,5756,548,2135,5890,678,8617,787,5284,7592,5003,6686,5522,239,5740,2221,3882,727,3002,478,8277,8667,6051,908,5252,9032,5264,5946,7514,6299,5099,8434,8169,6183,3605,6649,1689,3813,866,5965,5361,8469,1346,9403,4097,6169,6021,5426,3062,6208,1098,27,5528,7416,7609,9798,774,7435,9124,8187,2174,6720,9517,1463,9783,6303,1147,4179,375,9415,2672,7611,9579,522,3560,2385,7924,7515,3034,5706,9178,5338,3112,7905,5949,704,5802,7297,3731,9263,4260,8759,8178,8651,6564,7830,2521,2650,9215,2340,5102,4672,3177,696,7485,5061,9318,9757,4902,1322,1439,966,7678,3291,7495,3789,3846,2290,2046,4176,3791,2655,3270,3697,8375,5427,8875,4887,7682,7338,4912,1295,5013,8614,1029,1925,1013,8679,3000,2687,5045,3567,5518,274,8965,3990,9652,4019,5404,7305,7651,5986,4278,5938,7952,8949,9973,1067,6481,3902,8539,1650,4986,1291,5645,5993,5088,9475,1371,2813,8962,6690,4392,1943,2456,3460,4871,57,2423,3162,8080,2622,1789,5366,1930,8715,7649,3056,4945,3858,6579,5134,1182,1010,4806,3654,9852,4213,1514,3739,8802,3799,31,5749,3802,5498,6411,9417,5540,9376,6446,9889,6202,4041,4657,2804,1630,2484,9906,9046,4654,8657,6324,8873,3833,1679,3572,917,2030,8392,7141,8158,6094,3440,6605,5534,2412,3653,5731,1227,1011,9017
43,3827,33,7657,9855,1358,6291,6826,2520,9383,9364,8416,1878,257,9675,323,3255,5388,8050,2273,3659,9967,2077,7920,6840,6184,9113,1931,5991,3384,6479,6366,875,9778,4639,8346,221,9689,9129,3727,2787,595,3077,1023,1108,3024,1925,1492,205,3385,8233,4637,7940,4370,8853,3757,2511,2108,5140,1756,3097,5292,1366,8944,583,2925,6181,2955,9518,8665,9183,913,341,4669,2274,5464,8784,9650,9947,8004,1870,5607,9571,4859,7722,1435,6823,7343,4982,7695,352,1857,2486,5611,97,6034,9811,8255,2714,8653,5002,2476,749,8945,7785,9883,6214,9748,9088,3148,9075,3724,4882,723,2563,7508,9913,2397,4178,2811,8505,4437,5864,7662,2287,7004,8135,985,3045,494,8709,9279,7966,9063,3154,6997,3975,9474,1510,5406,2828,4548,3952,7454,3344,6837,7266,8484,9930,5442,34,3043,3632,7395,4007,136,35,5207,4332,1186,5979,5232,679,676,4645,8824,2252,7840,3223,175,8422,306,7199,9405,3809,2090,2940,9018,7131,6747,1297,7227,1854,4501,4240,7848,6427,9937,710,7881,9744,8197,9223,7171,5956,158,6430,1752,3430,8459,3316,8568,6946,7190,848,5917,30,3081,4020,6401,2935,312,8687,8904,8994,3680,6153,4761,7192,5340,4348,1909,3060,3214,7892,6515,8663,9897,7268,7337,7928,9055,1349,3140,4998,551,2733,5104,8644,3829,2247,7381,6070,6191,8939,6167,8021,9926,6083,2692,9761,8584,3940,1423,3635,6776,5312,6970,1750,4221,8254,9899,5590,5583,4377,4234,3916,8564,5523,5521,6511,3837,6274,1968,5197,3059,4929,196,6188,6897,1674,7410,5402,7547,5775,201,5254,4890,5188,9353,3740,1099,9101,5988,1629,3320,5578,4209,1788,1858,632,5345,1731,4480,4152,2356,9357,1956,2181,4326,2189,8900,2150,3564,5517,9115,6867,2021,4281,2973,5431,2510,1232,9171,2624,9835,6054,2480,9227,658,9558,5199,8354,5068,3333,2914,4505,6328,9608,9565,50,2399,8902,744,7900,5724,7922,7134,44,7624,8460,1438,3432,1725,6353,1058,8624,8306,6886,3365,9371,376,1233,9458,2999,113,7056,1656,2396,169,5076,4663,2809,1573,7353,7671,1850,533,6233,4879,8620,7114,2175,5125,1247,1485,2114,6669,616,5613,207,5116,6268,4393,6625,8113,9350,2329,7466,7347,7821,844,9834,436,639,9593,5781,3035,8856,4698,7096,2905,1717,5230,5693,7311,2894,6132,4924,2754,9946,1390,1680,3648,840,5623,4033,4479,6169,8549,5426,8184,7677,4745,7287,9559,4135,9106,7710,6349,681,87,7163,7888,8347,5137,4737,6393,9386,7597,8145,3661,718,974,6088,3211,5411,2061,438,6636,8020,9594,5555,4636,1422,7488,8873,1784,542,26,8355,8371,4509,4260,2168,6598,5436,1159,492,9198,2384,824,2924,1871,8101,3177,3341,5148,719,1947,9962,7388,7926,2225,5736,3804,8559,8879,8336,4277,959,9734,759,4914,2694,3088,3697,2313,2119,2305,8445,9803,728,8204,4343,6751,3478,2178,6917,9501,8703,9793,3639,1007,4856,6304,5040,4826,1827,3130,5847,8134,7141,5842,8063,5498,1766,5305,342,8316,223,3843,3318,1722,7768,2363,7713,5153,6868,6483,8678,5595,8730,7696,320,4928,2864,6893,2261,499,2484,147,1791,7769,3667,9611,6752,830,2386,2756,5503,8292,2322,4190,2766,4661,5935,7387,7409,7003,6630,3004,6247,8172,390,3960,7111,6921,4746,241,2066,3132,6865,9615,184,2148,9400,1282,1146,9378,3615,1710,5315,1191,7473,2610,8234,9673,731,493,8002,48,9706,8429,6993,7733,2243,8236,5038,2600,4187,2151,1689,3131,1301
44,9280,9886,1751,9974,7198,6295,7468,2277,9846,535,2785,4295,1002,5222,4749,4687,75,9029,2273,9827,8912,1109,7920,2757,9103,8191,493,3319,7079,3478,7409,877,4150,1703,8018,8192,2359,7610,6502,8237,8153,1574,6223,6196,6933,2583,8728,7092,4447,5719,1379,1375,9861,8527,4795,7167,6583,8679,2898,2582,4143,7564,851,5669,6999,5331,6426,9720,9174,6307,2877,8302,4239,8412,663,9051,8091,1774,1597,8963,6595,6292,4521,3984,6062,6895,2725,3831,7695,3378,9449,5783,5559,8748,2896,8342,2438,3647,9399,8287,4329,6354,6055,9140,3331,6,3096,9306,2330,9075,5900,4909,7867,8974,7508,1953,3074,6003,1395,8505,7736,5591,3947,7605,5282,8053,5813,1054,7376,5822,3130,8126,9771,3154,1006,7078,2671,1510,4201,6076,4174,5122,9648,2777,6386,674,6959,8134,7936,9964,2591,889,7305,2989,7849,35,39,4764,9339,2016,9190,6992,2929,1971,7929,4832,6802,3223,7809,3547,3609,3788,9737,2741,2090,4194,2324,4476,5022,1848,7211,8203,7721,4421,9697,6340,7890,8263,9988,2048,7121,8884,7171,9138,1144,857,5305,7709,1834,7327,4999,3013,984,5342,5263,9244,5369,6237,5863,856,2062,4024,1148,7033,5757,5973,2420,483,2541,6404,9676,3604,9901,6494,2776,2792,8740,7319,6481,491,4081,5365,1250,4520,1589,6980,3310,8644,9905,3562,7607,4069,9412,3904,754,2354,6002,6645,1107,1955,1557,8363,8230,5820,8600,1075,5496,5637,6382,3862,6737,9763,6477,6971,3579,1291,7299,4782,5521,5241,665,5717,8486,9016,5565,8639,5153,4353,6897,5751,413,5941,7547,9952,736,6786,4965,4365,6828,6221,8630,8480,9816,2239,5088,5566,6216,4920,742,4384,1541,3946,1707,7130,7746,4331,8986,3224,8838,7447,281,7634,9695,7475,5580,209,9411,5364,7581,4256,9679,864,3454,9513,3694,5510,752,5129,2393,5064,2684,2688,7120,8747,1884,6415,1376,8353,2177,989,7436,587,6923,6114,1699,2902,7162,6459,8343,721,174,4854,1725,2456,324,4623,936,6414,8471,8202,3328,9703,4681,8815,5779,6606,1656,8297,5514,7158,8115,8315,365,499,8932,7424,893,7981,2406,2211,4992,3687,5125,1247,2449,9335,6671,678,1880,2899,6565,2632,2475,6686,5522,4568,1791,9666,5682,926,5829,7295,5678,3752,7497,908,9521,8495,5264,1603,5450,3312,8367,9428,8511,3017,3605,465,4280,2708,222,3416,2580,1434,9234,8791,8320,8121,8549,8033,9591,4828,4115,7031,2849,3186,6949,6536,1431,5539,2572,8452,8619,9091,6151,1045,4862,3674,7137,1565,1114,4817,5796,212,1996,3075,388,7847,1687,5907,3685,2927,3337,9801,9193,3448,9711,2527,802,1449,3295,1344,6308,526,8234,4839,6564,921,2521,3272,5582,8470,6841,8101,3142,9710,7359,7450,5455,6156,1777,1345,5744,1804,7064,5119,386,8025,5423,4304,9010,5519,5347,9245,4043,8309,813,5588,5972,9845,441,2206,5401,8291,2988,2395,8239,3024,9548,5056,3766,5192,814,1517,2124,7037,2812,515,5816,1676,4305,5059,4320,2071,2473,2301,3404,4514,2951,5504,2418,9574,2972,6305,1426,7194,891,9713,4073,8899,3700,9053,9835,2938,3675,2800,6353,2970,4187,5213,1479,2329,7887,1112,4423,1742,1915,8576,8251,395,4133,7080,4964,5134,9570,3517,8625,1898,8628,400,81,4314,9525,2374,1561,8065,6038,7665,8164,9229,7429,7278,1563,7529,8508,2158,4145,7663,9371,4500,177,847,7882,4792,644,566,7678,4600,3662,6995,3466,7153,2710,9684,5832,6860,4396,3099,4588,8345,4607,6635,9526,3638
45,6450,9006,1751,2669,5383,8057,2555,5401,7392,9364,4916,602,6539,8917,3136,2513,6813,8826,4499,5530,2912,796,5656,2757,1129,9719,1043,4798,8211,3347,9398,1167,9963,9309,7229,5926,5397,9129,3915,2920,8153,1585,2065,7604,4736,943,4778,4029,4447,6617,8190,5092,5663,8853,2875,7167,6583,9667,3701,3097,9255,8869,8944,2616,3616,7502,7947,2638,2805,6913,2877,6675,6363,7717,8376,3879,7978,7366,7603,8963,1274,3917,3279,817,6062,6823,4512,924,7097,9271,8930,4877,9312,8976,8007,6096,8255,7510,7221,2331,8231,505,6310,7785,3993,5008,1505,1154,9039,6767,3835,7523,9471,7301,9578,2722,4676,1805,6164,5368,9616,8413,3947,1074,8108,8026,821,1054,1801,1433,598,9566,232,6853,1381,578,4721,268,1319,2216,6774,2341,1532,8173,5646,8942,2309,562,1083,3001,5011,459,6780,7063,7034,1779,9334,4604,3987,8631,2238,6922,8734,4153,9019,9345,9716,7813,7420,8383,1993,3841,2859,7086,7188,7391,9018,1468,4577,2473,6864,6791,4049,5960,9697,6427,7792,5938,3943,4772,4746,6142,7171,3065,785,142,2458,1185,6790,5272,6012,8542,7190,5703,2930,8196,8654,9551,9973,5014,7608,7276,4193,1940,7842,9961,7210,7538,9693,4783,4432,1607,8430,7448,2776,9880,7641,7268,2842,9066,664,5365,9423,900,1442,9817,7474,2008,3829,1312,9173,4883,564,6016,754,5998,8382,6645,9343,7865,1446,6315,1423,3635,4444,7910,5496,8312,1672,3862,434,7464,2941,8888,6306,7699,166,7194,3351,7982,8512,4487,778,4785,1711,3360,5238,3483,2152,8278,2891,9713,8745,9774,5490,3235,6868,9095,2869,6936,8630,8480,119,9794,9077,5566,6216,5433,1935,3954,5345,1262,5100,9475,3114,7600,4060,2060,4326,7447,216,8171,2429,2058,287,9546,593,9879,2973,5571,102,6785,612,9293,1610,1504,143,4455,3690,5919,1957,9544,7120,2978,4539,5732,1421,1113,7068,3675,7436,6179,8611,9296,8504,7314,2137,4208,8691,2717,765,8874,772,1802,8805,8009,4026,7587,6545,8202,345,4103,4635,7864,5779,2970,3992,964,2850,7158,8093,7007,7527,660,8299,2489,7575,9745,948,5279,7114,6163,2303,1961,176,2966,6669,9906,2492,9239,2208,7592,45,1692,6396,9232,2329,7466,9902,3836,5562,2390,3016,2394,531,3756,7630,1489,4270,1603,6700,5387,5230,9428,6704,393,3342,5060,6874,978,9014,8288,7263,9611,4416,6635,9021,9158,1671,9466,6739,2738,2079,7010,5528,1060,7459,2018,774,3485,1369,5228,5612,6720,6151,9758,4862,9712,238,3007,4162,6452,8633,2821,5898,5411,5072,5598,395,1976,2872,5706,8264,4198,5091,3957,7418,8966,802,2146,8292,4414,5385,8228,9381,2762,6564,8780,8437,1998,3453,930,4964,1,4190,9710,7961,1458,853,485,7621,4141,1408,3540,7064,8339,8879,1815,2448,1818,5509,5754,8341,1182,1193,3516,3023,5429,5972,4876,7445,8937,7156,2665,3087,1967,3932,4833,1122,8111,8812,8664,990,3317,1767,9057,2855,2612,5037,2299,9251,5070,8824,8118,2673,543,3598,8041,2063,7039,2317,7828,3458,7472,2195,4782,7400,9508,5988,1288,8174,7827,41,2818,6069,1027,6312,4681,8189,7014,7151,5750,8495,1499,6649,5420,2233,1986,212,6724,7041,6503,6496,2856,8929,3610,323,2712,2678,7105,8509,8822,8287,2931,1594,9776,8269,8786,4131,286,9553,6731,7628,1793,6805,5531,4245,8626,1782,8507,13,2905,8797,2849,6854,4197,6760,7648,9914,6022,3246,5001,7393,9041,7837,1649,4371,7539,1817,5176,5740,5086,9415,5652
46,8712,7811,1751,9974,2441,6291,7184,7730,2968,3787,8295,4495,6937,792,6091,680,8785,9872,7670,3659,3479,9809,3281,4262,5875,541,5631,9027,6058,538,7409,1167,4490,6905,5963,2069,2879,1486,6502,9467,6581,1574,7637,6196,9482,7265,9069,9020,6852,661,6726,1116,1394,1053,9548,6139,7844,5918,7160,8501,4143,3988,6812,9772,6416,4204,5454,4089,4831,8812,3595,3022,6363,7358,7782,5654,9197,3182,6204,1635,4433,7619,3252,1277,9630,449,1554,8972,7695,3378,1857,702,9533,9824,2896,2685,4118,5650,5518,5002,2695,2414,7369,3399,3823,8365,8872,9088,3028,3898,9031,1231,2806,7273,9577,8700,5344,4178,1543,1825,1137,3612,9179,7503,5894,9874,7967,5399,3276,4268,8492,576,1737,3154,8207,7078,8543,4019,3623,8001,1688,3952,1532,5147,7440,9462,8484,2790,7902,3463,4339,7111,4484,5834,3762,4732,4987,4764,2832,7281,4147,6920,4652,2984,9638,9687,1988,6027,5630,6811,1993,8118,8028,5557,2090,2773,9920,4953,6747,822,3015,5457,6445,6631,24,9971,1549,2120,9939,7218,4528,1640,4660,7390,5111,3985,6248,8078,3591,2269,8038,9109,8969,8267,5263,8763,4321,5112,9918,1145,409,6903,8904,2380,2588,5020,4036,7538,2541,8726,9289,5636,6507,3377,760,9880,5000,1048,9986,7928,4248,5856,4435,9319,3440,550,5104,4936,4205,3562,5494,4883,1005,5625,5198,3395,6833,9833,1107,3726,8555,8590,8230,9376,8600,1873,6520,4146,5355,8294,1165,7464,5552,3115,9820,7284,2516,3924,3798,523,4465,2699,3336,2197,905,4929,9085,9889,4157,6605,8652,3528,4967,6960,3507,1553,7382,540,1332,6827,6916,692,9816,361,1086,2160,103,8647,1935,1340,9404,6100,414,5038,2356,7600,4988,83,9354,7834,7457,8171,5531,4169,287,2634,6469,4532,3371,6702,102,41,1877,2624,2193,1504,143,3293,8682,8008,9633,8044,623,3333,7135,9096,1376,8686,1891,2230,4287,4229,6140,6114,1069,732,7134,8835,1101,8423,5558,3650,8138,6353,7997,9859,936,9420,2355,7974,6287,3422,7259,9960,8284,6606,5255,3889,123,502,6192,8868,3537,7353,6045,1374,2316,7981,2029,3257,8247,4579,1051,1605,6727,9294,1524,678,5613,1228,4523,177,2475,5675,8113,1360,7655,4140,8593,1929,1856,7901,5678,3025,4557,908,1201,2851,309,6457,5473,3797,1643,5639,847,2468,8249,836,2586,2708,9014,622,4165,1789,5623,9403,2841,8536,2187,7558,4127,1061,2595,7287,8243,9641,3,8105,2523,8475,5373,797,7888,8409,3329,2533,6393,2674,4172,189,1011,2558,296,1417,317,8975,8096,3894,1267,3522,5136,2514,6986,4374,7041,7208,6650,5845,8582,2146,5248,4414,5738,7841,1110,6801,5811,5214,2521,64,9635,2340,1476,4977,3142,1012,9349,3444,7370,2618,4275,5604,8893,9862,2766,3520,6549,8223,2339,3282,4974,321,3758,3127,7532,2961,4189,5810,9904,9977,734,3821,192,7572,3771,8191,4639,7975,4447,3503,1514,5642,6552,5690,938,2132,7851,2900,3363,5970,9877,7030,8329,2940,2431,5797,7316,70,6260,8403,4685,4074,6978,7878,6648,3837,4232,9248,6395,9806,7500,3099,6092,8599,7165,9654,324,1723,7176,5849,2492,7872,2285,6691,6906,6358,2490,7912,6174,5026,8364,9543,7485,7552,9446,9291,885,890,5397,3587,4915,7765,1037,5825,2828,1285,9434,2398,9244,1733,9728,1973,7820,8891,3256,2348,5090,6073,9822,8776,4725,8367,6169,2387,1085,3957,4902,9528,2407,18,4075,3790,5121,7048,8993,7650,6897,4894,21,6346,2905,8755,4322,5427
47,6626,5021,8606,7170,7387,8984,7803,872,7077,7108,2551,6428,257,7578,6822,5549,4611,9872,4695,2253,3307,9809,9256,7282,5878,5640,7954,9800,6705,1385,4186,3561,4630,1586,9409,7178,3658,7610,6884,4836,595,8124,3867,5741,803,6917,8728,608,179,5046,6599,1637,4370,5828,7406,7167,1440,9468,2373,1765,7427,8635,84,7526,8910,5331,1432,9842,2454,9249,2923,5209,6363,8412,3751,1631,2943,2244,2831,1678,8883,6712,5421,7018,8689,4328,1502,2157,4057,9235,6847,3551,977,5690,2896,6096,6177,9472,8225,668,2695,1281,5001,23,9883,274,591,6641,5500,9402,581,3660,8176,8351,8928,3878,4676,6003,2575,5561,111,5545,9179,160,5894,5739,1093,5399,6066,2425,7990,8926,2101,1797,9125,8241,3941,1867,5641,2828,1484,7101,7428,5147,3026,5903,439,6807,7936,4305,6875,258,6348,892,3220,1821,5207,4214,5489,9470,4147,4048,8535,4645,8125,5932,6921,8142,7809,432,2288,3788,4449,5768,4650,528,6521,7916,9685,2334,9871,5457,4501,8300,9697,5868,9937,4129,85,970,8948,4926,4012,5956,158,5502,6171,7709,5712,6768,8177,9109,9390,5396,2930,5627,5353,7143,1163,1145,4944,7276,9170,7555,9203,3722,2420,483,6105,4783,9907,9417,4199,7892,6543,2792,507,4960,7337,6322,7787,2010,6037,4520,3440,6522,8613,3586,1403,2033,1506,5513,1534,6016,8194,1695,4037,7456,7169,9410,6692,3971,8230,9112,7159,9090,5496,3628,1503,9052,9320,8779,2892,7858,9047,5367,693,1847,275,253,1974,4164,7674,5996,671,4948,8608,4308,4157,9463,9370,6788,657,1305,5062,3235,9011,629,2869,2871,788,9427,9816,6123,7469,2156,1288,5672,5840,6749,5345,243,8953,1927,4704,7728,6516,1820,7024,2500,7457,6135,8418,7001,3098,2025,7639,464,2162,9084,8864,1124,8059,2767,3694,9211,8160,3293,6145,5418,1957,2938,9620,4202,2094,8641,2682,99,2177,989,2606,354,6140,1736,7518,7314,7789,44,8343,3569,8330,5476,1836,4053,324,9829,936,2266,3994,3518,9480,8877,545,4904,5779,8850,5176,4383,5204,5076,8115,2180,2897,909,1732,3854,6938,9972,3172,2465,4001,4126,58,57,161,1424,2950,5419,2248,9239,5786,9632,5501,6680,3325,3162,2545,9666,9524,7058,7946,2862,8259,874,8387,908,987,1590,332,5946,2884,855,4628,9428,6704,2483,6489,7043,5955,8477,9311,7325,2580,2170,6455,6635,7894,5266,5215,2055,9009,6779,7875,9787,2750,4173,6255,9798,5389,4418,9124,2464,761,9091,7076,5594,8919,6068,7137,189,2349,9415,1781,9365,9579,1042,3470,6486,6636,3522,9594,6024,8264,3397,8579,481,1290,904,4006,2204,5248,360,4317,4289,5658,4839,1335,1708,9198,2949,4345,5339,6526,2220,3142,1012,8266,8161,5455,6914,1777,6789,1408,5736,7678,3520,5587,9286,5470,1818,4974,5754,4914,9245,2549,62,842,8764,2280,9977,8943,937,8204,2761,2020,5574,7560,4342,9110,7127,4089,868,6039,9994,6951,3903,8505,9231,232,9648,2625,4003,7368,6716,9225,7128,7316,8685,3764,8076,6709,2008,9412,1026,2226,1325,2729,3506,8415,368,3559,7216,5616,850,4468,9277,8424,4452,1850,1078,6694,1215,3049,2276,3324,8896,8105,6393,703,4198,9243,2619,930,9747,1716,4258,1714,2757,1029,7763,6031,7559,5317,5541,8374,3058,8737,6445,520,7538,4457,6616,6971,5592,8303,2058,5251,779,8815,123,4207,9218,2738,1540,4002,1244,151,1010,5760,9502,9183,4752,6878,4832,8265,2547,7460,240,124,1467,4765,2963,236,5376
48,1197,557,3712,9974,7387,8057,7184,2145,9356,1278,1614,986,3408,3379,4749,9210,5109,5989,2988,9827,1963,3771,2568,9201,5875,1669,7354,1135,8574,299,3128,875,4490,1586,4347,1273,4428,80,6884,2987,1901,2136,5491,5937,803,1552,7673,7439,179,5546,380,3203,4375,7652,9548,6995,1440,6735,554,2302,7427,962,84,4439,81,6966,3766,4915,3631,9919,2877,5209,4401,7232,7686,5654,2797,1658,2310,3027,6595,2889,451,5609,5108,2590,7375,8100,9714,1835,1160,3551,7549,7047,8007,2278,8410,4413,5144,6029,7583,6851,7911,8909,762,5836,9582,7414,534,5372,3195,9848,7895,2067,9578,9087,3074,5416,4822,8753,5194,4615,8602,3143,5,1418,1172,5399,1638,2425,561,6269,3923,5097,2710,3975,5729,2460,4700,3292,1688,3952,3240,5147,8820,3494,9155,3736,5065,9857,1416,459,4399,7063,136,8817,5475,4332,9339,5979,1697,1886,7524,1016,675,5714,4405,2693,5630,6811,606,8959,2109,4536,3868,5304,8941,1468,4840,8968,7512,7470,4501,8300,7243,8468,2680,6787,7881,3529,8556,8884,546,335,6102,279,3106,8544,6790,6910,9556,6696,7365,3278,5263,30,2173,6237,1163,5891,2337,7760,9488,6943,7781,6153,7210,6582,4768,1287,5073,3968,9099,6494,5978,348,826,8175,3068,7598,4177,7179,6037,5164,8384,5605,9176,6528,4124,1352,3401,7669,776,5165,3117,9694,418,1973,764,4045,823,7256,1419,9376,9670,4625,9619,5637,4272,5245,9899,6077,1150,7858,9097,1291,6688,7194,220,8924,4465,9980,4363,4450,7808,9674,5044,6188,1700,9114,7972,8397,8012,1651,736,1553,6498,9248,9167,193,1359,3407,7346,2239,7296,3280,6750,8647,3677,3461,1541,2091,6687,1040,4602,9400,8808,8794,1055,8150,3549,4117,8154,7475,3099,6953,2021,3810,935,145,1556,1232,5710,6093,6110,7632,1282,1698,8332,8008,1957,295,3357,3333,6059,9096,3066,4928,9628,4766,2463,3607,791,6738,1377,7314,6442,5186,8691,2717,460,9022,1725,4032,4905,9829,1173,7726,8471,4066,3361,3811,4681,1882,6668,6126,4452,4383,981,6057,2690,8522,1828,7340,8656,3922,893,4818,5849,3257,7114,1218,3388,447,5268,1642,5149,4955,8049,8114,2116,177,2475,6686,1447,3162,7868,3652,7347,7845,886,4812,436,3402,3566,8771,8080,1590,769,7096,8799,8551,5270,5693,8511,2894,2333,6505,7599,1613,8958,7325,4165,840,1094,2250,260,7326,1939,5426,3538,9348,6263,7010,5225,5495,743,6958,2523,7323,6869,1569,6661,537,6151,6820,1472,4842,8251,4179,4368,2558,7773,6278,9564,7831,3560,7521,6359,3839,3685,1512,2953,9801,4648,2320,6173,7557,8179,9668,4715,7345,6778,5614,9132,2762,8037,492,2521,9078,6128,5298,6526,6612,8935,7223,4138,2781,5052,7372,5321,6238,2225,3390,3804,3820,2002,2499,7602,1301,5509,463,8438,3127,2549,7758,7046,9665,6973,4876,441,3517,4947,1002,796,2437,2069,6933,2222,597,773,242,4859,5601,2147,9742,5561,7934,6066,1730,185,6035,7651,2071,9225,9988,9302,2068,4119,7025,9054,5681,9851,4236,6111,391,7145,6116,8800,2362,216,9879,6277,7545,779,2864,8839,6287,1757,7877,5950,6627,4984,563,5060,8797,8742,539,1085,8711,7486,3421,8331,3426,9406,9977,662,8015,8895,7507,9511,6835,688,5529,8926,4553,7188,2343,6094,8265,3627,5494,8724,1073,8750,6339,1822,8128,113,7012,553,478,7558,9663,6724,3112,8710,3846,5884,7138,6977,6462,9462,2012,748,4629,4228,5223,4686,995,2498,621,8369,5876
49,2736,6548,5159,5985,3853,2161,6697,2520,9790,1992,3662,3205,1666,8291,7371,2513,75,6454,4499,1995,8314,2020,5656,4356,5875,8191,493,203,910,538,9398,2788,4150,9587,3156,9276,2359,8349,8738,9467,4369,8628,3867,4919,803,1925,8036,4029,179,6617,1125,6715,7303,3294,5415,9662,932,6808,2373,1765,4810,5030,7492,8703,8147,4668,2942,9720,128,6307,6574,6685,8690,7232,9323,8116,2943,5974,9805,8664,5348,9497,4521,1785,9630,4678,1272,1257,7986,9271,5793,5783,3851,5424,8918,7705,6460,5635,1837,6029,9298,749,5130,7976,2901,1663,3876,1154,1591,3898,5900,7072,4921,3188,7508,8588,5843,5007,2575,3799,6461,5234,6119,751,4679,1902,5472,9145,1618,5908,7854,6084,1737,3154,4930,730,4721,6597,31,7576,7455,7101,3240,8173,5646,6643,8010,8774,6440,4780,1729,3474,9111,7063,7034,35,2125,3741,7355,8867,1142,6920,7524,3989,1221,4832,7840,3223,9435,4044,306,3120,9405,7086,975,6300,2697,5311,6747,1848,6206,5457,6026,513,3967,6251,8456,1735,4569,3101,3755,7048,9916,241,4558,3064,2747,753,2775,5289,5384,8949,383,5533,2930,6006,8164,6411,8310,9473,4055,6903,4800,1940,7842,5020,6471,6189,4362,223,9289,3060,6367,2112,6515,5343,5000,7268,6481,4457,4081,5365,9423,4998,3261,6522,6246,9246,1838,9205,2446,951,1722,2911,8194,3395,1914,3343,2692,9761,8555,3617,8280,9112,5319,9090,6970,783,5437,6111,2195,5358,5583,4860,9047,6800,3707,3275,4459,6511,1057,565,6343,4785,3368,4929,1747,7529,2534,2293,9142,6788,8603,235,736,9660,2739,4294,9860,1171,6075,2403,9569,2377,4200,8607,4993,2013,9850,4472,8899,5866,8508,5471,4689,4101,5595,4192,6577,6567,558,2150,43,7001,5465,2817,3354,4532,7581,5765,8864,8674,2600,9293,1337,7632,3083,4455,6145,2818,1957,8044,3357,1952,3285,7489,1376,5916,8650,2076,1411,9715,8642,1736,5724,1885,3129,6347,2383,3250,8861,7561,8054,6353,9822,9859,6118,7587,4976,3472,945,8877,3523,6283,269,6606,3992,4383,9172,502,8093,3356,9135,4500,7671,9250,533,4818,7035,6849,8473,9514,3558,1467,7361,2291,5890,4748,720,5210,4584,6832,1196,9954,1447,4574,4,9495,8074,3221,7887,5854,436,3752,5933,908,4312,4709,4811,4825,5473,5417,8051,7804,9893,2468,8594,836,1227,3450,5081,1680,7770,7593,4416,9841,2240,7945,8797,6270,9009,6208,4745,7287,5881,6703,6131,7710,3170,7125,4776,457,382,2975,1919,6108,6393,2536,318,6325,5969,188,3131,9922,5360,703,3560,5026,4961,8380,3685,1520,4547,2017,2908,481,256,2527,4334,6080,7927,3512,5385,5608,5658,3997,2308,8398,6146,6497,4885,2340,6580,4672,3177,3308,254,5107,5455,625,7388,5589,8833,7798,4148,6384,2002,8336,6745,5858,2046,4661,5347,4059,3088,3753,8725,9665,2280,8466,475,725,2277,3408,5109,7991,8443,2493,4940,5669,2925,1678,1007,2991,6725,2466,261,2044,1477,1688,3955,7915,5777,9034,1468,7519,2835,6258,9730,2420,7405,6403,6645,8999,8312,220,8528,8327,193,8647,4331,9411,4564,9998,9257,2990,7324,1723,2926,3180,6671,8060,3049,3412,1960,9591,6085,5612,2242,7536,9216,1998,4035,8339,8450,8943,3664,1580,218,8679,1514,1809,6385,3947,5576,6708,9684,4846,2344,6101,835,648,5253,6962,119,6144,8019,6279,5275,3166,8000,8495,1134,830,1781,4648,8252,62,9603,6160,3366,3497,9537,5195,284,1525,6868,5100,5951,3962,4698,5225,3092,2781
