,0,1,2,3,4,5,6,7,8,9,10,11,12,13,14,15,16,17,18,19,20,21,22,23,24,25,26,27,28,29,30,31,32,33,34,35,36,37,38,39,40,41,42,43,44,45,46,47,48,49,50,51,52,53,54,55,56,57,58,59,60,61,62,63,64,65,66,67,68,69,70,71,72,73,74,75,76,77,78,79,80,81,82,83,84,85,86,87,88,89,90,91,92,93,94,95,96,97,98,99,100,101,102,103,104,105,106,107,108,109,110,111,112,113,114,115,116,117,118,119,120,121,122,123,124,125,126,127,128,129,130,131,132,133,134,135,136,137,138,139,140,141,142,143,144,145,146,147,148,149,150,151,152,153,154,155,156,157,158,159,160,161,162,163,164,165,166,167,168,169,170,171,172,173,174,175,176,177,178,179,180,181,182,183,184,185,186,187,188,189,190,191,192,193,194,195,196,197,198,199,200,201,202,203,204,205,206,207,208,209,210,211,212,213,214,215,216,217,218,219,220,221,222,223,224,225,226,227,228,229,230,231,232,233,234,235,236,237,238,239,240,241,242,243,244,245,246,247,248,249,250,251,252,253,254,255,256,257,258,259,260,261,262,263,264,265,266,267,268,269,270,271,272,273,274,275,276,277,278,279,280,281,282,283,284,285,286,287,288,289,290,291,292,293,294,295,296,297,298,299,300,301,302,303,304,305,306,307,308,309,310,311
0,12735,191520,490292,384290,418674,253621,123361,512822,471464,19425,424500,331473,227198,450541,457715,415513,512051,20731,378509,250005,9942,418628,159958,63158,217336,437958,493457,453536,140800,292525,523104,44655,386035,429758,233581,505666,31835,335677,141865,34494,104879,14978,323826,190013,77626,308186,232355,106175,425196,157057,28157,370646,141040,461010,461124,454993,302352,207187,400186,225757,152666,135293,269255,84385,443749,105648,366370,203323,447474,219851,88797,108472,103571,275937,514499,123930,45152,191771,92428,109227,388687,301177,73256,147592,197200,112530,507540,348854,165307,379148,381732,198733,392322,208947,95254,421562,502792,76999,146212,123895,72502,74825,504925,274099,92556,510494,480423,113899,17782,496411,166189,518844,177921,159187,191063,275359,385567,189547,484388,140420,256963,413236,370893,410313,232306,303624,209574,283254,115943,321599,129831,389637,112507,512003,185147,196255,312332,301100,256567,349644,395708,521357,457987,212256,34876,187112,127144,36113,59733,491063,35077,210399,241909,271541,392537,94122,267903,502795,140418,418363,492588,411729,344914,341555,294982,368737,491668,452771,426027,155931,371003,412632,317775,67506,33456,405639,89092,378328,237128,101873,310067,221036,264102,41681,408362,254747,296361,268711,251470,139922,422621,235575,349985,162789,487031,119809,181718,502458,397070,208492,452264,25150,500027,483209,184315,54403,124715,156966,451394,160384,8218,194073,208074,62694,57228,38475,309326,458549,522736,373386,143342,494494,381914,232327,128327,134171,487196,499893,320045,391452,257645,131794,102912,424246,173959,206313,190159,65557,191784,511720,235474,136377,73649,471165,511252,448674,108795,518101,77746,81703,432738,69469,443422,141404,492862,383396,45079,481322,466939,311988,498548,403090,411412,452194,471122,264524,124246,10153,163738,279326,269056,222594,491656,120723,78514,325809,41766,75591,81251,481834,460295,82012,290857,187439,314912,150747,476599,96899,473532,373431,501768,359285,154134,233447,4046,342292,511935,319842,454205,469934,435133,480413,362733,459418,11413,472819,498598,396254,5238,44224,181128,377401
1,271315,71544,523358,451668,389663,247760,152879,483169,345330,91948,127954,362432,4119,105058,381481,482144,424189,395374,491271,320586,81613,264243,305113,473101,505790,247143,106588,403648,76999,125457,389930,179757,15584,305673,159301,487724,110712,303754,247180,467499,405920,509493,166208,321163,349013,366278,379686,155427,329843,358746,228199,362879,225745,277438,308981,185850,314907,10444,311932,406329,145960,457517,327797,306628,270404,162460,281284,270112,98725,174692,258061,490727,324453,63233,173496,334981,27066,371992,483454,73081,95034,381218,38251,34250,369906,326676,488647,139361,454020,272890,260833,175699,379608,475179,80892,457986,451897,187475,361159,188304,217472,487099,138217,139558,297607,496902,424246,472520,281986,326389,188026,477080,55497,20453,482140,44230,320077,184173,40215,225039,336699,164953,42643,480039,521539,413236,451862,98608,277925,365763,365415,496101,425066,421597,163995,237180,113274,366275,519466,46703,78869,485421,271541,126906,246253,407896,204795,76326,372348,222862,263520,85531,318143,518710,253680,77423,136396,165476,507167,494202,512990,277745,377184,490362,128708,43114,29455,403139,338544,132873,53171,381202,468189,11530,111737,258966,370687,427684,445013,389994,417739,308759,235527,297783,467987,56802,440146,235564,522797,267756,238093,403683,396542,193798,348854,68750,65142,184576,191971,184606,470678,395353,26154,522425,358128,366370,518302,361946,373715,78748,39262,115620,208562,81703,222365,170339,481229,507688,1220,207004,364635,323706,349353,306288,361032,181521,74825,346506,98464,225912,365794,272558,257523,34776,151353,446316,483672,222,271679,141247,515005,432741,332663,99307,369423,179995,427093,426258,149304,393602,197789,106697,411366,343405,185558,507700,52745,382732,119446,475952,215884,220923,21628,494599,377476,107977,456823,376646,342890,175672,501768,79594,187289,444713,392637,411666,115669,469583,96656,318737,466229,397486,417999,507294,122167,494604,68819,319725,296361,7033,11493,503982,86911,101710,508968,463176,226476,117500,272913,22961,168865,148372,442552,275923,470906,436178,79536,127025,26006,105963,10902,364395
2,204795,385834,334989,469828,99024,473378,106876,408658,353661,376938,502458,271114,163459,277374,215811,414401,434487,173077,520323,456545,188542,85703,144976,259093,228157,20691,205270,251470,513165,168067,393022,376841,173209,270462,278472,315142,339733,484486,236329,18640,217900,197022,283701,412302,199242,518859,380142,318047,349067,426679,362133,199381,79653,302103,516664,82994,446396,310826,222139,102595,458693,276533,454306,131800,433258,235853,191384,323248,336021,115669,114583,299033,511063,74149,491624,302226,213899,57935,230789,57959,186978,212391,458434,9374,373594,22509,108055,304601,44818,220923,275295,264823,329232,134323,97388,456133,58067,176941,377586,137594,285080,96727,248741,312057,90691,235568,195663,284590,108977,385567,48976,11530,153454,426267,95024,112306,236686,48810,164293,350719,460434,178265,187399,281074,226476,187640,88055,402579,495725,483610,487220,106491,260922,432465,294840,10444,349257,450541,395374,147807,174833,452841,251374,165772,137190,308186,50008,160019,33121,516213,42838,486766,49455,79617,235575,393161,486727,310502,429604,280302,103350,251405,98510,159873,203735,328720,409892,480276,442053,256781,207144,214644,325493,193134,401970,168673,486428,332985,511519,319211,101183,240090,186896,447566,276020,322295,50509,154467,498369,356877,489391,130313,111410,372844,244181,233154,505389,126906,47038,210646,76326,485603,354678,272890,450489,349935,305075,280461,384161,477643,171306,53587,270060,152075,332663,376871,22899,293683,85063,328392,163995,328254,81251,177913,26533,302979,512524,89442,162150,377628,414358,302559,386930,508276,269503,101033,124974,475453,171822,92655,367350,127495,404554,101638,428330,154596,495246,520200,409887,485270,168311,470657,406176,252716,433203,127808,265751,230572,57048,479798,105230,56501,109374,140742,332047,158894,97441,353166,305680,457968,324943,509491,232032,459418,293202,183330,246947,109193,245024,269036,182015,29455,150660,270035,123550,452234,87323,500733,145390,53995,164860,160986,71780,375029,300958,73225,236893,412398,169062,396556,515366,61524,185510,429561,158064,248170,520365,312922,187475,25339,449287,92972
3,55811,230058,131360,164859,336025,437756,421221,444713,217455,56200,172569,478069,53398,323495,18693,212458,22872,302423,394559,63751,323530,118356,290266,233154,381953,408000,260533,191520,73989,96558,143342,182641,191086,355006,31543,448316,480413,233102,281074,414658,428454,163819,96964,364194,342591,442053,155004,353490,162131,291243,166938,402987,309855,91010,282761,330623,274806,229988,106564,453404,428326,7505,101918,212446,173630,321341,392565,141772,272215,376810,486428,70985,257748,453003,447839,448354,418363,32377,403915,381481,128729,325616,74223,343301,320508,91103,169944,419504,36287,434518,49416,459476,161193,178823,415496,441725,101033,170111,249124,473732,128604,151169,98337,371197,387309,448116,222661,468287,105963,94593,421890,47752,267157,235527,443496,160019,250538,450908,61860,240935,219228,332499,248605,164855,506061,416949,500807,515336,242667,194073,44519,16816,18144,309396,354583,432200,429720,242158,459170,305521,503704,98324,403104,179146,162351,364214,272893,471072,407259,144936,184729,88933,130501,434817,206695,519435,140997,105713,227716,92355,82111,398459,240218,171306,295373,262088,26989,444485,240090,209580,193842,209764,314118,236489,202532,140182,454571,263310,224184,260201,122168,459913,467275,169520,469828,316077,365984,404648,92556,489299,367348,339694,332974,444507,5573,89317,482723,53779,327277,440723,206134,423551,109632,178294,292819,467123,20280,30768,419124,223139,472718,149398,152839,200500,519219,508925,493878,317342,73300,302042,235575,420811,405554,114861,94936,400424,374293,230485,522445,81251,155491,456633,88230,97545,378714,29385,294237,64657,395423,87622,489044,356169,349718,52962,112400,438196,321364,11530,301177,258688,431642,506993,263830,264510,205277,285932,444293,401038,488120,430232,223455,328728,462569,63515,97082,407273,217336,203568,197540,172465,164009,443348,130127,102912,333081,163650,157880,175889,89207,487496,422489,468619,153754,330365,26787,375353,6296,22758,210881,124595,303409,132481,316767,237417,109227,237128,302505,440138,79307,46387,228992,164060,302799,4891,461466,266969,276912,452648,83852,261532,435876,127217
4,108130,184773,110958,446084,157618,435681,4797,73110,420655,481545,65334,511372,176430,421066,57522,145055,194355,498333,503704,375491,232457,500733,194505,180278,376726,505024,106708,311675,522252,362831,431929,324294,456745,243463,19899,221287,187495,368806,285080,446915,224271,391910,508156,77165,171548,19071,86911,115289,20554,98340,300958,210904,185465,113826,68640,438971,86016,483721,367500,411475,339960,126819,127917,295102,301593,87622,81251,376810,152649,451862,196734,304104,454714,327154,517042,351526,47174,282761,436933,130612,201494,213412,36345,250753,283301,120799,50868,108055,402654,346932,367348,31398,381539,434690,143186,459101,446709,223471,4618,112164,114628,13861,3241,74768,463746,442887,453582,28225,181059,371989,467795,506304,268628,436989,53308,387309,465564,159595,508848,260079,54902,113191,4637,205323,397486,438935,120441,279426,406176,333762,284590,41823,41612,212225,73578,275339,263214,463322,134329,312462,216771,506993,165133,212508,259093,314013,230511,58088,99121,244394,264518,81372,174165,274297,192449,237483,362395,349679,435220,456627,81346,24565,65236,518858,333351,334729,169806,286678,519239,490034,181755,247505,296361,182750,256337,33932,514652,504525,433287,76723,161655,354734,235691,160168,207004,427089,121091,370310,332499,19968,241909,443024,242776,307506,74693,396516,293121,147192,120703,731,282369,273651,326676,30081,298841,389435,499275,219376,402002,198873,361041,446599,512524,416200,461287,30771,203770,468015,287852,22032,120419,311988,127217,428578,318839,235474,131223,299941,134335,208074,69294,35024,333802,435306,63085,381806,216864,149412,160649,245024,53036,272293,214715,71104,127616,214137,478255,134935,34237,349353,113832,509067,505839,291080,173936,445438,244661,181411,350457,400468,503006,114571,183641,488016,294599,96084,342607,512095,86682,187399,34918,506029,431165,46528,295526,483965,33150,128252,121961,186799,170153,351471,522411,256058,187859,332943,225912,229470,133289,329855,212091,60324,6849,342268,362880,155514,504351,278926,320479,362771,18288,510747,138392,486916,308981,266683,109368,9600,497844,62694,307636,50698
5,20691,229532,412205,408362,167884,348732,410861,461996,456820,513053,321163,403307,236248,185923,279640,224180,168865,346917,281687,508755,273651,217981,302552,428271,233230,338114,174832,373233,318322,385711,195970,501247,222982,88797,318047,168720,242674,218682,78046,63996,91010,260970,232646,328129,293569,11193,54837,250963,332386,28893,211689,78403,463500,97324,326010,320004,257762,262255,377343,367816,511072,31305,439653,423752,154696,84385,482683,498286,89975,403090,516669,7018,258038,494334,262382,180392,87429,280461,394559,497416,511946,286953,285408,113965,303585,268151,450315,345061,79105,58872,40600,40595,39418,64671,37382,505880,437381,121971,132845,129825,442053,218485,302243,90083,497914,373597,471195,315601,236125,235575,192906,301236,88269,171866,236996,111698,159187,15897,455894,86335,507812,94563,227137,267157,389874,350108,398532,468204,501227,188711,399048,417951,109632,377184,336219,36293,121285,520706,165151,383996,8649,287316,263159,388516,503289,12603,264732,227198,203882,31911,367940,66951,354113,235691,260681,62882,347710,361378,182566,461017,392322,332663,123550,156046,352391,114061,375022,253882,350319,299974,305041,47714,398459,302042,415960,371276,31741,12995,331099,267740,176795,502573,236796,305494,75109,474141,69154,361957,99539,18700,82420,404952,442959,218264,476559,109634,234369,395720,301896,219070,354505,497520,204254,109227,101523,10486,22553,198507,83666,412894,370646,504971,52808,266560,189316,26314,501563,271317,235564,153754,43496,140997,111410,162351,56501,370967,517556,75200,470906,469341,167428,79616,352122,440985,103910,40214,25719,324982,403648,273376,90336,93743,263827,67720,235568,144211,507826,316475,222286,108257,513844,381750,17623,481915,197540,16393,41272,498701,32262,494182,77282,312196,462885,175827,345836,457946,498223,474794,283799,368192,422303,63303,137031,469583,110761,181725,397486,513482,453346,120070,331242,395777,363381,291424,226555,295526,150626,370993,190416,375998,212167,447070,304093,31042,68432,238131,142492,506359,62826,141247,76846,194871,207838,522069,157191,126757,353332,88550,211596,360837,178888,20454
6,79617,478776,8943,482752,333762,391968,384276,485228,493878,6705,47815,270048,339878,185391,511380,90257,34876,343706,408656,300170,38660,212225,370068,472395,35311,308497,490312,488592,176859,294100,393792,216419,497095,438015,465848,35313,200757,105314,254869,336288,325293,400537,399460,61774,270676,192675,36332,126597,332842,89641,350440,1260,426827,321457,288856,194871,328747,117,216153,423947,13861,437428,415301,32377,355272,194687,246090,209764,501042,289883,229617,473532,266382,460338,66231,522252,160888,354583,229084,10153,20554,433106,382098,522422,485526,38778,393022,417474,19587,303203,119809,267871,253882,88055,178888,397419,22022,157666,52873,31741,92505,302313,129412,313065,378002,373204,193810,332933,141545,95207,228785,252031,105058,448276,161145,160465,511794,105489,171655,85546,228550,222487,165772,23732,122167,372549,44519,315142,257660,494133,39075,110619,452771,147642,461602,236228,451897,321615,372278,3540,483,77746,63111,125674,84043,428655,115612,442865,302898,315608,264859,231790,34150,417999,301909,14268,299798,231464,118418,287631,177778,128813,149972,335042,337893,155382,51016,445667,457987,375680,128490,4697,69285,99863,241552,83120,456891,512005,186799,37464,27187,498286,31312,496104,204560,111069,354079,397042,38551,121851,406173,423721,280321,20668,103503,60888,162581,165307,507826,460022,235575,417561,37411,381620,311668,138020,476414,420529,481627,304058,401038,317589,28914,247234,365352,92988,91511,195397,402881,487724,415043,346506,338544,39419,246542,82994,27416,249796,41272,171383,39687,363022,420405,37665,177541,350837,183261,23962,274099,392795,248170,271949,428647,32100,416639,313230,167706,1651,271362,84307,328181,254747,347484,518858,132034,423627,364214,1507,56188,371717,486428,153595,439820,228066,295280,508214,405401,318047,252277,151571,87429,126666,407259,30891,393780,385100,453346,407607,58218,190278,5071,491342,100119,253261,255319,16604,122875,371803,497844,183778,454571,447474,115082,321634,342644,485143,65590,486464,160986,377426,501625,393456,248623,301470,514176,348770,19252,518233,169386,319579,411586,320004
7,503289,8677,471433,137455,484300,47427,474337,240432,428460,55757,98465,335677,511794,176891,232414,103303,46975,402842,250522,77880,105581,979,52374,498480,485901,402975,151110,213661,265635,306224,393478,343711,520323,481656,313539,388519,126482,392322,266824,516101,11566,355006,213208,491787,182566,256006,120673,500734,275359,340351,421316,325809,472300,250772,53071,173738,166189,340102,495049,33116,497693,144469,120215,147050,122223,300880,468562,42265,309834,409221,127818,336898,477765,251405,182852,107047,91548,358495,46355,356800,231947,260976,17731,404424,515836,355905,163995,47244,28765,376871,212508,460141,366366,411542,25907,428268,350632,516347,424233,243278,201620,370827,452444,376454,337442,327277,401976,52808,52745,498701,185317,446467,230668,161977,486441,422628,270565,194368,98807,268126,50506,218934,43447,147804,76999,505261,266009,173635,99093,462703,172154,509803,106869,462150,431811,9237,300471,45079,131738,107970,402194,478167,110082,252936,135087,488306,316711,497359,49629,419188,81373,287850,64036,514254,46763,238996,94593,225586,227929,313020,269394,293254,185491,512811,242158,479015,31243,68795,497511,360019,419243,164504,296454,121696,273376,215872,410313,93226,419030,162378,51016,352426,496883,183685,113899,263105,178461,105303,4772,48976,335888,167005,234981,146458,7685,11006,93482,133289,228157,90931,366821,423985,352453,94874,230905,337294,223670,323384,454696,219093,249796,140264,78745,194355,136430,437428,217900,333274,518859,446830,498286,166565,248249,4637,414864,275112,448193,206273,171893,225044,193407,427089,156375,395425,508255,484788,439346,8773,50549,306628,253939,321587,150785,261919,234369,422977,317589,470817,25555,191291,519250,293669,20359,203805,518858,383561,507256,341555,65236,230322,383744,402906,438487,23537,156093,10437,35310,366370,78063,248170,468198,454430,455050,23467,60092,225060,379965,223863,291465,211821,104270,288241,333741,377426,334208,67252,165976,424699,166104,184782,233696,370337,42513,53801,395972,165251,321163,64261,483610,102712,382098,67288,187756,60919,311803,194687,395535,295982,409043,62500,16616,63111
8,185923,20945,306905,411729,329869,25704,61834,521505,76817,121206,492315,150956,475419,285484,240371,25906,415960,165945,237769,37082,331262,150904,138637,286165,1731,174853,467022,154913,305471,271362,143586,189883,519239,507294,255150,345143,444293,110917,435249,59433,263758,441962,296100,57935,2026,452264,453404,483169,164402,53666,446352,392717,42350,14091,257192,141545,517552,319145,465520,169779,88711,36515,195056,9603,414923,103108,472837,63288,450620,471542,97524,431929,277135,235870,455124,350108,247950,447041,285837,92038,192530,498639,149188,431612,116111,34589,466480,275793,49516,187399,225967,91511,299656,475179,510923,34150,328334,310524,307859,67950,83492,11530,76813,317829,237180,223827,129954,49351,133547,419784,407874,370337,75673,394446,439879,54593,229532,494182,263105,443240,345595,222286,141184,490882,336021,417238,522814,264243,321457,124595,412336,282618,51180,431616,96171,390363,352307,331726,210646,174230,85531,480479,255990,426446,370993,142259,278470,109019,143672,486789,451659,236516,177063,13334,373594,435265,340531,444553,332047,284707,370386,236013,350642,36293,513673,155188,172947,77282,169062,250772,355148,147284,28305,469472,104861,417612,47450,50559,279193,463141,409948,136128,493634,244058,204953,208166,239951,36402,522792,407607,221597,158012,150541,3054,467373,50848,102337,415809,496065,259786,186896,446647,296938,10295,419030,401180,345899,96734,388082,299974,516213,397872,365940,452234,412267,157075,203532,302505,118938,90855,360846,79653,160200,220296,26642,318047,475324,450390,434705,463678,252275,220034,309326,98139,239972,490657,8484,28863,328222,36198,139564,33073,450716,490217,515372,314600,98192,484484,357013,146286,316951,326010,568,421191,212675,369869,490928,466601,190450,398316,210818,512815,282259,425428,85635,515005,297618,132919,374738,42513,432547,216878,445232,13557,81373,372278,42838,201173,478449,309207,22562,304663,375022,378055,433287,76846,400158,211515,380338,518036,157818,68819,375029,240587,363295,504102,501239,117984,214808,360010,268998,7294,93349,207187,225060,101817,388999,333498,4119,461089,291524,302358
9,302622,473435,76817,300644,35238,492315,324500,419003,125915,303393,175493,99580,379269,402987,470128,187259,361942,502994,167438,416404,209620,47815,360019,111299,117000,431982,376303,505508,108865,236559,305100,254254,444090,379118,186896,427756,399771,188950,176430,209782,236459,115167,101779,374761,505382,299433,344357,355006,331000,245024,517474,480510,497031,191492,492688,11561,77100,369157,271317,212091,361113,220296,498701,133797,216771,97618,429863,104565,14182,193842,47792,1567,141562,246526,493079,405383,456823,385148,16312,229988,39589,175339,463176,94683,522514,432050,203409,81487,323969,98340,498400,112976,168430,115947,398532,44867,88893,390792,120703,176925,94293,265348,141545,460141,465577,239930,325362,168067,136780,457047,101215,194871,48244,344639,359473,416351,428642,461124,12995,431509,103625,77580,44580,242085,371026,164318,98557,128726,354079,286496,244475,114776,382490,495458,10488,431980,314011,286353,204610,96601,500570,22509,221362,406313,270676,341359,232837,70668,479541,431186,44058,244318,321888,494245,428299,256525,295108,48065,196573,244332,24075,224184,30171,412180,430743,47655,370661,115592,429804,328181,75344,134013,259855,326108,26427,175589,304556,282937,401970,326100,187640,155514,210818,236782,491537,460338,258858,379057,226849,45279,390343,66910,198083,142543,240992,171752,67252,496104,323318,469583,226874,51714,293717,241997,158487,260327,189294,74693,196476,160506,140309,436476,481240,218934,107037,214247,490312,497047,467540,497520,89636,165376,194597,170650,228804,455894,78546,323530,323547,217455,352391,434009,277428,315893,122309,34876,181059,205535,11792,251951,56049,277416,289374,508621,161315,150396,482968,356800,375694,447041,467476,211571,428447,423627,500027,6337,276020,119941,293447,57935,374738,462986,430425,33126,460566,480276,329843,456745,184606,406609,434203,237856,236123,108461,236893,50506,235564,62694,10902,256567,163902,199678,7709,145025,336038,151110,478827,251460,121460,462519,160645,490774,312800,121285,57913,112341,363610,79790,321587,185025,375022,231692,512051,361491,410861,111069,323038,433970,138945,422161,62826,488420
10,323007,373594,409719,485169,445438,430022,69006,269413,325012,48967,473532,57048,277428,467990,233581,503750,164117,477116,490882,480769,10337,360114,4661,165976,11545,442476,270354,418796,442300,291866,329855,115943,386930,472516,263073,204527,464639,253261,91115,265751,345819,93711,105963,475041,197498,30312,502802,471072,469472,379133,408656,8677,63551,337056,120814,282973,401201,237954,64594,30768,450381,370451,137385,166903,84324,229220,214757,33402,218761,371274,198733,242595,102902,76846,165133,42041,5234,415496,284707,277858,222706,403543,7685,166565,83468,341540,345617,10902,120723,458434,276742,48008,477567,129954,212739,29395,21276,416949,305422,68819,395535,318217,387251,407364,380424,36178,230856,371381,86340,207729,337209,144976,513418,36488,465508,433326,1224,486986,506776,205270,467922,316026,315321,7493,129795,112166,128490,440672,484979,220582,461017,421276,243694,69693,191521,422489,487061,157075,152551,239951,507209,261601,52867,189316,121350,470657,424699,287787,431616,83666,286953,38778,11413,76783,20099,380777,294530,516315,8520,127130,254165,102,403793,36287,428299,115138,151561,204080,40731,18144,367500,356230,89392,181625,24875,448783,22470,221032,417743,246614,131325,197451,361178,319337,522514,443749,144006,187900,242818,438525,155793,507812,505357,466421,456960,224718,513053,520536,186564,64753,487099,123930,240517,131377,388516,474337,364223,494653,205578,117906,519875,321615,472833,410253,178668,347667,160871,106864,486867,317306,34011,188264,490928,500215,102912,349409,174833,69154,83647,421489,465564,337236,413311,439820,22929,472292,402906,163060,206593,236489,414174,147403,2226,349980,381914,38198,189113,349935,118801,195663,336159,300265,431214,468619,403981,259213,295298,462528,114145,372450,154820,480298,411008,461521,192636,10295,403307,230007,80892,83863,454594,359813,291919,107682,343122,40019,417612,448382,223426,51585,20184,365876,480423,151169,236137,229470,443745,244132,7605,340369,241997,115669,440386,356420,387016,142437,338021,109219,452591,44252,221036,376023,481027,53,390953,320028,418561,408658,197540,427701,63996,36843
11,313188,372941,512387,291172,347623,43114,266700,221274,4772,462742,96509,138065,25093,153345,388341,338329,293569,467838,288241,258137,342811,342292,507533,432393,481650,316839,4211,432594,349409,127167,416256,118006,252668,112530,476241,449222,246086,343375,40411,489645,84103,421597,496323,44062,50509,199381,260740,96605,423917,146292,501898,306224,282761,126597,218737,76783,381202,44266,459017,439111,95072,418138,444090,232403,497844,38632,479015,325065,478251,240218,140418,494133,470678,143880,356393,103910,173235,412336,6442,131360,490800,111374,11307,103303,445396,34065,383143,410517,258966,218691,216934,354170,96656,353607,446915,428629,385233,207004,14681,464937,459637,305494,366910,19748,174955,359285,517552,303175,338825,198988,201166,182893,187475,488647,331047,114061,228212,209640,408362,311170,221032,337590,411366,311654,426933,471396,65866,91382,2940,301896,257660,233754,508011,57982,294840,141416,439726,475869,197770,297836,48597,389663,210723,295102,68658,28693,303585,452825,128462,324297,346889,393515,164018,136381,386829,128708,247143,515141,4939,456891,395185,363652,475338,347503,485684,217740,254450,279530,339391,312782,495176,462302,337866,213095,454430,265866,208924,51606,132919,365360,141772,337205,149546,410969,503704,316767,50188,514652,158318,253819,6337,401610,164852,522814,111250,126943,284725,409719,267066,183686,93845,108977,450962,353397,21240,321163,379148,475843,7820,101718,277750,320572,491610,473436,423355,9237,444614,442184,258061,376850,156464,139042,129930,420684,253823,501563,233625,421423,446357,280312,118356,342499,307321,91999,509067,397070,147069,401953,253846,116394,115841,60912,123749,442887,281958,184206,348686,275555,171107,498548,254846,50987,223670,418391,463842,181279,481275,446084,304626,188777,19611,326617,403648,109008,158237,48849,358498,224041,408656,224960,355307,381197,34918,212156,339831,469828,183612,511174,102902,76617,134807,131377,189458,40092,13826,456745,206695,417386,471231,35024,87894,353897,128490,221570,362133,420190,447921,366810,501768,174919,105691,147197,253939,247191,487011,29002,373072,108461,469176,205866,121630,434009
12,420073,409894,291486,82447,506603,439111,13826,397070,62694,385344,246106,323820,149958,400352,343515,361465,83852,70713,327277,362733,401098,190159,289092,155067,485270,270725,391290,478453,10153,112522,509633,101779,493881,160850,110852,25026,267066,217135,381118,50441,287322,224609,320479,142259,468643,501131,41009,268172,171383,59124,170111,281546,235575,478148,141038,73197,46355,470447,291465,212225,229084,288983,22579,24734,288856,498719,414909,341091,81413,55811,205247,295675,348989,260970,418391,153769,448707,447690,145619,424699,16732,288286,102744,334924,511440,316083,95237,85531,145960,54207,283730,148060,252420,508373,77604,188951,236253,183261,92988,234052,392908,361084,293569,220429,65952,58585,354734,304804,385711,321755,78453,129557,50698,260976,502795,161977,397350,212942,75474,484517,346278,470653,296344,277925,500680,166151,412187,203182,419983,241454,271866,29979,110146,290229,155847,421221,77735,411366,485901,247803,29955,26006,132481,91103,201636,305113,159958,320148,88,483639,52416,52745,415513,54229,479998,408420,444472,289213,190837,521945,279640,403813,69198,136816,246666,418068,134434,410007,503231,100380,242776,462536,124731,281068,230710,109413,483776,479802,306009,92248,44396,422489,498427,424196,478907,133547,323685,363871,270136,367832,383396,265348,181281,472837,413344,277023,90024,408656,257762,32591,478860,43496,108773,519170,17094,378100,426679,342591,220034,276559,249543,488229,95739,176706,520989,185558,174165,326980,25339,465826,81251,354583,373497,237769,96315,402259,321008,491511,246211,520323,100683,440233,101828,106876,428724,314118,455794,160019,243142,305466,493146,25111,236329,510462,212097,96255,345819,405062,490102,103017,125740,515005,195183,351741,70460,175741,7163,483787,355727,126586,371664,151929,360955,506643,491999,353948,221036,251556,110773,446767,479366,58753,326010,506993,462018,247575,219376,19252,100278,434943,56969,394269,420951,404588,324488,253939,79055,164293,366804,71484,92039,143031,9942,216335,14091,478776,161903,423355,505026,244075,444614,114309,392599,110346,462302,376023,87622,249777,491271,196055,316531,172280
13,363381,354734,41775,192636,105581,476933,52252,456823,405639,305011,71772,487496,210206,346083,520365,461877,273168,28305,128639,455959,268172,9461,256963,213894,48849,242776,279425,68767,193346,318446,462018,98218,498043,60425,273050,251067,127859,512672,271721,350108,432393,156854,500769,70292,195395,166171,461124,177167,382113,373594,170052,294237,94520,384524,448258,361041,265348,88550,313080,252275,299941,141038,286471,92990,279050,203409,410462,398986,234835,443588,35311,208987,409513,204762,437196,247950,463548,522273,244829,163738,369585,243676,161300,277438,388320,332386,416583,189274,337147,485545,432050,344158,209333,227278,216150,324009,295102,151176,88230,141772,118566,506301,434801,365591,36178,161936,51585,253858,327866,480240,107398,475179,514176,35016,106175,255525,325277,312025,475800,416713,511440,304626,500027,288414,172735,422737,396254,334928,491787,210399,487473,342378,390301,250522,301102,81487,242222,423415,354079,470295,169520,396288,451432,73225,214530,422428,341348,50559,516669,9530,288241,217666,501768,392599,127167,352523,97063,67950,431929,568,207838,192059,271744,30081,139856,512811,78366,95000,313183,332951,195506,520992,73787,283701,325136,292700,176925,453673,511720,356933,246419,444485,106864,407957,288607,190253,61073,290506,52458,469685,189883,86705,350319,268241,358968,47244,92972,94936,287631,56988,219602,477034,225306,398459,487031,123396,264337,79251,485603,67137,230711,371003,66659,63158,326617,62500,419083,195045,82420,158344,252920,28661,178657,187317,468460,235467,483477,60912,245981,513673,178200,442875,117206,233616,365650,362133,478069,506603,21240,367816,233154,490292,44177,8192,338229,337993,467990,303061,310826,491271,138637,393780,11581,460739,385732,278290,451837,37974,339199,88055,255634,349718,11434,489299,190630,84405,108977,22929,2455,176613,377401,470345,486789,430099,504925,25589,250274,280934,354022,140499,230511,337866,388508,33447,377388,456973,412651,206658,422820,222661,260454,278960,232327,146708,269036,108215,306721,366804,430814,144821,391275,412715,95739,518462,320572,353899,49470,222928,226466,63601,432791,115936
14,505357,137850,178461,142136,474440,491629,57850,28575,376503,384415,43171,509803,233649,191558,396415,224791,448557,410253,336267,412632,62490,442184,146908,223139,507381,306009,451668,508968,476559,369326,29595,337519,179591,117500,9942,481344,366979,336898,123930,266508,491787,493061,143318,247950,310141,155931,484388,369240,219376,264593,4211,93388,309129,85571,1220,25704,108977,115387,438942,495461,234387,272913,32262,314011,83529,156093,480276,47815,429561,90931,128907,425945,75474,222828,99215,257011,173630,489391,342194,506643,15562,501042,127616,323944,192842,169386,160465,491624,310616,115229,64352,246614,468491,2310,160384,41162,495170,140163,26642,83409,169806,86191,383274,174393,153054,133512,494960,473202,480510,470678,112507,56817,359207,494202,124928,236996,381505,392692,80892,474512,345683,446706,257197,442875,405920,456820,441725,189547,355484,79251,93689,197200,114309,320479,200500,498043,284102,343423,472292,87216,379148,215867,457515,105691,349126,323691,35651,486391,502580,7163,72171,367816,351974,188752,53127,245845,213661,469798,287971,333150,521585,251556,218307,407603,427701,255525,510353,141150,455332,313230,178311,121851,439653,403678,325012,457968,10337,407508,22899,481915,131252,110921,440137,383651,304601,212318,122095,202453,410547,76442,245038,274483,361921,221401,248805,10295,11362,447474,431811,48976,212273,219962,283301,264976,476556,217958,228066,409503,423721,133331,275937,341368,125035,472575,150396,465215,76238,105916,181759,323820,166026,866,236248,177791,58088,459418,260965,471304,172735,338784,82961,374210,442631,132036,124731,243278,153158,423563,47532,75455,158861,150414,88933,418129,278787,197932,279425,227198,327797,188950,450567,497262,126207,181488,25313,25771,139558,34447,168522,239650,437087,279736,507891,272293,165174,274585,259093,267740,475179,470906,58012,281616,154198,366456,107970,475481,412976,512524,56969,181411,36293,359473,82181,460781,164018,139462,173959,504483,235517,151018,84172,401563,303173,87677,490312,358927,297435,233625,466275,307573,154962,463442,392565,521763,180950,54343,322747,438048,33126,89588,313080,415997
15,308095,325791,206658,79637,169520,345061,173587,267233,450390,35763,113826,298716,366456,38551,383679,276095,274585,271070,95000,24511,378230,186124,264518,407617,350719,99607,381869,363966,237180,36704,451394,420732,212256,136902,173592,392599,123876,418363,416379,133521,495955,118865,457986,333633,433970,301383,184541,349353,163429,125246,29454,203323,230485,366910,436021,283701,316172,332946,478840,266969,183686,100807,264933,501318,1362,520365,310616,258880,314824,391305,300529,63996,236253,351741,349013,402906,194790,127818,160419,152879,214240,481504,341348,270676,294880,257503,44004,32009,483965,241281,486428,236137,362882,331047,175169,381914,23795,5615,428326,452264,263607,279632,427536,323384,96302,127495,36113,40595,209782,519931,129859,178668,305494,437454,136518,382389,408000,412632,398316,354998,164518,323845,131252,47815,473993,223139,334901,473378,185491,249796,342701,343759,336038,208788,369514,110774,420811,89092,256963,229084,295888,64839,203181,218458,330455,175889,380053,238963,287718,507767,353259,250772,66498,12056,126977,438782,293669,101251,453806,94820,483477,347641,290046,25026,1322,34647,360955,213618,102482,321599,47698,135876,11972,19071,159436,169779,278694,12861,295857,435102,132919,53127,6450,260518,149412,184596,31243,226750,89061,417238,424781,34599,344608,337442,411074,31833,33116,466957,346506,172735,139922,320028,480039,431214,236686,315579,141173,381505,59861,461764,195774,330812,487866,326466,165476,392015,204585,271943,361465,506301,485684,94387,236459,188711,277036,255119,52769,109632,22562,69369,508968,50987,138514,90004,339479,15182,236609,491981,225967,105713,437428,305422,215594,148144,153328,41612,307101,64823,497022,465434,515069,432547,504336,81613,8355,356393,175672,481344,515864,65866,367044,225958,155514,410964,159076,66910,249281,380777,200550,34447,142833,222667,361426,328962,233183,458693,458372,454042,126757,442392,424241,109019,397872,208555,174832,137455,318047,342292,459263,31880,242609,63085,128813,340559,173092,461862,391604,379126,342644,336171,277745,23962,132124,522332,346404,321101,484517,57217,46763,490034,341845,193887
16,108295,15866,469685,509803,471122,96325,467472,147050,89807,463842,483169,508555,275339,330813,270035,204220,448557,232032,161222,130645,369428,245322,190061,212271,392554,361946,330858,426338,468895,371151,210314,444271,417999,25026,312462,56310,173445,126621,371664,307094,169233,440138,371989,216214,323056,482224,386409,270060,155158,229315,292819,27123,126943,475655,381269,58566,68508,205667,312208,126829,294599,130475,401038,490383,438376,331475,190450,266683,137359,512149,316293,480667,162035,507688,97334,209580,126339,504622,202342,266905,418130,339664,386744,221401,117430,450962,495376,106697,94233,98337,228804,78391,451022,198317,206216,180641,443293,475018,308802,153345,334981,468787,455499,277750,241260,246106,157594,213554,423743,369212,23962,191492,105839,267066,59338,435102,394862,507294,431811,181759,418570,16319,460338,78482,251714,53502,227856,242776,77100,211515,304648,194952,190159,149958,180455,233796,165256,381998,172735,511935,235931,383957,187119,125127,431038,121971,248054,283254,478827,479226,352613,72497,111404,163738,9374,426172,110802,28661,301225,73835,6442,362739,270993,269023,273648,313932,297026,19587,323413,323253,125740,11972,122860,176140,219962,282761,198076,479581,212098,32741,404424,77626,425816,20454,109227,79203,83581,187425,54948,101852,237518,219453,400314,202970,4109,259778,212463,182028,119972,312196,316839,339647,256885,372450,149394,288238,442959,486695,286964,493061,125246,357697,131325,259213,10669,358495,991,413344,237331,365940,277428,263830,462135,431719,104850,173964,112083,495717,198154,299559,215872,452771,492756,23732,117452,371354,425790,144383,402212,275032,412205,335353,356755,494494,218649,332951,499917,409151,27187,38161,7709,162789,18700,299433,188638,476466,87792,97443,852,238146,470375,174810,297146,87323,316255,309403,439973,253939,64743,165036,116748,491063,121662,17731,360426,323656,87252,220390,340210,147986,349991,272558,192059,455628,320591,349935,153769,76817,184121,470340,254869,85109,189088,318396,489645,144573,4101,128604,300368,499188,510261,365828,514364,378716,209574,83468,402975,306133,377388,324553,243827,116111
17,22555,121630,178962,195183,242776,318685,81613,486441,66683,127789,504924,319337,16487,292819,194073,388341,244475,223448,242818,423551,229429,373597,400711,509950,62768,447356,94132,451874,511696,113254,232313,91999,258038,121161,53071,443745,227856,511946,51332,343560,516664,400471,470463,122051,414258,145206,301102,208562,435332,247925,181930,484484,53036,11243,488928,116394,37270,109138,282930,441096,471464,487751,94593,462958,251951,445398,219181,349126,71484,40728,296100,491976,127808,249011,395844,189154,262276,287593,225745,78735,133579,478148,174465,100278,35651,164339,329884,405079,250899,100412,10373,275359,13042,423917,471853,417773,439820,3185,232032,273651,111698,148060,40595,113191,31305,286463,145101,150628,342292,433433,204000,211435,11545,46468,77165,184782,246318,459404,217958,336120,434580,346713,114571,146690,66135,409043,284590,261246,405045,378543,454596,275408,378716,239091,164820,161655,511122,208788,51867,245180,73976,96656,519754,168430,121350,383651,286471,445438,189274,7505,481275,512662,188798,52873,464749,396556,208207,495170,204953,228746,253935,29209,84818,471047,442125,220923,233230,225003,236237,419030,286894,419003,179995,366184,516379,486602,457768,450986,453332,1305,156055,421352,467123,144714,463124,67288,57373,58608,355434,122387,464639,68258,232646,361032,172186,259002,426183,87410,97063,190307,396254,220247,258858,404806,182366,304104,462772,39262,371414,25026,288595,140062,428271,261965,424241,395303,251405,419983,92319,274725,293345,492991,28661,439879,314824,122870,221553,316781,200283,100564,148812,179524,459101,419083,418561,414864,229469,412391,89641,419984,197254,438232,510261,490800,174965,153328,379867,68986,270354,198873,437312,366318,356933,446352,417721,448549,49416,388814,142896,102482,152763,463322,512169,77423,160948,450390,418102,104674,293447,241909,101828,354465,94683,115211,248605,190591,36178,11533,152915,137850,211790,410844,343759,254900,152362,149032,363381,206519,493061,297098,508501,237655,296361,292713,162351,92248,344228,500570,234341,350989,480298,354865,2226,293662,238854,135087,492650,495461,200496,395611,324905,141178
18,421890,207729,348686,419243,168430,309855,466626,175169,490086,426258,299613,106588,271679,328254,196919,474343,490362,155557,494604,219815,215392,103354,296657,340369,362028,205595,438396,221713,418129,306457,483477,53779,260922,304974,54233,411008,478776,10486,172197,25719,66659,449017,507736,30685,979,428271,451245,119928,182641,239055,392026,342607,241454,511440,53584,166903,457478,210680,274919,33865,201844,438232,160465,75317,11307,403813,150603,155152,321008,336932,88055,47532,376454,228109,108215,326305,478907,63751,276095,513053,521585,147148,491342,7820,26205,122387,476599,93482,497031,91802,29395,20453,8355,37118,88893,68258,95237,13938,101202,264374,194673,512528,866,206593,104861,66606,329554,253858,219429,475477,222487,300554,512169,303343,380879,518101,282259,432502,89207,9261,83120,498480,498701,108839,354734,114980,494597,470979,481130,480298,286476,72412,144588,413422,224967,479662,301896,190613,298793,425066,520897,128604,161347,423917,238672,483787,381277,170238,318839,421423,359285,92779,227050,149546,218649,406792,360426,10283,81346,486464,378414,60324,107050,377184,174692,522862,415739,361913,160948,241632,409022,25111,48254,11545,294530,235870,107047,437312,162257,236248,94524,327454,30093,66683,94504,429666,19425,75586,293638,287318,405127,5969,64780,517987,2891,407118,136540,449287,400140,512634,177114,333802,278510,40730,46355,38660,278290,203568,28863,337790,99773,248050,521074,53275,422235,25771,101718,257197,98324,245227,165705,52873,339694,444620,258326,143204,61286,296938,324983,359688,305739,201396,510353,94132,224184,134435,123838,337124,363652,118865,406323,24734,373594,221036,508354,305680,479400,180172,402975,122329,482723,414752,156769,508984,97854,236998,447921,419168,202970,18670,336705,187798,336533,178235,30631,390363,433563,376164,154596,82076,361834,20731,119098,10444,97296,94874,385174,487246,419984,377388,237417,279530,144936,48845,370068,134013,305075,320004,266700,11522,401788,503330,134935,453332,188638,45279,223130,394355,490383,229470,91237,310790,47052,14091,350440,275032,355484,411309,41147,503899,331933,117
19,222880,273168,510494,344228,82961,489290,180278,16319,228550,448116,262256,422519,371152,47698,88381,352483,194107,451862,484167,119626,302505,210646,277374,428724,450419,131867,147804,244318,279736,108215,255319,216771,127130,143031,110146,405062,351471,148474,365352,142136,193151,49345,321755,78748,174810,403915,341348,240457,61221,386829,122892,381953,424189,67302,63844,202427,366810,304046,85172,238093,232032,51283,243463,191771,373158,521945,261965,480246,236686,505431,197785,38778,494494,177063,246478,225060,173235,173300,465083,392055,375152,106071,325616,496735,227604,77580,343791,447566,337652,56379,410656,479387,77459,344639,288238,321870,443342,515204,255387,266234,344033,152839,487099,33738,88008,357697,114192,519204,388508,318047,232890,457787,382732,463842,261919,424781,136540,419784,383158,343759,220247,169233,142437,470091,422235,482719,29455,275785,328088,52769,193341,9458,481837,291945,102660,291277,85437,194289,145055,336534,372422,506666,497095,253261,462742,361189,69605,165313,248190,391275,131099,353926,338471,508320,316327,53587,178461,141799,304093,358291,162268,233616,260681,303062,340696,521977,308912,201633,96134,74758,375892,271330,189966,289985,411074,438010,184773,20129,158023,79790,425434,473532,41334,122168,302697,39843,342396,8677,94593,462135,306493,244475,442816,344971,148705,105987,476084,436626,423355,230572,469583,204762,488888,371494,333442,94520,263159,62141,354998,190450,85571,438015,228877,162520,436178,151169,466626,201693,329869,32100,402194,421316,313065,458150,409022,420434,87677,160385,118340,185437,185945,224041,303409,144471,210365,259025,450353,120215,405639,360078,328918,128907,370936,376023,493079,204527,383338,89975,356397,453710,469603,381294,172154,193798,50148,420241,505261,375812,114958,364073,70713,60304,196476,121662,439286,513844,6936,414909,1305,401197,470868,380879,316711,141675,414044,244885,160168,475382,98002,81373,35311,161808,518036,53894,499550,62552,464749,141040,477080,497693,335819,20945,368713,418068,75284,406441,197932,458338,53666,261036,96315,35651,73976,482144,403674,475800,342268,170062,106697,371792,523160,111667
20,390301,205866,326676,336025,262423,108525,190721,376119,130584,116772,311413,473550,255525,153328,86088,267960,415513,447683,378716,145055,312869,356933,411677,138726,124995,395972,462457,490101,87325,4119,158501,286353,74628,517518,435249,516533,272310,228746,314600,221597,69664,1731,308497,360902,479595,470817,482958,505415,374516,491271,203049,126739,304828,321615,115289,72319,157600,59577,33623,108244,278472,317503,222661,174057,352057,423743,199577,161770,407896,349368,75586,323007,190159,401726,89807,36670,20099,325338,13380,158133,385233,31243,14681,441876,262250,215977,213661,109008,328222,67137,108526,98002,477593,193864,176483,460781,40019,292392,397995,18012,340102,8484,190180,367832,459113,385933,397517,295278,36780,126655,403981,116204,83647,58012,352161,307696,504169,174919,103303,191902,420550,161024,179613,81346,205650,78134,507736,235527,305673,208987,433106,177387,502104,402029,57959,91948,195506,98465,106802,476246,402701,483445,77976,158318,253621,207004,117430,470128,520706,404176,436804,339257,453582,353397,205533,75673,370893,452354,489391,285073,505382,369326,421489,192675,124246,254776,321825,450489,302559,155860,512387,56608,384275,522364,439424,50474,138514,439346,233102,65751,420302,88055,483886,495458,237483,258934,455667,161193,329049,411239,498400,167438,15079,79781,372422,362556,500722,123969,163480,178697,56501,268628,441954,388814,154466,102082,145025,433828,15613,467439,346506,193929,365591,475179,153117,181521,243849,461299,521,434943,443779,460986,445173,61834,259002,19266,485721,140742,244330,147192,488950,235517,21340,426194,294100,265981,490319,503562,77911,150628,219815,516669,157075,479400,469341,105230,126207,399628,516778,398670,293418,88381,45858,294599,227695,371992,491088,483065,297098,440123,51287,148191,411063,33839,346404,20255,245540,233230,23644,87787,312929,26205,119098,150785,414752,193145,479981,90202,478827,333635,286964,123838,138340,377459,275134,219851,154820,158012,114999,78814,401434,492050,349067,25111,169059,372450,196476,352483,275002,446830,64293,500834,77735,78790,188950,409043,164852,157724,186564,134335,471617,276742
21,302622,9924,297087,205595,513822,465364,59124,28765,479015,434466,428421,163902,401331,359276,481505,381505,306721,368931,392966,322376,163738,300637,492991,437454,176266,120351,420302,447940,196474,406173,309998,332943,473128,601,200153,240482,91948,288286,32358,156421,346932,419243,106876,471617,321634,243748,295280,394186,120167,404424,435351,431038,141675,50441,4006,259671,469676,194436,197022,47714,366894,120673,511222,110917,155067,50549,185325,347798,440723,349187,273805,114980,509950,515293,20796,299165,10669,331933,176539,447107,394073,282067,8937,354998,336447,339257,215709,329439,105648,270416,236013,446767,515427,255525,191119,327797,37974,57388,134907,102744,401677,447566,401788,7493,331975,66910,65952,510530,411959,207843,215392,68258,75905,405062,64806,499275,295924,516669,386886,426267,174810,456133,488928,169233,269106,198316,413864,8355,438971,22470,126586,54229,267233,355725,114095,345595,438340,497914,494494,148508,130500,5201,200222,25719,218793,488888,405998,201844,227137,242161,206695,83490,410656,502733,258858,159595,1374,484517,473732,264374,111853,359726,400256,399342,313150,387052,265635,290888,5343,511122,365415,207100,381122,435332,504992,252918,175827,305713,355364,411873,329950,58925,54960,301383,150660,275785,7820,24761,326848,314728,507533,397995,456960,121793,292700,266905,14784,520241,174838,394389,299801,326010,70713,44655,482258,366910,38047,209247,155753,426612,264189,511541,35889,220247,443953,365621,60669,460775,100683,434009,39687,174833,96605,256006,464749,522862,64850,406313,445232,369991,279632,75474,469672,203563,301947,410861,155099,131204,123783,178697,15598,439820,307309,187798,195040,188264,466275,415946,445094,407617,228066,380003,276533,493634,269234,256377,204178,83393,255324,446709,301068,93743,214530,412818,288856,116204,68654,94693,355148,195774,266824,358927,522619,281284,65557,382098,392554,349353,150396,190630,281743,294825,512408,419984,326569,27066,378509,418280,9530,451084,153720,432903,365369,2704,362882,321857,193474,179292,412890,8192,515765,389874,100517,140264,222139,252354,86715,308615,119869,23864,188752,208166
22,154666,240752,82012,32053,431186,410844,24510,57908,434518,130683,257015,79653,27760,6730,164117,476466,57931,309207,115936,462424,199960,44663,498539,25150,277583,262276,73300,66278,163902,216407,370960,34237,161678,424019,234097,155923,89721,378543,469835,394974,193420,422628,120548,467795,308759,83581,145101,520985,113799,431165,512988,408000,66885,449393,194436,92038,463678,432741,75474,494923,107050,306772,300958,286471,92319,465541,95034,375680,287852,192675,113111,224791,28914,385732,35313,88972,274806,254503,202532,415005,178128,506559,236228,438487,389247,4211,134007,116689,26006,225978,496883,328129,477930,355090,46393,481627,350632,20387,40728,444909,81703,266824,437007,385148,68750,92539,129810,513816,166189,220390,518787,388170,299799,61221,5615,124688,401351,23281,304828,481505,423385,272721,113072,369906,206972,70848,479595,468491,400864,508255,245875,225306,503128,352307,270181,200773,282713,327439,271541,84212,38198,160871,306628,229220,185523,502678,314607,68986,186585,378230,400945,435249,387219,431616,163841,160384,323889,37382,488772,259239,288595,342701,138340,282820,121971,63333,497031,443393,17731,26206,509491,496902,479541,233326,165376,475713,333893,258505,325293,482719,450217,20453,425066,308095,150414,446709,218682,212463,187317,438396,498223,106864,109634,101671,192059,263154,385344,216579,185147,93226,493390,7294,305881,204424,383996,431642,372450,304556,267066,208180,502633,389874,346961,144503,5969,64868,45079,264510,84103,332914,331242,295373,485545,402975,246703,52867,35024,429396,461862,403605,371768,310968,271357,375895,241552,392821,186405,67459,487061,290295,57919,269234,94563,279104,436018,294840,273648,20792,296842,213257,8511,401503,230485,458911,126739,184729,177578,293202,309097,456823,355484,379356,228535,129905,512524,303262,430743,48568,63551,134687,240935,32427,510923,278876,386866,259093,53502,50188,9146,131687,291172,504134,349806,424699,331099,85437,301909,501239,518633,462986,457946,182641,51229,150895,361017,32262,360426,8218,218975,515836,479798,220295,133287,208910,33073,57982,234052,12449,498719,401434,203499,404077
23,443394,282259,163442,305680,272893,98245,164518,152404,99119,186124,220295,91382,116132,7327,140420,476614,180758,312782,278207,417999,65751,379213,412713,359755,157654,104270,308867,171802,511696,437428,14681,134171,511946,449159,223848,292187,353880,114495,34238,357884,232107,369399,235481,448354,240935,177861,269023,231003,142437,402106,494653,120686,414359,454958,302352,178128,450567,51332,149260,105163,65590,405079,166151,345143,486916,198507,355727,450001,407118,8937,292819,286681,240077,490800,371954,460781,358760,233649,14618,278787,305075,212739,16312,480870,403320,240587,218691,321152,442108,70064,85244,281896,470128,159595,272801,323056,274483,18912,28305,482144,179622,29845,48244,11686,482441,342378,164820,281546,337860,206273,175699,190815,440704,411677,90855,477593,409891,392795,507767,259093,241949,310616,415043,360955,332647,44333,33116,309855,323826,444057,488772,410322,414831,250522,82181,415197,312140,143054,101718,276020,268172,153351,299336,430765,243811,257645,52875,266382,493676,386526,396453,201620,62296,131890,332985,492050,305686,87677,498719,422621,442053,1260,469676,121350,182262,117292,515565,341845,125035,346292,410656,414999,178668,271357,74371,358840,69664,33832,28765,384039,371664,368082,237518,504134,212091,152659,470834,204527,135119,177130,431802,166026,417561,51363,500323,335353,481730,419168,327532,220102,75586,75317,63996,436290,28893,388814,160385,362733,517408,520992,247760,107329,11581,454696,205323,42397,164264,233326,60304,468895,314417,371717,54053,370967,92626,108795,353249,184814,500027,210051,149528,259696,192530,138340,356181,390441,316781,12797,32722,149412,489044,308095,101036,164874,491063,446882,308821,1358,248190,409951,431562,70967,194355,264337,73197,168133,360114,264624,186270,282673,194073,520304,86140,33447,161620,304388,469496,276912,105314,34150,252275,91511,47792,227929,234638,484283,126757,392558,402029,181718,212098,474444,412605,119525,49102,88008,126028,115403,470836,155004,238775,304626,441443,363718,194107,402132,328744,122387,355272,520200,13380,434690,112164,246318,68508,221401,153158,158577,518161,385933,506061,425434
24,464435,281896,155152,188752,392821,249124,454571,390632,426055,58218,327005,298379,20785,371717,464906,278389,31398,404619,52417,30734,330477,69437,209620,444472,35444,331092,58012,474444,27416,361113,323845,329035,183778,443342,340210,35077,11006,495619,312057,85266,493199,81817,170650,229220,448076,310141,107558,308086,108404,233578,22872,250618,252301,287631,142136,301108,418796,470115,223670,118340,54594,187990,160419,106697,223813,114749,147804,165976,144497,146613,891,286590,447257,26642,19748,305471,95739,177130,200648,308821,120265,100670,482683,184596,349644,271721,411542,25299,135652,75308,202675,364194,403307,133690,129810,355727,228746,206972,480206,231741,452606,475800,170111,499275,7033,349991,138340,262276,176041,264972,203647,108167,67111,112976,210068,186636,34237,133547,53502,380784,438614,337442,464735,407957,46355,415197,25893,455332,412894,13262,278207,296170,461010,344068,493457,169233,381218,91999,120753,379965,389247,77282,332842,473732,170062,331726,222487,93349,188980,384275,514357,209507,267,508755,89698,257011,331528,446190,467696,190815,68595,491347,329559,97441,329787,286982,86016,333498,295675,244058,303062,507038,320470,513296,73051,226533,488592,211907,191520,438901,277416,144471,442100,392055,261534,514481,448099,437727,88498,352391,390363,229377,255452,222667,63974,207843,338784,214715,53127,246211,100119,20387,105070,27713,179146,66002,143318,350999,515774,235931,130313,65751,165036,513844,170420,431594,326010,323336,161986,83139,156055,136051,319817,117352,120070,493985,423917,448354,468460,323384,482723,217312,430810,255835,132071,453721,267960,210252,287971,346381,64743,174393,206519,155427,298390,378624,488074,121556,509046,102912,178128,222365,421065,515427,274725,434657,386409,145025,116394,312332,423991,463841,169693,5506,216335,113069,478325,373802,212271,91754,249842,77184,231397,16393,489299,192320,376503,358043,515141,187756,515366,5071,474424,333156,357866,76044,78479,324408,358128,337147,199652,26154,112166,6650,134171,488102,454205,513418,200215,4172,211361,359473,234638,254254,460566,290369,263295,419239,300880,62552,365702,471994
25,108767,175169,37082,431982,421676,12844,395425,123975,50823,310634,7820,29455,357884,69605,383957,433258,29979,123488,249796,441326,166104,219962,136609,323319,329014,244330,296249,34447,426543,259855,96405,302016,116715,400945,504758,236686,247749,279248,496525,60827,517042,12841,254637,390632,375895,245096,87792,299559,502960,170882,210818,30081,13826,507688,354079,522012,191691,92838,86340,30312,463442,505508,302243,419168,438048,302542,266234,29385,161222,295487,112341,186896,404742,49416,500493,383748,482109,514481,150626,292525,144936,402842,125127,424365,514652,75151,345657,320167,395708,117228,360837,185053,37835,192675,320586,443233,409894,345013,36113,210068,471853,159260,209247,474440,181075,496949,230320,402194,116132,112166,164022,321206,97082,131223,27735,399628,149137,80045,497914,360613,174230,282195,200589,359473,165114,421065,227604,363185,100840,89207,402217,852,3125,91010,496104,77459,244356,129859,66581,218451,318839,275719,127543,515488,112746,449294,461528,4429,518101,89092,188638,448276,264859,461017,92305,469798,302552,341971,310790,105058,101036,44818,106175,392717,381218,11307,437727,498632,160554,26276,397769,438487,348723,7033,353801,151169,320019,114776,272293,150603,4166,316959,333150,132696,494300,344074,152915,402399,286354,249777,58264,40272,478907,66910,210142,94520,292769,313271,323530,427089,64036,118801,406506,497029,479981,55167,184675,248364,115841,340770,325493,461166,52962,130313,244829,472837,37201,181128,112448,330365,19367,377586,8520,504134,200153,190207,280303,214247,360822,520138,88443,304637,485983,412890,181269,81639,385067,500807,452664,361957,69294,252371,5238,515864,112285,99307,14960,496735,206215,286458,273648,507381,270791,460781,61199,193641,116111,495458,5969,272215,324378,432738,508848,515784,87216,424699,20772,436804,364076,443348,106418,144976,24798,484504,326280,111327,86456,417561,96038,219815,339664,424529,430425,301593,108718,420951,491139,195183,219429,170227,387384,191688,300554,13157,398316,371768,367712,237417,378414,126819,314686,332126,499275,522411,419003,67190,36756,66576,77423,507209,329787,6650
26,372450,319337,221167,168430,394073,387721,436601,77911,29385,484753,358907,440723,397350,243523,370068,263592,358230,477896,23854,58218,484504,235136,448741,229988,86016,11792,126597,191691,10486,66218,121285,24875,231356,255080,247784,136609,136468,82706,33865,300319,288658,219135,452689,171107,12797,357697,326569,223813,18097,276020,481837,244330,98002,140815,325052,97880,140182,32053,137850,169221,38660,193407,240992,373802,365940,83666,385316,250884,98541,160554,3865,101828,396730,447257,193076,171306,455667,119626,295612,492862,308912,68212,287786,185147,56188,212508,189294,465577,151458,366184,50494,142136,192112,501135,102912,185558,404554,308508,173209,338329,366894,489325,379148,413654,193336,247925,394186,227198,155067,453611,102320,355727,85203,198871,263345,246211,78134,209580,135713,199652,217472,162262,393792,291243,474141,66135,154895,171893,479283,377459,40787,295687,27359,323495,273763,86191,36345,63520,148875,208924,122223,446084,99093,172219,56310,326108,195045,34776,5234,266905,46355,61268,35047,39589,165174,94667,138020,471231,486329,129601,156769,444614,46496,384039,85546,62490,140499,174734,492650,110761,236271,82012,286165,344561,65228,186334,300529,169944,345470,504130,481504,297633,341091,103032,501898,312869,67252,249281,283226,472395,46357,357196,252277,39843,190207,74693,297100,453582,128813,370841,27123,477053,269943,456545,114309,44396,512662,200841,428724,490047,305350,29002,222286,37028,256305,141416,6573,404410,299273,134695,170153,172969,485721,325791,305673,457832,121161,68750,423385,274297,69006,216439,497022,518233,329667,98192,296048,168875,313183,353801,315608,194952,364194,268126,487142,447175,461010,450390,293418,485901,50188,32591,519250,332905,331092,173235,409278,515488,463500,293662,243463,320050,265635,221523,194436,69154,393019,9237,459887,387251,411292,242101,2735,11872,111500,443246,201736,123749,439286,478318,385732,467407,74675,500051,434801,202502,381953,388508,389184,109227,236782,53557,286953,20280,134007,64352,269589,282673,79653,291219,111069,206134,425790,170238,194915,286476,412890,112680,84818,506643,41272,247180
27,499320,231019,72171,475018,316055,51952,286114,102595,254846,202319,277463,63111,295278,211596,201445,174832,73081,96605,38360,186857,288238,141009,501569,515880,381481,367350,139042,33832,160649,424529,515005,50441,309097,67838,372773,130501,160200,309998,470853,352539,413344,131737,340559,92617,403331,54053,205303,178888,132696,72806,166104,366278,110619,267233,152979,349695,470091,469603,358230,206593,125701,265751,472586,243676,379126,309396,185945,132966,234770,395425,462648,392821,468198,270565,485684,409221,471517,490312,81251,128708,28305,58264,70252,522446,443745,163995,199259,318839,463141,106708,325791,96509,307981,370960,512822,181133,438576,281786,130812,458150,363871,225745,100380,61774,442709,68767,344735,466957,298758,24565,15613,161986,286067,252301,95207,57736,360010,35016,406335,475843,284628,437593,456960,47737,143318,373998,454523,5506,92319,238687,212675,237195,441105,158023,13938,212271,311654,403104,433258,101718,163841,448305,398279,1672,446467,14978,22470,491347,98192,522425,269972,388279,472296,89721,209640,513152,430126,215216,58925,492505,407273,275134,244829,502795,438396,436601,116689,374069,163350,217377,303590,123783,82111,198507,102082,450353,453721,480371,509241,209247,368815,253819,159301,375788,461466,510650,247143,39419,219962,442362,205212,354022,79251,318737,88972,480090,121892,53856,213541,389637,424139,211821,143715,2690,52962,339831,506304,136780,291866,443342,133143,503330,196034,230176,221362,43997,166047,234638,500420,131867,501361,150785,401953,489645,137385,375022,273651,46975,6092,105839,300319,69154,7710,407289,508354,136468,310559,358086,120215,156615,20453,508011,35651,515069,508233,512051,482719,325616,411542,256798,127167,40632,262348,224718,20796,73177,361159,435542,45279,225003,12861,174701,416713,249796,413422,164018,205667,397146,55593,180641,328962,372556,472552,173209,103350,235726,306772,61527,411677,476084,343074,488772,394186,17623,206218,390792,132059,271666,351741,120723,334014,261532,400771,470340,184199,507891,217740,222695,133428,316513,135809,410656,126207,73394,103303,74149,460778,95000,291945,245976,383079,257726
28,129557,453673,14228,145728,494494,182566,514880,424699,351010,59897,351471,168982,168838,377628,327065,121630,393780,210601,90855,410993,398670,402654,394684,46763,234638,259093,182262,96171,475477,137190,98324,247398,173644,267903,138061,423985,25306,48962,404806,308615,12063,370646,383561,22961,199326,469647,269581,504758,491347,192490,114571,352307,165256,81413,201633,391996,514860,145607,244318,459101,307696,69605,182523,73256,97063,434705,98725,486986,81167,188777,315142,353801,348800,96558,83468,122329,492588,440137,12463,102482,318685,116132,470813,128076,393792,267309,376423,507623,168789,354865,163841,415301,68795,32581,433675,76311,158861,89141,127859,492081,77128,187859,4270,363899,289518,236996,467407,53275,105769,368082,17623,427093,252556,213717,232837,24565,500466,323253,253307,430765,234052,452877,508968,489290,6650,226466,33865,516730,253799,83529,411284,316172,78098,8511,272517,154820,448354,19367,37411,250772,352391,340915,421352,222863,512149,129164,396254,16393,333498,42625,176281,185859,293447,374780,460775,84362,195685,155099,97791,246474,475869,76044,174056,31029,217446,19426,419825,325151,50976,50441,83647,445398,515372,293717,118822,25704,5247,166903,475251,169693,106491,100517,399628,323495,147986,21837,152233,87996,277135,379356,317436,410376,457768,259239,302622,122051,308912,391118,129954,491063,425816,76617,303393,63288,63333,221713,236516,328578,379118,231741,135119,73081,317829,122042,279779,283254,401174,219904,115825,427756,388519,171802,87894,62694,405610,306628,441725,488950,33150,25313,149398,10297,128176,392026,30771,518787,61774,392797,372450,425024,190685,148191,21284,30685,141135,77165,520256,522736,407957,168720,385711,140679,122806,222594,160649,498164,130500,503160,58792,125035,342499,225958,221274,64352,202675,436989,419124,156710,407365,480625,64664,91511,19495,352453,116370,64443,406085,239091,439742,323318,505693,91999,325362,419885,520156,493985,39947,409951,352907,405878,293345,182720,113254,275612,495437,188951,412894,68750,517750,374599,355319,172969,158577,17176,207144,375184,180419,246516,78514,472586,322798,422858
29,67252,277438,40019,185420,296361,65751,10295,210365,17504,290266,81695,229988,160200,23962,203563,412650,195183,52962,283521,109424,371954,364455,503128,205578,341845,141853,367350,346083,19821,306288,508848,83863,90336,472575,490759,494713,420951,102712,379965,496411,230710,369428,369501,463382,152979,325616,168067,478453,194871,430232,106418,304804,183685,437241,336121,313065,95000,114749,231741,419102,132481,241997,220034,381806,240511,398459,250274,132124,302042,417499,292355,438901,402579,83120,145728,390809,201396,278389,466593,184347,1886,478148,328505,411469,491787,430810,217105,252690,379269,56556,11522,235481,193774,173964,298379,122387,445216,301102,320411,451160,366345,12797,164136,469835,290295,94874,33839,126906,97437,166903,179201,133428,44691,349336,100670,467774,219429,402106,451245,384634,404579,60984,344735,141040,292823,317829,443246,374738,25906,25313,41766,163995,347667,269503,99119,191520,328254,18912,472296,461877,293345,249114,128726,370337,491652,401677,239972,150396,400256,31911,166144,46975,429927,429561,502802,285794,50441,265866,333802,194673,462648,76813,459224,346381,505357,398666,353135,252031,32998,102317,232107,519435,446899,149958,141772,417743,302799,270368,477184,83581,379558,440584,446647,354465,481504,248005,395635,143318,149188,517951,111069,92028,360961,473993,251470,307892,170650,65557,5144,504169,33116,78403,477034,358323,171454,402332,263758,119985,198340,203882,444713,69273,337056,173092,342156,330812,511072,512387,192449,418796,15722,51180,449287,410906,501898,140309,397517,183686,301068,243811,222365,293764,465434,134025,431612,498400,411412,300458,31321,470478,244181,316951,14361,395031,33865,456133,56200,461764,287718,176041,64594,438015,472837,441358,96325,107558,299663,473436,388341,51061,77423,142549,279426,34237,395777,57913,305967,12449,518710,33195,181725,223089,390443,240587,426084,292713,359032,226476,437340,1002,54593,183297,188542,7256,439360,233154,201445,67715,7294,306628,269023,345583,174057,504033,210904,154337,107050,303661,228023,141839,144497,225943,332985,478643,221667,428226,1567,152551,226268,24322,109413,226728
30,493634,499671,452194,498400,299941,176859,306371,275793,486783,9869,65334,473732,172186,439286,153316,206658,26787,319426,471122,319145,96255,492756,239275,200496,381708,323779,209524,94563,103615,416726,493146,127222,324634,332933,383396,102457,428299,344608,309354,179146,444221,141178,140264,304626,357196,383338,406460,432547,305680,134990,475453,251951,293345,68281,417184,332047,84318,391693,185558,400471,79617,454523,411984,156375,452689,11545,487031,177063,284590,143880,30771,426612,195203,105989,342811,115620,158610,490119,31833,86191,1362,297633,221667,245007,456921,336148,191902,50610,493199,145619,124336,407607,447474,22929,491342,4046,286458,45961,34776,522445,291085,238607,198871,190974,141404,466889,346879,339831,511372,176430,2902,158344,18517,343791,172450,237348,416401,21967,512387,267512,203182,494347,295423,174734,173936,440137,439820,110504,136077,305673,332946,58872,510261,331726,521585,489861,448076,249796,326389,147592,347958,271082,230984,143031,138726,309790,185317,192906,508848,263214,488306,193341,184199,219815,421065,438396,226723,288846,269023,160019,517306,52873,84818,446647,221362,171288,259696,418800,49102,70631,471165,363559,25285,164136,420655,6849,374880,444485,234369,475944,52745,24854,327422,439023,167938,437196,283521,432039,19587,470156,333442,131604,240351,61411,173738,206273,165945,379430,116154,30528,126411,168789,256006,203735,50698,448302,332943,242158,237655,448193,23885,322450,346961,402987,278960,208924,401563,396095,392637,306945,337436,312016,193134,356576,340531,265751,195904,4712,172628,205247,290369,200975,154696,275002,125420,320766,230856,226476,471231,459101,340351,516213,255634,164264,266931,417743,129483,102923,240077,482719,429758,44224,177130,302799,320077,395031,85547,145587,310826,214137,118418,486536,258578,57542,305011,492252,485901,444952,512990,323039,87649,228066,454205,43603,120763,412715,66428,132515,72495,62946,442184,302559,253944,4172,223448,286048,100820,101671,148179,305471,97388,225060,507932,127890,377285,11686,268998,382732,159053,142543,437958,91785,214757,290368,199652,470657,268390,17468,324297,192694,471228,193774
31,392047,253846,447474,55757,20554,515784,9869,59221,447777,82447,12844,171107,364076,493527,232327,160888,369428,204178,270181,313230,504336,367044,39589,356393,177387,184576,121662,117263,412993,383827,56610,196766,377459,210314,219135,136780,424781,436475,5159,215811,101282,355307,394389,208681,140224,264102,116687,443348,468287,481938,428226,128401,341738,157666,398852,315579,261965,320077,252277,19624,232457,256277,182813,519126,349368,228785,483610,90083,377203,521256,211435,132481,23537,438697,457517,370506,64657,92626,170111,443342,70848,324408,522252,483,32237,215392,143672,50441,290046,440123,194289,522411,273376,479981,174465,377187,302799,874,161024,5247,176281,455287,420137,518844,283540,271122,304046,108031,68986,494816,187317,56556,321364,305629,44818,133307,299165,293569,44663,151031,91040,107047,389160,320800,490217,424241,428447,144588,523358,402308,321457,482089,487196,422721,137176,124110,185733,431214,458338,191520,407607,222487,121206,263728,359726,508373,495437,244894,321341,466229,31029,234356,401174,475162,13554,97805,133547,469496,102971,309207,359813,294967,315545,195183,416450,349980,37974,146268,312062,304804,111456,23732,411984,413545,97791,368433,1651,475843,190278,210881,407957,287593,286681,519597,419784,248742,138020,164022,402987,243595,385531,299656,328720,465508,229084,93388,237518,379356,92908,354678,461287,470665,501768,77880,302093,101918,335331,337652,498601,108525,342607,132491,513152,489645,415895,189294,393841,399552,314417,252556,355138,307321,203682,449313,154575,44867,20785,12861,470834,47714,165945,326638,31543,189154,514627,236516,47698,484665,105058,376938,369585,229967,432050,262276,385033,271114,423235,26944,270993,388799,418800,88498,382051,484979,99215,138932,351010,144117,82061,476559,231692,278876,284946,6201,475419,62158,378230,107473,238963,282585,195970,25339,31305,198988,453502,234442,401098,115138,424500,91754,242085,454522,292392,11686,430467,255413,474099,334721,448382,69198,10153,330268,45488,121161,144897,470853,258966,48072,517474,391496,480039,165485,83863,360114,44580,123,141772,263345,247803,430019,90024,431612
32,186978,321599,346506,355905,404077,101873,257557,122870,214804,193407,57542,500022,442476,392908,291554,299798,492788,172465,192636,255592,96405,442108,138088,323318,375694,39075,316216,513816,421676,449159,138061,314254,138722,117706,175827,174057,422428,196916,152915,262423,465508,329950,74297,54282,426027,397070,201494,178400,296302,460610,236013,266931,191520,195056,441962,391496,396597,150956,338329,446914,329843,125254,474444,422737,1114,144641,248974,29742,399837,462953,383744,92039,241968,126621,480090,443745,479662,519716,395031,473465,379235,280312,361834,137886,264510,478840,197200,38251,501318,182262,144267,221597,159422,252275,201026,165251,288238,330477,88507,209640,152979,421065,348364,245007,34628,116145,4891,497844,473101,205667,317436,248050,294825,411292,392377,488888,456646,34918,132124,46849,392558,14978,128708,225044,291331,244661,295862,307241,198536,166461,291683,515293,226049,471508,325870,283143,287143,93689,209116,151018,298390,176281,343301,124731,1238,10373,209620,364076,164273,57935,471542,2226,210314,332877,443293,237769,109193,74083,409788,4661,4172,416848,505470,85266,57959,432465,519466,273059,412650,246947,328088,343706,446127,385148,516092,434817,371151,42009,467736,422484,74149,260970,116204,274572,29343,64842,59338,64007,243278,75200,206577,87410,104549,224041,484126,78467,418970,316767,518302,58374,449913,193151,522814,185391,120548,528,33854,328392,164293,49629,182028,321588,210666,188752,40215,29385,78366,410089,391996,152666,107473,236271,450353,508534,418796,150660,26630,116132,129483,381122,232107,41206,247731,468015,363525,272310,11670,7505,63996,293036,94132,175672,33073,44333,462528,4714,25771,322295,138274,385951,287557,204610,120950,435306,49387,96668,181256,73793,19426,143342,78869,5969,263310,500051,297633,432819,257921,308759,323845,134351,137850,122329,182852,313583,147050,354505,355319,452591,96601,517408,189154,232457,512722,35047,92319,42397,387801,290453,356397,119942,30171,74930,77165,357912,296170,456921,191587,88,521074,2735,419984,108167,2938,230711,397072,341845,469676,403683,314700,429863,423985,518222
33,79616,91010,59446,426022,91548,40728,504134,259855,187640,445094,10669,21967,420302,141345,78976,59689,302352,113620,11381,110082,490119,87821,509922,186679,338229,352307,369240,161807,332974,78453,505792,468895,98245,96668,498415,510747,138340,389883,230557,462742,333071,158798,457047,347085,210314,120686,78366,490929,362244,433258,456921,449017,322130,361913,516043,415960,134695,434419,28963,452689,250884,206731,247191,335353,198316,473101,320050,97733,283143,41334,139159,94667,151031,47174,238338,124995,41206,342452,330586,351974,521135,194355,218264,222594,462788,253662,111250,498043,505382,21164,335331,3241,160168,157474,183330,491088,326617,450784,197022,403793,396628,485421,337294,394269,238862,173644,399552,493676,401351,329508,155067,443051,108055,23195,400314,469798,86761,413344,159802,206658,112166,309129,93316,419504,359473,59376,440146,159026,239091,299425,337790,93662,337056,28166,378230,196153,14978,514563,396,86705,165133,48962,443342,247505,98510,392565,286476,112522,79594,485169,271357,170339,315829,28661,134650,210818,243849,205277,520992,394256,332484,19603,264593,20554,386035,87787,304626,442391,139795,122556,183007,162006,393841,431483,443606,75151,502628,106708,9685,194289,438340,149032,83120,4270,491981,247796,342591,179613,477643,293121,428863,49516,20453,372773,32810,461069,515765,282937,288310,376574,269566,425029,130612,247784,97324,207135,53801,516664,256642,476933,81695,410636,431562,23962,272801,239055,29883,225060,272310,149412,454306,1322,283941,484815,185053,462772,70161,126036,404424,110346,372422,520156,246478,503750,485648,255206,156710,160465,500734,177111,229220,415375,315368,104050,494300,238376,388848,475251,209140,449340,312929,7327,212739,225358,173235,444614,206459,212267,232368,428226,79884,97683,170410,53036,170764,250963,125674,479541,467511,367350,449789,309850,208788,231499,299941,455894,168982,512345,214804,337590,404077,376023,178311,337209,505790,968,379759,218193,379678,461862,287322,494960,73725,57913,333762,184173,147986,117000,237856,245830,228846,173630,512408,308388,318371,409012,379027,31,429804,150466,473993,199577
34,25589,108244,397350,37875,279779,207312,344114,44333,362517,141150,490292,302979,187102,462788,482441,372556,313183,448557,118356,352307,66951,332905,455667,493675,158724,121793,8520,198322,4618,277559,110921,118113,472314,142833,449344,54948,246106,245479,341348,325012,115387,126036,91948,35556,297836,216075,429772,237954,256264,43603,221640,496638,217105,360446,135876,102482,426172,52020,423752,193798,410376,76044,368317,479541,463522,10264,38053,34599,195685,59183,358128,206216,69664,137031,115936,352483,10437,270636,45961,30081,399460,505946,132845,472395,325052,490312,448829,401174,166104,124110,50008,49455,410814,164748,307772,371151,52303,204585,236148,255646,258038,190061,478860,319426,272721,270055,55497,46355,418129,287786,203511,38774,186978,385211,165993,1374,31042,505580,130501,340210,347085,306009,303590,513165,18814,118100,317853,366810,432200,85703,482624,417399,265751,435351,147192,233447,441876,498286,318685,88230,498400,169944,475140,286130,363185,105303,394355,73793,159301,39589,518161,158963,368815,309403,500807,201693,181075,457715,459476,93800,81301,338045,186636,303624,31102,117430,375812,510923,218468,58077,34892,257748,348086,383158,278943,381269,38475,256193,147036,431609,462252,222928,129860,41146,360078,130645,320470,363559,63333,100683,129557,12334,247925,115669,256886,489299,233595,468015,63111,258069,218737,16234,426887,199652,304663,285421,450791,25906,443024,392795,137722,121363,221401,401197,210723,342194,477593,211435,328930,8634,168097,150895,284590,22182,601,73578,424139,469748,317436,323038,327186,441725,324836,498639,451884,517289,422621,451160,520304,108055,205303,345425,4661,149948,33832,89207,122387,320819,180462,343221,153117,304828,2208,20796,177167,410964,478449,373147,481627,310968,324208,130612,428544,161024,460141,301102,236893,155140,56610,472063,129930,521539,513482,147567,300958,403854,162351,288846,156375,137359,403090,446706,302697,177217,409788,346713,123969,40632,109471,159026,249777,409278,402399,494347,439742,144113,346290,190013,145664,228390,15971,17818,497787,344814,235467,4172,303343,63974,200215,337562,194107,347958
35,462021,12844,471034,39947,100686,316216,240844,310634,79812,191291,462569,147148,164855,402031,378328,222594,327902,57919,494300,122042,508925,139558,337196,99863,135293,137862,185178,102344,78790,294936,74345,323056,424850,36208,495049,240950,52020,469934,35310,403331,98327,200283,441954,336932,515836,321101,265981,49345,129483,231947,133547,491624,138945,323248,144588,324983,180462,369428,308095,366184,507891,176140,376871,36198,257011,10297,89975,103032,340770,86911,412062,395425,86335,198637,161347,336898,295423,12800,506304,184729,414864,72412,412993,428543,183559,198182,471122,436989,448316,145664,491271,185171,416639,505946,375491,73859,299425,245875,319378,92988,163459,270636,429666,353230,224967,348101,492588,521763,36675,232403,498223,393057,19368,7401,123749,304104,63977,46042,392093,396126,113111,300265,47244,329428,98465,266009,231003,116748,445232,287971,204826,281546,165476,119525,180278,141038,155793,52623,500570,178962,479643,125474,290229,77746,348364,113191,504169,444410,481368,85546,522422,128401,235691,248190,118512,432594,287850,215709,384161,386198,129601,1645,88491,71764,430119,136051,288846,134060,501768,262382,175581,392821,240077,305624,112164,366359,293069,26989,133512,282937,397070,406335,61286,490657,512051,117906,434009,192366,388799,237888,46703,335399,191906,172569,340369,472063,12995,313765,186405,150466,116535,494587,298716,275785,250343,238687,364214,196734,299798,87996,281068,402975,496893,24511,36669,176925,191587,205579,324836,313271,413118,444952,376841,442631,193842,508233,32262,185491,445216,160554,237880,218719,128548,442187,397872,122309,201166,24565,371381,266382,438576,369394,57228,27066,158012,266369,113072,33447,386865,187592,117,130612,181634,455794,76311,2455,388687,352113,166350,226250,181269,98725,198733,135628,62741,259002,197200,321403,396453,254869,166208,260965,120753,192694,483965,402987,231213,154337,84405,106563,172197,331870,183641,512988,69154,292187,201445,142806,44058,294967,248605,112285,255797,135114,204080,302352,31911,512345,484388,236167,294599,177598,455745,63844,217105,123876,56610,505431,83863,122329,94683,85531
36,332440,394982,241591,371768,87929,452956,78479,459032,170882,200841,101918,305686,14228,202286,217377,400186,186270,291486,173644,276421,15562,315893,20387,335042,512345,226750,456731,106876,226476,306493,277295,440672,393780,378599,474099,475338,296249,223604,67715,191520,291219,193474,393356,58067,144551,424139,497520,138726,310826,138340,125445,134965,63844,501619,97545,188951,171670,170153,188777,474531,502628,225943,376752,449294,448116,235429,145607,337147,386019,234632,226072,132071,206658,520984,135506,349336,304974,262848,365919,340102,421600,207729,146708,89636,308101,238014,94936,250274,213661,502633,522364,223089,342268,399552,184121,84653,100670,221523,312057,331262,469603,89280,236137,410089,268864,313932,405383,114571,333442,471034,517042,320508,200648,416401,314604,399771,73787,155557,114980,62141,169406,370661,395720,313183,247143,420944,500680,285073,200296,348723,74160,471433,258137,41775,518222,77880,522240,133797,398427,152649,117660,491871,469735,497598,72874,238607,453502,86140,84324,137568,451394,69154,205303,70335,166104,414752,178190,398048,74083,164009,487246,326702,80045,161808,379678,230320,234097,7550,222204,79856,24038,516101,326021,127252,303235,124731,449487,179591,480413,44058,244885,202532,522107,287316,48079,470340,394974,125035,115138,293345,100119,61268,118512,14182,519577,511068,152861,90336,3054,320549,207004,161264,188752,82994,394389,442918,307653,234835,433203,117906,428543,360114,115167,37948,163862,379867,361957,76024,291524,189113,281068,189158,15866,134990,298758,206273,44931,384634,13259,439424,180538,138487,109138,444221,302622,236516,492650,78745,229377,492691,193810,427067,98465,309093,415375,320586,92038,116459,366184,128358,381505,116154,455552,508373,345836,568,469472,126482,376952,486986,63601,160311,227716,168865,6450,378543,358043,326466,9984,92972,374880,363559,52303,96558,32959,57919,390104,192112,345583,245024,140161,77580,206909,451160,441260,445286,216650,333498,123488,241909,15897,442959,239091,341971,381294,50238,365828,397319,328115,26642,187804,353801,487253,152075,57373,457768,488218,226555,371482,158487,95072,299559
37,284472,520957,468895,26702,473436,161008,462061,141611,482140,64630,171014,448276,448116,347484,490047,292355,165705,329869,304388,318143,199927,350642,173738,90336,18144,96405,177063,517518,238963,84362,121872,327652,306133,178128,331933,325582,494585,146766,468020,423355,414060,367940,421359,73725,144469,107699,244181,58012,507891,336699,291554,498043,158894,56501,329950,387667,516730,512247,204826,170722,287143,415997,245180,255413,15802,379678,470323,69285,73520,206403,56817,37411,245227,358139,192449,488218,301236,505261,172887,176092,292525,2415,265635,453611,376829,395777,282314,142896,390541,67288,18280,203563,319842,203735,284807,16460,425841,147986,138915,349935,57919,438614,151618,338114,391693,45279,310968,327390,255835,59733,155427,250522,277925,344033,67459,144226,205711,449313,302552,256277,87429,185275,68595,490217,97733,166938,270048,437428,460022,450315,56160,523270,473202,287786,279050,42084,233230,417399,438281,420732,257748,432039,496422,397769,358675,443240,51332,160168,328930,29395,37270,139462,412391,337056,113965,409719,417951,100412,313188,98846,512811,254747,43171,44224,505880,323889,41146,129825,403548,59689,284102,280219,218458,477053,332312,232327,282073,444909,48967,4101,87929,486867,135876,154337,134514,225358,105769,41612,162035,273380,185997,167803,396415,271122,347667,384634,44931,48452,212271,326108,77441,351471,287557,321615,423415,269589,197254,194973,355727,374780,494494,382178,211596,464513,221167,243630,261246,405545,298793,187769,332455,271317,272310,184541,506582,63515,360078,429863,70668,512722,361465,337209,476599,360607,299656,457803,378512,208221,413048,428447,421890,350457,371768,366739,304939,243463,20792,164117,365940,284707,243676,432791,375694,232414,304360,209247,484517,316612,518858,218691,75905,416949,508534,101608,154596,31938,304115,246419,176057,450001,377628,392797,353195,269394,92319,375144,204953,396730,293683,168789,405694,513844,25313,157594,360846,192648,302245,731,225958,480413,349368,229429,110921,435792,68986,415496,359032,99580,290969,185923,352122,501619,475179,500466,490826,218307,42935,174810,311668,46355,158960,232556
38,321152,427093,473717,68212,443348,119525,295278,28765,111327,357283,364760,381998,447513,345562,388320,385067,381277,470295,92988,87082,454594,505762,191161,173953,185171,182523,493199,64868,282820,508255,404588,511935,238775,490254,295612,179146,392042,89721,304093,314728,212318,153053,96038,336699,177063,507826,491629,217020,216520,520364,319842,202675,101817,321870,342452,392537,498601,184347,494585,121482,307321,263207,372278,517951,250158,341675,206519,366370,236782,326386,436018,370827,252354,409719,423947,153595,490331,117209,516583,412267,2680,192906,405694,346404,492319,244885,316513,121971,92319,147069,16235,173738,149240,410583,370506,165376,277318,201396,511372,121696,57043,476246,235691,100863,380302,166189,375144,16393,5234,34011,407118,469676,126977,53584,15866,247796,19604,4172,393404,54207,469583,119869,50832,518787,425066,247731,171482,506603,195904,486613,341971,217958,70631,423743,266905,120950,261512,346961,195397,99658,28963,250343,489861,114583,85547,142259,7018,305214,464435,173092,512664,209893,411542,265719,369394,347641,68640,68009,310559,204610,480191,246329,487031,281074,34456,183562,181128,158012,321857,210142,58608,10902,252301,468287,65334,261601,238146,127808,93316,40214,493881,7294,383759,274919,355434,3540,181923,325012,277925,334729,429804,428330,200915,402226,22542,437454,256963,354734,264933,421766,203708,339744,23732,421295,7605,302313,239972,156973,398048,83393,5071,241997,191521,353661,223848,371026,390301,446127,61909,155931,390441,109632,419811,58020,115167,300458,492081,463124,84318,342430,168632,378414,27359,145055,505261,45279,372549,132124,219005,458150,420434,466,201166,287206,189493,246253,62882,432819,156962,467472,105769,47052,343515,315777,519329,179441,338229,486916,337658,2455,186799,376303,96727,233796,286681,231824,504483,129910,436626,103303,98324,378624,163015,193810,93388,27975,331242,469672,321403,452229,487220,264518,449286,121793,378599,313020,446357,402399,139564,146708,115936,446396,496992,339941,72497,22032,522411,129860,268401,127890,129859,409513,288286,244189,42550,233230,238014,305591,259671,158875,485079,482140
39,375353,431929,378509,5573,407607,234369,366879,323149,358495,255472,243243,36515,266824,87787,288238,406173,88318,416200,289985,185859,514499,117198,248625,281758,25150,487751,511174,490774,124504,403950,243142,443496,393426,450690,302042,3950,148402,362879,131360,330268,78735,446768,86272,500834,341381,346398,68117,191691,404424,192906,369585,165151,191119,141416,145960,66606,151031,207042,302313,185491,504924,58845,450620,442476,61861,438935,400771,378100,471396,218934,483639,98327,309097,357697,143204,433061,460434,53071,306371,267512,239320,273651,388508,427701,406460,233625,494891,198637,369869,65278,150904,289550,403320,63303,43948,79673,66278,206273,461764,98846,506459,61268,476084,291683,445396,515564,376952,320766,303235,502633,503303,205141,281068,145619,369399,246086,511332,53587,126621,20255,440584,54646,143715,484661,304626,216864,73520,232403,306945,185523,216214,468460,452073,285932,136540,350108,364073,426495,256886,47989,70161,472292,240587,63844,53666,255653,189316,410844,72319,365763,113899,304556,271315,484484,474465,79856,407959,235564,51714,220582,222667,63158,419825,188711,452825,87792,12735,115229,472314,170227,52587,447138,126906,31102,120433,468562,288534,51180,404619,410969,59124,91017,38047,343423,25704,451837,236921,460338,190516,345367,44266,291866,30608,383299,325065,471122,53036,240218,225943,100278,38053,334892,316653,119928,455031,446706,234632,382490,492395,521,399837,206134,83666,278943,108773,269234,461166,107082,419102,479180,359798,38198,272913,10766,11243,398459,178697,371494,100735,104850,36670,52252,6092,27359,220555,225360,412961,258934,234356,503006,484486,132034,130501,5159,520989,496725,27123,105303,102660,457968,281989,447430,169233,1672,481545,362880,323039,440386,109374,346151,406184,414788,8126,486391,508925,299425,61199,388279,157724,365650,307506,402259,302622,110774,196034,284590,244894,309093,316951,482089,201844,21220,192449,488074,129930,357356,331528,516315,186124,160888,505762,502458,77282,120070,396542,100059,87677,212942,51061,136430,508618,89207,252301,289357,8649,326466,324982,400107,91444,158237,293717,247143
40,507767,253882,147036,286964,89911,34892,156375,1260,307772,336171,251076,153117,515141,186636,304601,494347,310524,358128,309790,101873,479981,191521,356576,148144,455287,181488,141839,46496,338329,426055,89141,407607,414752,493061,84770,147754,135809,397274,490086,456731,491610,241567,419825,144588,89442,131223,325995,237331,82192,512990,101523,467990,38778,265981,101033,3581,401180,368713,443393,511885,245791,231464,368736,195506,418800,140006,322295,34776,430425,260327,409043,422858,284946,344608,51585,136989,400864,162035,64493,426827,135087,177578,81487,362454,118340,305011,7849,41009,285421,185521,203049,284802,471433,290295,14618,33986,482441,163285,43603,467101,433326,220852,195313,360846,4124,53286,86340,417721,381708,110921,120548,520992,396033,228109,483209,177541,153832,113067,36804,409894,99773,435792,173077,157474,225967,325616,340915,285573,388279,319211,411959,27713,54282,22542,431483,356800,406416,237856,250963,236489,504102,287898,36515,170227,78862,210887,121482,336219,224041,318396,505084,379235,354113,448276,66885,117430,383996,468417,331669,251556,50987,56049,481915,306009,159053,173635,457478,323413,424233,114689,216864,456646,7401,340157,440985,375892,500323,276095,116649,356169,500834,221654,350208,82447,274367,316293,14681,133201,117352,350989,9458,394684,205949,505880,25339,470836,411284,246548,345583,199326,92319,118625,423721,124688,444472,82636,304115,377184,521505,208221,98218,323398,192648,245479,296454,117263,505415,111327,508276,155320,42643,164852,295957,48269,115825,255268,475658,407364,484665,367832,258914,382098,432465,278694,383744,22155,286463,436338,354734,93845,417474,36208,362525,257726,236248,315359,176092,177913,158724,231824,342296,88443,132034,498650,341675,137862,516043,470817,42625,120753,329439,199927,396415,418363,155514,215709,197022,396318,128548,136609,94037,144799,386865,305113,479643,390386,60047,370893,164273,412713,420550,151169,20772,328505,126411,420900,214230,248625,508156,205141,298758,187475,166144,454020,217974,343221,40473,392678,79637,380424,28963,388629,322747,5159,96668,143031,159301,485079,276508,23962,115732,83647
41,215334,186124,378100,30631,449026,341381,513482,173898,316077,15181,193842,442392,159436,115620,126028,374516,420073,61204,283413,98608,255990,443749,165313,386541,155741,458880,155099,496525,349368,412890,358869,337326,101718,163060,303393,424019,490800,121418,176281,196327,220285,465083,441954,295653,302697,118801,144471,247381,454687,398316,113072,275339,306905,462648,284725,355006,333351,470657,357328,76999,382497,322705,480371,216407,220034,409610,401038,200153,299077,74371,255807,63996,228846,12463,47989,285802,247209,7605,402217,493199,471396,455608,318987,378002,90855,490910,85266,171802,330752,519204,362733,10437,177102,313539,34931,508214,481080,206273,297098,264189,120703,204424,171306,366278,396484,238216,328747,324065,354505,383769,371026,116086,279640,228199,198182,119433,238131,208773,15079,338604,431719,214125,353259,312253,185923,74083,291424,50198,295888,252354,85546,55167,85670,22739,96899,415139,266369,42550,459658,352391,344068,347085,439156,32053,270357,25857,70861,109368,275032,210142,225757,454205,147284,31133,179697,498415,419124,351745,254254,35586,466275,18517,151802,184782,400424,111698,120753,321364,304648,106050,519170,482224,306288,47677,174955,199744,473550,502802,511122,127217,380395,415524,98465,397070,42643,4772,498369,348376,63751,53779,11533,158894,88954,38360,420434,375152,420190,322051,523358,1305,380302,115947,127025,108130,286964,443342,468189,146292,328728,245373,388629,194270,272517,326617,448382,46528,398666,451022,185350,467439,62490,171655,421352,149398,523104,65386,203882,162351,138932,489861,398986,5849,5991,279779,413545,41299,450784,402029,92530,99973,308981,267,516315,449340,299799,63961,420302,155860,185437,54233,452354,106164,185389,88491,511519,370451,192530,469798,377184,283795,519716,111250,438281,424189,206423,314728,237496,23455,328918,496638,200283,157409,510650,445316,443422,109413,233230,340915,254846,208555,232646,444909,382178,367595,138726,316612,512672,289550,11566,332281,45225,439111,65142,230485,263592,417051,424529,341555,81703,248005,196734,416639,163197,244786,460566,365650,220475,364223,196573,270497,266508,434432
42,209640,53398,159260,293683,163480,409804,450567,112976,30685,432547,187399,283795,190253,6296,300880,115167,173644,85922,129164,70460,236237,26702,385211,448328,200550,223089,1224,32959,312162,258038,298833,365984,403854,255472,478557,221654,53286,516533,368927,436141,347958,327563,415960,385951,334729,409892,323547,513673,153832,319565,155140,475658,193341,519678,398279,98327,119809,145587,172219,57542,52416,149185,30631,82076,258966,280723,134060,208720,425161,187317,493153,416351,291153,352467,270416,393678,264972,475842,509803,485901,246666,63091,299165,297622,312062,213208,121091,64657,290369,392198,301102,452648,156544,437312,492991,142240,208897,16732,126906,462266,324836,418388,143186,167706,287786,416746,23854,106648,24038,498980,322799,47244,519250,452234,481322,162460,122329,189458,284946,24157,153316,73394,301068,196153,203511,238775,16319,23994,222243,21236,484167,390620,82996,362532,428724,418068,287718,329855,431038,246548,396453,47677,62826,444721,251330,417721,481938,183007,33126,429758,424246,114999,185317,226268,470345,48597,202342,456973,253307,472552,38711,377564,35888,312112,105003,126586,426827,109227,175493,424850,279530,373158,41823,472850,344657,207312,309998,118340,22739,178657,25857,54590,209116,62091,354680,493808,75354,206313,275112,203323,503160,5779,154337,11972,24734,132908,458549,42935,337590,91758,461783,23467,394355,146828,474440,257645,342937,459101,329335,333071,208587,145438,489861,69294,364395,14953,185733,120799,507700,304274,521059,211319,68640,140006,224184,286067,122892,452664,136989,156179,430765,264189,39075,469798,356800,403139,348086,22555,101282,379661,327182,319824,213368,320644,55593,45279,519752,477643,372844,54207,353948,33865,379725,165830,406924,7550,357196,187259,85571,198309,383158,113274,24798,102712,117263,155067,406329,487099,136816,100119,467123,287852,193145,96405,435542,441657,25339,377884,161678,267157,105581,352634,290888,244475,276421,436290,220285,279254,29455,226250,240371,207135,124336,216934,285790,198340,435681,56608,147205,236148,87252,357697,40019,77580,307892,393602,152174,27687,29883,32568,269581,362880
43,108536,153117,326569,405045,54593,245024,96668,230176,385067,137190,429604,126002,358675,204080,387219,279425,324009,64295,310755,494245,494334,34637,447070,37464,50549,237087,421221,78098,464513,415496,517306,126655,389637,138487,11193,293121,79812,365828,22719,409151,184606,104566,73859,256763,239650,157099,155793,345819,138065,169944,286354,275002,220034,85522,44519,96465,516315,510689,507812,495964,336447,185322,176041,218895,74675,242818,452073,206451,327182,356576,158487,439742,82076,69320,141839,312025,425116,483065,312848,446899,8634,411475,301909,467540,342292,189966,123450,153351,126028,82706,360426,437087,247925,472314,212942,391452,92206,88008,1305,234442,237732,114861,38660,450001,231397,219846,364760,56049,411366,269353,33195,165741,34599,500442,483787,391118,85670,93381,230710,460295,129825,255452,71544,30771,291465,87031,512149,25771,71764,517481,475162,486536,180392,470665,490774,57542,273380,53171,487724,50198,123,374955,485421,468287,492050,269705,345470,87996,295298,204178,105070,118109,413078,397769,102457,425816,81864,106648,337236,136077,517042,442452,149394,336699,123975,481636,149412,4618,446084,44062,395425,35605,172197,9479,29219,282585,20255,46496,213618,449287,105648,480206,512662,322705,273019,438010,222982,242101,185850,361041,304274,347667,504436,505946,145101,120950,451897,292268,435220,463068,198309,421066,352483,471195,58872,253822,344111,242489,370310,420550,200773,333498,445013,37875,302226,288607,339647,187112,62446,78063,251905,249796,145664,394150,24460,277416,289092,120703,126829,258676,175581,200732,304626,474337,243811,12449,511244,58487,430507,172450,91237,489290,146212,479662,444713,450908,486783,494599,223827,447513,35586,326573,343987,25719,44177,459119,418138,182262,12797,494932,305629,481837,76212,520156,263214,323149,346970,214644,70668,215884,438376,160649,3950,299077,418102,507826,500795,438971,335677,462772,445832,508437,333727,392554,306772,85803,412503,263159,218193,497029,363525,64007,130127,522792,126342,520995,310790,388519,307506,63604,124688,129164,177102,347798,7714,417499,430743,377426,271866,138217,361084,431483
44,247749,236921,179620,370068,126739,89141,100119,133579,181930,56608,447107,158610,441443,26786,205303,66278,518272,224718,487142,468198,304115,206731,263295,352634,228287,465848,137722,164136,252668,49351,19071,361605,127217,385067,276160,212939,480413,174833,191291,466630,350999,94936,440332,321588,134985,75968,507812,257380,22271,109219,442184,275295,385567,353249,448829,340696,236568,419418,342452,282930,220923,317306,383957,487220,388170,67459,493256,15085,86682,164293,310790,310826,235870,49333,224960,273380,189493,410814,166171,31029,260499,154895,381118,307368,60047,312016,231790,304974,369240,443041,214644,493457,145587,337311,98218,510530,244661,297100,160871,161808,392637,303030,304058,214552,185510,176041,29455,461602,144383,169847,263758,337562,511520,225060,367595,389154,504622,164953,322705,452354,99307,521977,496949,55790,482742,349368,58792,494597,281111,399342,337537,190837,381914,488888,177114,450353,507826,344669,77580,397042,355905,77128,22182,267309,304804,307653,27034,283348,503128,155931,181279,476614,349985,362880,243152,163564,405878,327422,108491,51229,163285,229640,205949,412605,457946,320644,428271,319738,269108,356882,361159,521505,4088,270565,105314,76044,464513,208166,52391,256606,37665,424416,88507,458860,420550,9207,522425,42625,95492,373156,371152,173964,126482,333605,512387,379867,155067,118566,157474,506359,327752,410993,426338,138274,235931,266433,299798,85109,371274,489299,354865,401197,398738,271541,200732,485863,225718,287718,12334,66606,359813,122167,328088,497359,157724,83393,112857,100412,236237,291424,358927,469647,102744,364223,450541,96038,255119,83973,395972,306729,143587,457787,301470,147050,305037,70967,336038,392797,173731,111698,62490,401503,127808,18517,117113,505880,42084,490119,240077,234638,282804,258841,247760,50102,224180,277858,50509,425024,140309,35310,141178,519752,141247,508237,185437,117263,133521,298841,267665,86140,172983,196919,301100,74663,64743,82192,325791,238687,96367,312062,142260,374125,17623,502960,356877,450390,127252,120814,505883,182893,402907,415809,500733,422255,3125,321888,246318,308875,160384,140815,357866,99119
45,507891,288243,481504,327078,12334,372804,392322,148191,400424,375400,9377,30734,181625,487246,485863,522003,418388,276160,333150,64823,271082,438942,320028,114583,312140,280668,191920,157474,451626,137862,350208,212225,437837,108167,423917,421065,444057,262271,355138,10013,60047,158960,370967,4772,473546,205277,132481,509440,299450,456545,447940,300958,497598,106869,267871,420732,458481,108295,246253,44461,162351,238862,518222,61861,365591,367940,232890,391402,77100,293346,393022,300880,59861,470813,199326,79055,434203,317503,325616,1672,4429,462528,467838,329078,386541,24460,231790,517474,159410,508501,366359,286496,486727,339960,131463,294234,474322,315893,420684,443393,169520,159076,259177,20203,11530,483721,107977,172628,17176,252031,346961,430792,122038,315777,143100,113311,77282,28882,451862,408207,489520,77459,197932,352657,383651,435249,450791,359813,214230,501898,381294,283886,502143,246614,243520,429863,228199,386865,353607,320819,5573,140309,130324,302352,352907,96734,212267,365457,67950,139071,274176,509493,189088,402029,519716,87252,165060,205270,484300,309129,113069,403915,419983,347085,54233,252936,193864,280723,511222,202352,316018,227855,269413,51061,371414,330858,300529,462018,449287,287593,176057,202746,206218,272226,61073,178948,242101,91010,185275,186124,388508,500722,59376,397769,89724,423985,273059,73989,128548,415513,123,90211,53894,213959,117352,211786,155099,111410,75151,311170,486695,257503,332281,256963,393792,77419,398427,277036,361535,353801,421597,92248,347623,495246,47427,7033,124336,125465,286500,471162,1322,167438,117452,269589,68986,58012,64753,69154,141038,437196,447107,517489,166047,144588,95207,486538,444620,125445,134323,30528,9685,517987,114495,54646,92305,235568,51952,110958,417588,236489,522273,439246,45651,86340,191902,22470,106178,177861,333762,343759,4797,417474,236137,454958,496883,411309,176613,391464,498689,174393,187859,37665,36402,242816,397208,372450,195970,313150,10488,417743,235691,13557,257304,130333,204254,21628,223848,218691,150785,354079,276095,244918,165495,302313,41146,77184,371026,321615,380560,219904,146625,473717
46,92779,212458,129334,33986,185733,480246,229424,76570,115620,276617,271744,9530,489874,6730,182366,7033,491063,377401,381934,453346,354998,428268,13889,310559,508968,154880,297622,47792,446988,118199,428647,239633,76617,22555,320050,259671,252420,286350,196743,364076,157671,159422,200841,36488,8677,402217,210666,189493,148508,300958,166157,79673,71292,88507,351328,184121,423325,139216,268401,349985,28661,501266,191161,368713,308086,6442,5159,378624,234709,7294,313271,471464,424196,360955,286678,64630,393841,85803,204579,511886,69294,19748,185350,523358,308264,351741,213554,325362,244786,125127,172450,17537,507736,465564,74930,388508,11670,2690,225020,208221,3054,455499,401197,89201,490630,520810,43114,513152,206216,471617,131247,426022,125465,384415,457768,179524,178179,163650,7550,260454,306721,23352,193929,419983,191384,406416,149394,480785,380395,293683,12995,104565,387309,344538,364122,261512,500769,410455,194915,281896,480423,72020,245231,243243,204610,496545,392377,434803,306491,514176,493079,400314,107977,130645,510353,213541,347641,398027,135119,504318,367816,293036,485879,314728,281616,65292,469835,356800,345330,4712,128907,66581,398738,158710,402975,383034,240599,134060,476414,405127,199259,207843,344954,175589,78453,236627,231545,469685,378328,355138,292525,218934,404215,212091,4119,52907,20554,411469,135317,185325,337652,177111,240432,240218,41369,442571,232457,9942,104142,164717,164318,4270,248050,508354,31102,191521,444620,247925,401174,179330,417399,86705,15897,250975,39895,248249,452643,64839,347623,360114,373998,267157,7685,282618,464906,475251,242667,170586,67506,339237,512444,182947,354170,299677,289556,74149,69369,429720,425221,402907,1567,187640,195203,179757,471034,514563,21236,222667,92355,295653,179591,309599,331242,361189,174226,301068,85896,30768,128639,380106,87787,62158,52391,222828,213899,49102,277438,211235,349996,236167,66428,467101,121460,512634,302042,123396,65651,15584,213208,104861,278943,117267,31133,434419,52587,60827,183026,401180,375400,502994,60669,233154,423991,422825,501042,452841,35251,134171,366007,114192,294234,379235
47,119098,502633,448305,450716,250343,172280,500795,362221,484388,25844,50188,76570,444201,324983,451862,386807,298892,227198,40215,212267,294982,516950,329869,171454,426607,274297,482683,968,381750,215884,163459,344657,127859,82192,221401,163722,310262,277463,149546,190368,184121,85172,432903,194928,194597,514627,330812,78976,211873,506061,402002,304663,478453,441096,392797,59338,167938,154820,357884,511756,255525,4046,324065,76723,308101,441657,365893,110504,506559,69369,248847,504336,78748,25555,458911,488772,281536,12789,5201,281604,271721,461166,213959,406792,389160,185317,263830,262276,91999,24854,185068,164402,183331,472552,427069,229470,62141,469934,135293,228804,117706,299941,404077,102660,365369,462424,473451,291465,138551,15182,437340,196766,43114,89807,120433,39687,383760,6876,241567,478268,485852,479595,205650,160645,23885,321755,271082,44818,78046,74930,381732,373147,164518,17818,115920,189458,208841,510530,470813,197022,196732,154895,159861,349114,7849,370841,457047,271398,251076,371861,311331,249011,472063,283960,107218,164060,295102,362532,291080,471901,12903,500807,26787,135506,516101,353230,508354,94667,78453,265495,166994,86082,340788,245950,370960,70335,38632,16604,504351,150144,82447,379686,79216,447921,88381,130324,188798,339960,418934,283795,96325,212508,355353,496422,449091,192694,404648,433477,159873,339257,393426,391910,91103,246329,22872,5615,108062,354022,91115,260428,465041,66910,102441,151169,134351,124170,329843,340857,400424,178542,494816,453202,337326,4182,327697,293254,372570,499577,480870,392093,37974,328392,353607,64657,34761,238854,171306,242595,20359,420996,192675,78063,208463,380302,291862,156179,281631,12063,423551,195506,36802,405878,132124,377401,186564,253441,22032,303343,25026,61275,228976,57850,20454,270491,132071,155514,421676,52623,8541,340715,195685,505880,73989,428655,320411,449286,425029,7710,35310,372278,274572,13157,335888,370451,489391,379725,290969,88318,191063,361032,176092,284802,23854,122001,164859,484122,334826,5197,44000,303393,225978,370967,110761,199246,58374,31833,186857,502104,189547,23864,175132,513844
48,178948,27123,259213,237483,518009,274176,40411,134323,213688,429922,497787,263154,400035,344114,104944,36113,47946,353926,271579,266369,34150,236013,217071,82076,352988,312016,459887,355364,2704,26940,496631,466601,101807,121460,350440,143186,462239,288842,282314,55790,494300,445013,457825,388320,79536,320004,197254,14361,219944,140966,187798,451022,192425,310826,198317,409412,98807,84140,488420,459839,344074,77735,249842,278207,66002,203708,331975,9237,151571,282965,90691,339694,171805,187640,303235,216153,166171,276421,226723,350108,141865,515564,67224,403104,498223,462569,10437,101918,397419,153351,18912,39687,283255,449277,480625,96601,292745,68654,404176,410906,444135,386936,116535,127167,340559,170227,30171,79616,387309,456921,403683,96459,429396,368192,75151,50976,345425,264189,306457,92428,399460,163722,292200,38711,192490,359276,372844,233581,164874,63751,511696,342811,346970,70985,288238,142437,457600,520536,245231,263295,277745,220285,91758,316055,385067,163738,240371,287157,392322,113899,295653,170153,26989,411292,76817,155860,100380,370337,507700,115138,391496,37118,412605,126207,18814,73793,418570,272890,462528,241454,65182,147592,272215,27952,203682,310524,455782,305967,502994,78479,390585,471565,314013,130584,139564,444532,61527,416351,411008,310067,247731,142431,133331,47792,59689,354465,81411,358230,313539,376164,52875,302435,455552,418388,514499,370841,505792,103625,346083,137454,210142,231783,512149,212267,29385,465508,163015,100379,866,222487,149185,51287,129164,91948,393478,94387,360426,233578,482324,37512,246516,59376,186060,427684,227716,496352,327277,154880,321588,506559,386024,443246,307636,144211,3540,137163,187289,93845,457832,218682,443745,466309,389355,319817,426887,262423,210666,410993,116655,4006,152649,61461,253732,82192,329035,348989,52020,156055,236167,156973,257521,213368,444646,355434,366894,60473,487833,522163,141853,419984,355353,14953,290969,134025,73787,293717,115211,267309,241809,18517,503128,497693,115387,413115,87821,214137,355307,107699,96302,99973,434009,71690,60888,476614,270448,500323,245096,70631,498814,441443,434801,176889
49,174226,20099,266729,185350,266905,198083,133751,306721,500420,82447,464639,58374,279248,226776,93845,461466,459017,282067,325151,208788,243463,143672,285932,128336,117094,236998,67838,476609,437831,111831,373644,244786,511380,457715,25026,127288,417474,511696,44062,462703,164859,211824,354465,201007,425116,334208,470473,370451,211361,227198,284807,514860,238338,48008,240979,350319,184173,31029,15562,6209,331473,333081,32810,491012,312470,217958,473435,414509,493676,396624,318987,161024,424416,236228,143576,10283,477116,405129,394269,519824,381395,167803,433326,221549,393456,468619,431616,244425,212167,371954,198668,231947,153832,463522,94374,514481,185850,70915,105724,185053,180911,264972,503330,231464,66218,419168,315601,282430,248109,72392,10407,385211,211515,450908,55167,505231,220852,258345,401976,75151,25441,436639,180172,493256,326386,243243,460781,381224,406792,253624,223863,477567,432741,367816,371861,182028,487473,290418,338825,455959,519931,379356,24565,454205,233696,33126,15377,166189,378321,37948,377476,475274,138796,73859,243630,149185,204220,7709,145607,505261,205303,133938,36208,194107,357356,25093,502960,106438,107682,329078,375788,493390,63463,275923,503303,34599,47677,178461,360325,53894,94037,403797,44058,33932,147238,98218,226250,396730,449159,49629,221640,514364,291172,501256,236125,307241,240146,295862,147403,203568,9461,58012,176706,216771,86715,464994,212318,284753,334380,455745,108055,381294,129954,308867,482324,5849,228535,195809,345013,519435,75591,140224,517987,304388,241909,371773,30768,514761,266009,498539,70668,204560,410993,439879,378002,364760,469672,131247,340531,237180,522797,135293,439346,228390,497022,487496,37835,78479,333071,75109,426827,313334,337294,152861,349793,237655,349718,221570,18584,518787,432039,305037,413048,253799,316026,318205,369394,461010,405554,327439,27687,247339,194928,492395,514989,327005,271315,235467,222706,299925,185025,434580,177386,23576,512811,213717,394185,270181,163650,189274,417561,406506,31102,428578,409143,72871,382178,121206,20006,191820,412713,197770,83492,351328,108404,14121,363871,240690,256264,307981,378624,221036
